t,global_true,global_noisy,num_pubs_total
0,318.0848,390.7337499241113,50
1,319.1502,-149.37711467542414,50
2,317.97,187.04627617606334,50
3,318.4732,1254.264972718769,50
4,318.376,-3412.057328490432,50
5,319.57739999999995,-811.7226816535356,50
6,316.6552,650.8855823436445,50
7,317.6068000000001,1161.3723376273524,50
8,317.21199999999993,-720.2049203236695,50
9,318.9384,449.12924181235394,50
10,316.3588,1537.3334370304015,50
11,317.5784,-379.4673778554019,50
12,315.3374,-478.64634846088416,50
13,315.35459999999995,-907.83997579478,50
14,320.454,-337.4312254549456,50
15,313.58399999999995,2835.4473835360186,50
16,316.28740000000005,1097.4731416497311,50
17,315.38660000000004,-538.5787037267021,50
18,318.3478,1119.0634382964636,50
19,317.7828,-163.1859027689635,50
20,319.3198,201.82579618208854,50
21,314.63039999999995,2011.2389227589138,50
22,318.5716,1125.5130195280708,50
23,320.05920000000003,2.3281527447058465,50
24,315.7416,-522.2419366535112,50
25,316.52479999999997,81.74075341833813,50
26,317.116,-3263.812170313991,50
27,317.5678,-229.22304942079228,50
28,314.62379999999996,1030.4918810495878,50
29,317.9506,-2473.81153209865,50
30,316.66880000000003,492.8737329175282,50
31,319.1722,505.3325365333701,50
32,317.81100000000004,-929.5827670115106,50
33,316.80699999999996,101.33855946941648,50
34,315.53319999999997,-1778.8284294803766,50
35,318.59299999999996,1532.893988266213,50
36,312.3164,2925.1262801589246,50
37,317.79460000000006,-1379.190085549351,50
38,315.5906,1530.8731790227125,50
39,317.451,451.0534676364721,50
40,315.0464,845.8540033117138,50
41,318.4678,559.7496736007594,50
42,318.1238,461.1231655980363,50
43,319.5386,-2238.186838739658,50
44,315.6474,-378.25181229268236,50
45,314.6106,389.50527500750826,50
46,320.20980000000003,938.3610707566309,50
47,317.7118,-234.5842988807862,50
48,313.01719999999995,-134.16765838844327,50
49,317.10760000000005,1293.1627252813132,50
50,315.43580000000003,2712.2294412455026,50
51,315.606,1490.3268594488009,50
52,313.0114,49.11371801494971,50
53,318.62260000000003,494.85858163712203,50
54,317.5864,43.13342675187357,50
55,316.9562,8.8736557782359,50
56,316.32779999999997,-509.5679235090665,50
57,315.57219999999995,-279.3262708611643,50
58,314.1184,-1614.6901527853365,50
59,316.5296,325.2674327341176,50
60,316.639,89.16079253527076,50
61,319.23400000000004,483.4875175736644,50
62,317.299,558.0574096919775,50
63,318.0176,-685.6323082810201,50
64,315.07620000000003,1933.1175513356673,50
65,315.92019999999997,2102.0671941883884,50
66,314.45640000000003,497.57779379843873,50
67,317.437,114.07275152881508,50
68,314.87919999999997,59.12921554096886,50
69,314.42900000000003,-401.4086013033021,50
70,316.4694,-156.68188473971333,50
71,314.4136,-251.26684227262615,50
72,317.4552,-528.7913634277271,50
73,318.76800000000003,2483.8419957463207,50
74,318.9658,2281.9266457049266,50
75,315.8206,490.29304006187914,50
76,315.09279999999995,811.9051083276167,50
77,316.6186000000001,8.99450893109281,50
78,317.364,-1036.4082555237803,50
79,315.529,254.88420994945824,50
80,318.0068,332.04752522333587,50
81,318.0068,-1067.637736212047,50
82,315.69199999999995,361.8549930360798,50
83,318.8266,3642.9216802642627,50
84,315.1466,126.64150305460936,50
85,318.5408,-0.4181813047800347,50
86,315.46199999999993,1070.5993287230767,50
87,315.3096,883.8665975432752,50
88,317.56,-56.994125570512495,50
89,316.13860000000005,565.7985973733897,50
90,315.9448,383.3540059676292,50
91,318.5278,-98.72871386967921,50
92,316.37520000000006,-889.2172201404063,50
93,315.53819999999996,-60.105621434154614,50
94,318.2996,246.3232993127776,50
95,316.96439999999996,623.0043115545132,50
96,318.61459999999994,-222.39379626085662,50
97,319.2272,584.4814459054226,50
98,317.46299999999997,-415.07530935023294,50
99,314.3646,617.3253222665774,50
100,315.22180000000003,965.8092705536843,50
101,316.29100000000005,971.6164042707073,50
102,318.189,517.6315055802838,50
103,317.0784,-67.93415489151664,50
104,319.604,722.2469411097547,50
105,316.896,1333.0903414258676,50
106,313.2504,544.0870394997303,50
107,317.6082,2995.331527630777,50
108,319.986,2766.0764657733584,50
109,319.5578,-559.2002120407033,50
110,316.12399999999997,-2140.9949258030483,50
111,318.8206,-589.0127189949648,50
112,315.31539999999995,1817.1360868556696,50
113,314.735,2215.717721036254,50
114,317.512,-372.7698009059275,50
115,317.94380000000007,56.3069197747148,50
116,319.7402,402.91873677728074,50
117,316.0934,-171.4490828787009,50
118,316.89660000000003,251.23692675466253,50
119,318.4666,716.9562012219465,50
120,317.0984,317.6680374359124,50
121,318.9652,771.6722866269749,50
122,318.51199999999994,361.1582556057766,50
123,320.0148,-4383.052301975034,50
124,319.1846,129.99948847604398,50
125,318.3276,305.69554417201874,50
126,315.10220000000004,142.32737996729833,50
127,315.67659999999995,40.1014924353517,50
128,316.212,317.19551542517166,50
129,316.09579999999994,223.18621897144766,50
130,318.41020000000003,-1049.5907563970125,50
131,315.75559999999996,-166.7055584590388,50
132,319.40500000000003,2063.37475417243,50
133,317.8634,-2030.7607632814404,50
134,317.81399999999996,-1702.7951230628582,50
135,315.568,-139.36428239230253,50
136,315.9826,459.94290302407194,50
137,314.90599999999995,3519.3404880834996,50
138,319.7384,3694.8201654925815,50
139,314.1226,3742.6086900479327,50
140,315.49539999999996,-895.45536536182,50
141,316.7235999999999,635.8682727188614,50
142,319.40400000000005,358.7340687482134,50
143,315.3946,-532.9656787672614,50
144,315.9394,2052.6270928536446,50
145,319.3656,-261.6333572685652,50
146,317.9752,5237.232892341123,50
147,314.11140000000006,458.741711857891,50
148,314.6814,-488.19741038720457,50
149,317.7184,112.452070597226,50
150,315.95,-459.49301844985763,50
151,317.37940000000003,160.12098973972275,50
152,315.7262,483.6713118683532,50
153,318.30000000000007,772.4597606714999,50
154,317.85939999999994,296.6059368156281,50
155,315.87420000000003,-67.61367647831258,50
156,317.56820000000005,452.1921189711634,50
157,318.92179999999996,219.7542186971449,50
158,315.2786,51.75969886879568,50
159,317.1046,-36.60216276614983,50
160,319.0996,-381.75973411914526,50
161,316.3452,234.29121802931712,50
162,318.7046,305.54562320450657,50
163,314.0656,1594.2603673611184,50
164,315.7502,806.8064219438104,50
165,315.4236,936.9589461877395,50
166,315.1252,85.91605512970656,50
167,316.96060000000006,17.181485714867335,50
168,317.59880000000004,614.531386378212,50
169,316.4096,755.0599066785169,50
170,316.14579999999995,-869.8336056746821,50
171,322.0832,-737.1514271093208,50
172,317.30080000000004,243.67708805537978,50
173,314.4436,-598.4237640564099,50
174,317.6146,2371.728583040239,50
175,318.514,1218.228101211357,50
176,315.9326,348.8580521830346,50
177,315.98940000000005,-347.1025409476712,50
178,318.57340000000005,-729.3750452859229,50
179,314.82620000000003,2853.579054988348,50
180,317.33119999999997,744.9983599006682,50
181,315.70279999999997,1333.9356782458003,50
182,312.85760000000005,108.26764951205317,50
183,314.7066,-237.1467228802818,50
184,316.19399999999996,-93.9665205721451,50
185,316.7276,1317.554131443824,50
186,314.36800000000005,269.93075433449525,50
187,318.02799999999996,634.3060833187131,50
188,318.0272,1074.3087889701055,50
189,312.94039999999995,-232.09613550732104,50
190,316.8362,-1153.505994026532,50
191,318.4366,819.6071850471485,50
192,321.22200000000004,2370.2543795512597,50
193,312.48380000000003,2217.868421397247,50
194,315.3656,300.01779809835784,50
195,316.5782,562.21596857387,50
196,315.66240000000005,817.5350303229845,50
197,314.60400000000004,1621.6663832702106,50
198,318.71,-581.6809870275363,50
199,318.6508,151.8129672074441,50
200,318.65600000000006,173.61255282781931,50
201,317.5474,714.5361995621432,50
202,317.5204,187.2176525690033,50
203,317.74319999999994,1325.4118186753549,50
204,317.00800000000004,1263.9911717087216,50
205,317.9248,-1252.6931278827515,50
206,317.9432,-86.05779214885581,50
207,314.8756,2875.0633653399136,50
208,316.5242,-1796.679334247841,50
209,312.5562,300.2908902339304,50
210,317.1475999999999,2198.17893932256,50
211,318.3814,1094.868101389341,50
212,316.36199999999997,-107.56200980380584,50
213,316.183,487.2001229690204,50
214,319.0222,200.552245529774,50
215,317.4946,480.94713676907384,50
216,315.6144,1554.6808799561757,50
217,318.90099999999995,410.3703265837516,50
218,315.49760000000003,304.00181022247637,50
219,317.39380000000006,-41.461821328312055,50
220,317.6226,-195.22877795690277,50
221,316.46320000000003,387.14463631268217,50
222,318.2188,-1125.5157132843528,50
223,315.25539999999995,568.4207428607358,50
224,317.09880000000004,1035.8799824436478,50
225,316.55980000000005,2238.4400409559,50
226,314.39140000000003,683.0661057009775,50
227,314.30139999999994,295.34770296137197,50
228,318.4882,294.8039405248928,50
229,314.0052,2481.0757031398857,50
230,317.5676,-371.3144533931815,50
231,319.506,163.9546819871717,50
232,316.9166,3420.2187721555715,50
233,320.8566,-1973.38464038117,50
234,319.027,731.2327136798797,50
235,317.436,-2073.6785266530424,50
236,313.28499999999997,-41.54339819784997,50
237,317.9182,-1215.6454570567525,50
238,316.055,-1368.4477318694767,50
239,317.34520000000003,-883.7940557021132,50
240,316.8546,-549.6409804916673,50
241,315.2112000000001,551.1082119050736,50
242,317.69539999999995,212.50170864786534,50
243,315.78999999999996,1183.102084284405,50
244,315.83879999999994,-272.02954158621134,50
245,319.5063999999999,-454.33892370311565,50
246,314.9222,755.9616170143236,50
247,316.96799999999996,1325.6561116564908,50
248,317.2326,417.7845645705017,50
249,317.0756,737.6115615607514,50
250,313.0462,501.8510063808816,50
251,318.83579999999995,419.6806401743714,50
252,314.29540000000003,1334.9236372398839,50
253,316.27060000000006,1779.893095462579,50
254,317.08820000000003,1278.1749172772923,50
255,314.76480000000004,-225.5862098066102,50
256,318.13,1443.690462143842,50
257,318.4292,207.25894036578973,50
258,317.62699999999995,809.0790726368489,50
259,316.41560000000004,162.7910430223395,50
260,315.56579999999997,-454.9889503239906,50
261,316.363,741.2387821571449,50
262,313.681,-271.38771307417386,50
263,317.66200000000003,1287.9352221356985,50
264,315.8184,1151.5827690472468,50
265,316.0104,357.40180829706094,50
266,315.24219999999997,108.93161466470295,50
267,317.3672,477.84841572106836,50
268,315.35020000000003,-717.2997610222606,50
269,318.2202,1085.0378748170472,50
270,318.7414,2465.2514568740926,50
271,314.8772,970.9194559750393,50
272,316.18899999999996,-273.20580900938035,50
273,319.6696,1380.6447062972857,50
274,319.1962,1085.3657450959058,50
275,317.4126,-1331.1633222607993,50
276,315.13379999999995,-301.8282374084481,50
277,315.9234,474.07062766873986,50
278,316.4285999999999,-716.4346876952966,50
279,317.3936,670.5345099576982,50
280,317.9814,3645.414539737012,50
281,319.00299999999993,-128.58407982811383,50
282,317.5004,907.7240722631725,50
283,316.4498,-1583.2075644418233,50
284,314.9854,-11.302803693009878,50
285,316.08180000000004,2075.423176011588,50
286,321.0233999999999,576.1239468628763,50
287,312.9824,495.2030230904893,50
288,313.774,1866.1822360283327,50
289,318.21180000000004,-491.67975497081363,50
290,317.5314,-2349.7550121654153,50
291,318.11899999999997,-455.6443792042664,50
292,318.07140000000004,353.85475720278674,50
293,320.0694,313.35649159614024,50
294,318.3248,1053.3246245629875,50
295,315.5996,1330.7575304264128,50
296,318.5636,-364.25430034194284,50
297,317.60299999999995,210.35508427002787,50
298,312.8502,176.4425423817744,50
299,316.5338,-1453.4076077606296,50
300,312.808,-2822.1325749076605,50
301,316.7878,1009.8961016602607,50
302,317.572,-159.78693716986118,50
303,316.96939999999995,774.3929860260899,50
304,316.03159999999997,179.1274383547355,50
305,313.83360000000005,-685.7003726020716,50
306,318.001,-445.5184610803436,50
307,319.22100000000006,-53.42197170472855,50
308,316.9448,1070.930059206005,50
309,314.21720000000005,-2628.8734836272592,50
310,314.75800000000004,-1541.7439419879586,50
311,314.783,428.03456110768616,50
312,314.9536,689.193828867279,50
313,317.4824,801.0375100192613,50
314,317.24339999999995,284.07524366775755,50
315,316.4014,70.43466651539089,50
316,318.3314,1229.7293365273606,50
317,316.7002,239.77962594798112,50
318,316.1484,-37.47395164799747,50
319,315.3312000000001,-1032.6890655785926,50
320,320.07000000000005,-1370.3229400886385,50
321,319.0596,-1044.3686880846647,50
322,318.5352,682.3597984519886,50
323,315.7446,674.6158180881735,50
324,318.754,-257.91014381150023,50
325,317.53419999999994,581.3635383410004,50
326,317.67019999999997,-1265.1189831912711,50
327,317.5932,1413.425990400025,50
328,314.00419999999997,-900.1616520304568,50
329,316.55060000000003,-550.952973445361,50
330,318.4602,264.4843883036405,50
331,314.3504,956.5386985339371,50
332,319.2276,1306.4681993120462,50
333,315.9652,-376.56443651654774,50
334,317.6336,-1182.7380598441264,50
335,314.56679999999994,1004.4437930043871,50
336,315.88340000000005,395.7396702576841,50
337,317.34119999999996,997.2001927021864,50
338,316.05920000000003,1782.5949379544086,50
339,315.0012,283.96324031044736,50
340,316.2494,248.76750995642516,50
341,315.8148,492.2905528978795,50
342,318.1172,495.2707613336776,50
343,317.7488,324.7771049302556,50
344,314.14619999999996,-76.37867817645838,50
345,316.3654,385.42716366234583,50
346,317.69539999999995,1834.612496831136,50
347,315.4492,2581.002337855335,50
348,315.6042,128.63405312353575,50
349,315.8314,1043.8607535929289,50
350,321.7486,573.7104197545256,50
351,315.9522,-305.3780900968275,50
352,317.268,-1505.71603479378,50
353,317.4928,-1975.287021702965,50
354,317.971,-804.9588393152469,50
355,316.34520000000003,-339.66682254813253,50
356,318.2128,1176.6748906808425,50
357,315.1142,-133.2015554032535,50
358,318.4108,979.074020943667,50
359,318.71740000000005,326.2177500650149,50
360,319.87080000000003,-707.4144977663046,50
361,318.5176,968.1939042074323,50
362,316.0292,1795.5244066949317,50
363,316.2296,2053.7366094814097,50
364,318.05740000000003,738.635013626416,50
365,315.45459999999997,708.0545837935774,50
366,316.41279999999995,394.59447006624134,50
367,316.7710000000001,74.19265670401026,50
368,311.172,2991.616847360573,50
369,314.51900000000006,-1310.1944246743933,50
370,314.59180000000003,1583.7809453857863,50
371,316.2324,-194.90394751341995,50
372,314.1472,443.17630121369075,50
373,318.066,338.92152762618156,50
374,316.7586,409.0456357331081,50
375,315.4018,594.2931453744806,50
376,315.4938,-477.86022429356825,50
377,316.68680000000006,-170.42213324296358,50
378,316.8546,-654.6944437546531,50
379,318.0226,-1924.6356015993158,50
380,313.79400000000004,2000.1403525010223,50
381,319.20099999999996,26.407297446707787,50
382,317.28139999999996,-897.1935835879448,50
383,319.12,96.04063290344567,50
384,319.25079999999997,108.24388587728936,50
385,315.8128,637.2072856911295,50
386,320.98819999999995,-251.3557113182083,50
387,314.9237999999999,626.9460401489421,50
388,320.3028,-979.3962388975174,50
389,317.8668,458.99452875116367,50
390,313.4942,-920.9354162550236,50
391,315.1046,396.2959174270219,50
392,315.20359999999994,347.44748212760715,50
393,319.68940000000003,-99.07701439173638,50
394,318.5282000000001,244.36047846865088,50
395,313.7882,-1733.91898859496,50
396,319.514,496.03737160553504,50
397,312.851,-5234.8236135701345,50
398,318.55260000000004,321.45962525247205,50
399,319.65919999999994,322.42577290049536,50
400,317.8686,-1369.4624148767764,50
401,316.8784,2156.3417457805776,50
402,317.59700000000004,513.6201288794313,50
403,315.53360000000004,652.8157378917151,50
404,316.76939999999996,254.87314904283488,50
405,318.3497999999999,738.4871512080747,50
406,315.8816,-496.7105522164806,50
407,317.9066,597.7391044257097,50
408,318.7794,435.9267943130742,50
409,318.99699999999996,2230.17945540654,50
410,318.61339999999996,1038.5152924543609,50
411,318.52959999999996,468.1918338236149,50
412,314.8838,240.0591310284648,50
413,318.92719999999997,837.3179843173693,50
414,317.0264,1100.5653789593516,50
415,314.1426,1856.6588496526683,50
416,318.313,1164.4840334321157,50
417,316.61779999999993,-1935.2690070419644,50
418,316.566,947.5978652687204,50
419,318.9256,354.55101648441223,50
420,318.4774,1496.9172090746001,50
421,321.4778,252.26714534922056,50
422,319.436,387.39892936403544,50
423,316.7314,1668.9461292339897,50
424,317.6556,413.24125505528184,50
425,318.66679999999997,-467.6421451914223,50
426,318.42420000000004,678.2371369148789,50
427,318.29079999999993,-2550.9589715390616,50
428,317.32160000000005,97.96506406712155,50
429,318.34520000000003,1086.8925192936908,50
430,314.80499999999995,446.9413767465745,50
431,315.198,-638.5190534927735,50
432,318.47399999999993,-14.290528724028661,50
433,316.86539999999997,2187.8190789239343,50
434,316.7118,-1923.8227193941866,50
435,315.1462,965.3163408449574,50
436,317.08939999999996,-494.1046321841426,50
437,318.7336,-361.45583096517464,50
438,313.1516,604.4478978052721,50
439,316.87039999999996,-678.4547906387247,50
440,316.579,99.14728758446117,50
441,314.36260000000004,147.2353893287457,50
442,315.21619999999996,621.3156091088181,50
443,318.5772,337.7207080281555,50
444,317.6238,289.26315027225075,50
445,316.86680000000007,356.25563196291534,50
446,316.75960000000003,1075.3392796416165,50
447,316.99739999999997,1067.789993608704,50
448,319.50419999999997,-656.0333650124759,50
449,319.3582,3787.909653714296,50
450,316.9054,-1281.9121124927906,50
451,313.68580000000003,4140.321188503104,50
452,318.0571999999999,-800.9622978233849,50
453,315.17920000000004,-1355.7138677891533,50
454,313.23639999999995,732.7311096034039,50
455,313.8768,2354.296695859617,50
456,320.538,762.2755042787903,50
457,316.70619999999997,632.5194077718538,50
458,315.79699999999997,-739.5605201432502,50
459,316.17940000000004,-499.6089815749455,50
460,318.71,-609.4289477928112,50
461,311.153,-1056.4880521597586,50
462,315.57419999999996,2617.6818466791224,50
463,318.9952,334.9306719104204,50
464,319.01959999999997,236.2896263986835,50
465,316.6764,-16.461184406242864,50
466,317.7689999999999,307.3203291757561,50
467,316.62799999999993,-681.4276655511678,50
468,318.5954,-639.6896209688589,50
469,318.79859999999996,1115.665887499237,50
470,316.7846,-372.3473314880238,50
471,316.7905999999999,-1086.389022667117,50
472,313.2522,108.8374280520388,50
473,317.15139999999997,1553.5966909417546,50
474,314.1592,190.9728010507887,50
475,317.1926,925.6622200835127,50
476,317.7214,4045.490422998446,50
477,320.1322,-2252.4583660687085,50
478,317.16639999999995,-907.3480824315615,50
479,317.045,711.807382006929,50
480,320.7592,1536.9054801931122,50
481,315.8872,303.757829987437,50
482,319.0166,-1250.8167855639808,50
483,316.9876,-1068.8632355510165,50
484,318.5208,-920.8449361952355,50
485,317.617,-410.3958540676861,50
486,315.7286,1440.0386189150065,50
487,315.79800000000006,2056.172413373033,50
488,314.79699999999997,-728.90880331377,50
489,318.50440000000003,1329.6353731485726,50
490,314.6774,892.4359882892245,50
491,319.3556,691.9650438202589,50
492,317.1662,1315.1905306740127,50
493,319.0878,-299.08798891749007,50
494,318.049,349.6039878244941,50
495,316.378,15.653215911971188,50
496,315.9658,621.6137571523186,50
497,315.6854,-140.2367023863543,50
498,315.2912,319.2472594110453,50
499,318.07499999999993,-81.89284478735021,50
500,316.9842,405.78205084814283,50
501,312.5178,-593.4138977364323,50
502,317.4774,435.4406557588411,50
503,319.6484,296.45109440888416,50
504,314.21799999999996,-778.8527704880963,50
505,318.611,391.7633593482983,50
506,317.3266,-413.7459536089391,50
507,320.2902,653.0926138808891,50
508,317.20799999999997,416.0497066207375,50
509,316.0472,-296.94590082069317,50
510,315.9134,341.2520532867129,50
511,318.9162,-50.732552905400155,50
512,316.4204,1261.6289102371634,50
513,315.9554,226.98894593149336,50
514,318.81759999999997,-968.0512251525846,50
515,314.3192,1614.7086916894878,50
516,317.4,1313.7262590975877,50
517,318.3438,-127.627037581698,50
518,320.7164,-205.46200765638753,50
519,316.2474000000001,-1299.2264048085558,50
520,317.12739999999997,-45.84512181666503,50
521,318.9892,-1494.1214155471955,50
522,317.30060000000003,2071.4005144768025,50
523,317.846,773.7894779767424,50
524,317.2966,408.1168503988977,50
525,317.85,54.47936722569307,50
526,318.28000000000003,-597.3664042284936,50
527,315.89759999999995,200.72377781058125,50
528,315.2382,-150.44102664938248,50
529,321.2648,2362.874276360285,50
530,318.5864,-984.0479996341898,50
531,317.6552,153.01052740667498,50
532,314.24519999999995,-2957.1023029458916,50
533,315.35900000000004,432.4141444684143,50
534,316.85360000000003,449.90464899003905,50
535,314.6382,-720.2215793782945,50
536,316.442,654.2508576294822,50
537,319.4572,-682.6603064218043,50
538,316.70079999999996,331.6092503826157,50
539,315.56759999999997,72.00217787803837,50
540,317.2502,-240.12900989494216,50
541,315.0876,-724.8171476980203,50
542,317.602,-828.8308837285534,50
543,316.3584,-1488.3841016840581,50
544,316.7434,205.14855631970607,50
545,313.692,937.3722992842268,50
546,316.76879999999994,1284.837600483517,50
547,317.43600000000004,539.6903967660778,50
548,314.976,95.19004301249143,50
549,318.7788,675.5861040561958,50
550,317.19939999999997,-55.57035458391698,50
551,316.26339999999993,799.3122896731552,50
552,318.2002,1730.9163170660995,50
553,316.19620000000003,-1013.2694121843851,50
554,320.8962,641.2232147704245,50
555,318.5496,48.76664054107465,50
556,316.71379999999994,911.5622211825605,50
557,315.33600000000007,2081.2387152134597,50
558,315.79,-327.50087157274373,50
559,317.3724000000001,-1416.3269808433502,50
560,317.3708,586.4247434058218,50
561,315.7392,-1067.044214578968,50
562,318.7106,646.1407197729101,50
563,313.3996,506.48917297770384,50
564,317.8192000000001,-2273.4509819928658,50
565,314.56419999999997,123.53873325418795,50
566,314.9596,247.3969887412141,50
567,317.5098,-2213.394042937993,50
568,318.4716,85.52831223061989,50
569,317.80660000000006,430.2599449084668,50
570,315.77660000000003,-2909.30325734006,50
571,316.8829999999999,-580.5627145360397,50
572,318.446,1591.1881270745462,50
573,316.53380000000004,43.51744994330346,50
574,317.3822,-65.6827836603851,50
575,318.2597999999999,461.86105163502805,50
576,314.0158,350.289258070953,50
577,316.204,1474.438723696978,50
578,318.78100000000006,-167.2513348001018,50
579,321.7812,-87.35929155849709,50
580,321.2736,-65.32924915215813,50
581,321.85319999999996,-957.7030306835618,50
582,319.7656,-102.28175222600476,50
583,317.7152,807.425614689289,50
584,319.86220000000003,15.740968847384295,50
585,315.32460000000003,-131.37780798746076,50
586,315.6408,2266.320779788306,50
587,316.2538,5809.776567128522,50
588,314.4636,-0.3215486531817646,50
589,318.4642,277.6342655406486,50
590,314.92319999999995,1176.3239666970321,50
591,318.932,-973.3913701128097,50
592,316.55719999999997,329.6471365324063,50
593,316.93800000000005,1198.2470035041042,50
594,316.8738,938.5247492020817,50
595,317.704,1117.4433933258144,50
596,319.0652,-1498.5798763740577,50
597,316.7596,677.1056160900032,50
598,318.24640000000005,2407.5726923474112,50
599,314.4958,725.6868479541652,50
600,316.81419999999997,157.75382572768618,50
601,322.1304,-383.2241944394498,50
602,317.7344,2262.4814036575212,50
603,318.79259999999994,152.21067261359198,50
604,320.7616,775.7517797995982,50
605,315.3346,653.4189139304065,50
606,318.36799999999994,1240.6729438234431,50
607,316.764,2022.9081409875407,50
608,316.6804,266.84146358812563,50
609,318.37,-909.7140807022059,50
610,316.04779999999994,430.56305795171835,50
611,317.38239999999996,2883.6136052150587,50
612,315.4954,202.08730088690345,50
613,316.98879999999997,1125.6213125544616,50
614,318.5134,211.23027454051262,50
615,318.42679999999996,1094.7468712765556,50
616,317.3858,-305.20025013434156,50
617,314.95959999999997,158.10515191073372,50
618,317.75419999999997,813.5262791603188,50
619,314.2618,571.1192178835267,50
620,320.01380000000006,938.2603957023534,50
621,321.79859999999996,2270.2172731756527,50
622,312.6794,84.6784099892854,50
623,317.55800000000005,1571.4382946491867,50
624,317.27900000000005,-382.53108605270126,50
625,314.16459999999995,-1340.5235025900497,50
626,317.62199999999996,-271.48342339458475,50
627,316.99940000000004,974.5087111376274,50
628,315.1934,87.33873374046561,50
629,316.764,459.0778649900239,50
630,314.7522,-266.76937975983105,50
631,315.7744,210.8753526611074,50
632,320.76840000000004,-494.54501614404217,50
633,317.865,83.69959131773757,50
634,316.41200000000003,1357.5828468827224,50
635,317.3872,1313.187902657592,50
636,316.5826,2013.8547935946665,50
637,319.15160000000003,152.03514917751096,50
638,316.4646,2989.761127691987,50
639,314.1336,285.80418134828915,50
640,317.9842,1440.7091574369024,50
641,317.0192,156.06856719191708,50
642,316.3195999999999,-41.27721739580653,50
643,316.0038,584.3117222768436,50
644,312.5264000000001,746.5595584074462,50
645,316.13140000000004,846.5263349665249,50
646,317.049,504.6444366735909,50
647,317.13120000000004,1326.647499199587,50
648,317.125,602.2520424298996,50
649,319.6178,-171.89273370008448,50
650,318.25,1327.9546152510525,50
651,318.51959999999997,-495.14325009279696,50
652,315.467,378.1911056428136,50
653,319.41720000000004,114.32558925101324,50
654,314.76660000000004,533.4433091773706,50
655,319.68940000000003,401.46851816731476,50
656,316.3102,256.3486042707644,50
657,317.31180000000006,1163.801891440017,50
658,316.6478,140.1261287818929,50
659,316.80280000000005,535.3072326283652,50
660,316.61780000000005,317.75319465368216,50
661,317.27139999999997,318.6958740975321,50
662,313.48580000000004,510.0080022501985,50
663,316.51699999999994,4061.3361164450275,50
664,319.06059999999997,-242.04573961795887,50
665,317.26779999999997,835.6031482857965,50
666,320.72,1894.112364681429,50
667,319.6998,467.6309165374221,50
668,314.74019999999996,1460.7593071955491,50
669,318.8224,706.5826250351039,50
670,316.1428,34.03807581742194,50
671,318.8166,1139.2523240652374,50
672,316.1898,-280.7618283908557,50
673,315.99739999999997,1799.181109121133,50
674,315.3116,1769.9478444218005,50
675,314.4664,554.3364400526756,50
676,314.7386,334.5386033257304,50
677,312.947,-96.10954022734484,50
678,319.8006,237.39813887523127,50
679,316.3552,772.090152945117,50
680,317.4254,-119.15461513911788,50
681,316.06379999999996,-382.3520366066587,50
682,315.4418,-50.29277337842149,50
683,317.49739999999997,444.19635214743494,50
684,318.3766,256.0527316817944,50
685,318.0128,322.2135121210455,50
686,314.724,294.0455077959803,50
687,317.9896,971.9690363883532,50
688,315.9976,117.50721348548055,50
689,313.8436,929.9877541618932,50
690,312.2130000000001,1339.0199194470056,50
691,314.5222,-630.462150749362,50
692,317.75840000000005,527.5871722441703,50
693,316.9684,338.4240443077089,50
694,316.7654,3389.691949194961,50
695,313.9766,-1124.3231385843733,50
696,317.99580000000003,757.8428208174239,50
697,315.31540000000007,-168.34126631096325,50
698,318.49399999999997,3993.312840817084,50
699,316.5344,41.928766076130785,50
700,320.4398,-1063.7117525606127,50
701,315.69539999999995,3032.681274308103,50
702,316.484,282.56371153182175,50
703,317.5328,288.4787769115186,50
704,311.90819999999997,355.5498848088485,50
705,320.8194,2059.1087287031983,50
706,318.2958,303.2819552610536,50
707,314.4386,-1932.8202775923337,50
708,317.0736,1955.0601432538383,50
709,314.1034,859.9641563367402,50
710,318.2478,812.4168774590183,50
711,316.2432,-930.1357322477289,50
712,317.68679999999995,923.7587801522885,50
713,316.5192,746.4713209050517,50
714,319.11940000000004,1810.9773681633126,50
715,317.45179999999993,332.09925778441783,50
716,319.40779999999995,761.0314206933572,50
717,318.17560000000003,1402.3118797960487,50
718,314.89759999999995,195.46962528760943,50
719,315.69980000000004,294.8359941498568,50
720,320.69899999999996,-806.2520839132811,50
721,314.9106,-459.08890329796594,50
722,315.1182,493.1142701185567,50
723,318.3184,-95.48491760102775,50
724,315.60900000000004,-489.8739399110751,50
725,315.1318,319.99083101937777,50
726,319.90260000000006,2172.757262246668,50
727,315.67819999999995,-296.6205609378071,50
728,318.3374,838.6590691044753,50
729,313.8256,906.5914760198749,50
730,315.70880000000005,923.3315026878686,50
731,313.3642,1825.7000686475124,50
732,318.7504,-31.28810391825698,50
733,319.0594,673.4506471588263,50
734,315.88960000000003,-538.6389935030202,50
735,317.6548,752.2620754139534,50
736,315.8364,298.56879281426046,50
737,317.56080000000003,218.77971513531594,50
738,315.28239999999994,592.8336456050985,50
739,319.7356,284.46303821313,50
740,318.0808,978.4498619707174,50
741,314.4292,423.6064947133773,50
742,314.6554,1273.3681153536577,50
743,316.05379999999997,-10.350884145438897,50
744,320.78279999999995,697.1399468836407,50
745,317.5589999999999,-64.02915952460955,50
746,318.2905999999999,628.6944516982702,50
747,317.05460000000005,41.877651293755264,50
748,313.57959999999997,-1365.320069693063,50
749,317.80039999999997,222.60866267861925,50
750,319.62699999999995,750.8036744936301,50
751,314.42600000000004,-216.69745616745467,50
752,316.70919999999995,532.8198211488404,50
753,319.43100000000004,-811.499614376329,50
754,317.409,574.2882593947402,50
755,315.90479999999997,-1403.413261902836,50
756,319.78139999999996,-1561.2339096149335,50
757,313.5226,332.86587266664174,50
758,315.6644,-94.82487866682379,50
759,317.38599999999997,23.85831170279971,50
760,314.256,597.809230970931,50
761,314.44300000000004,2138.918263822393,50
762,316.22499999999997,342.6434535919246,50
763,316.0978,761.7147595630945,50
764,316.7396,468.0449522366366,50
765,317.2582,128.5503745477203,50
766,316.39939999999996,653.2276178511031,50
767,315.925,-280.7377880351052,50
768,316.05680000000007,1269.74038972293,50
769,318.39419999999996,-110.59393813963794,50
770,321.4028,-815.9266997262416,50
771,319.1436,200.68541283041213,50
772,318.199,-168.98830682850655,50
773,320.2874,-161.69618700893113,50
774,319.82959999999997,587.5424866971782,50
775,315.56979999999993,231.12551184098584,50
776,315.8858000000001,1674.3679786047253,50
777,316.1948,956.414357907847,50
778,318.1204,7.499496950625883,50
779,315.86740000000003,734.5656772070711,50
780,314.96299999999997,-275.1556764416207,50
781,316.23300000000006,-396.4171537629087,50
782,316.91179999999997,683.9250202677933,50
783,316.9128,171.11050749320202,50
784,317.1322,-435.2876250896354,50
785,317.379,119.28567892101194,50
786,315.8872,-983.5638239715805,50
787,316.6622,-34.0316876820778,50
788,320.1494,1527.6651838813955,50
789,318.5242,2045.6156407345793,50
790,315.9136,618.5144517114512,50
791,315.9764,-434.73509928552096,50
792,320.497,362.6756290559671,50
793,318.02220000000005,-62.32115032848884,50
794,319.35319999999996,413.2068251990328,50
795,318.7028,377.6713704753662,50
796,314.8612,256.99890842077986,50
797,317.5044,931.3342015163421,50
798,316.5628,1505.96369014058,50
799,313.0676,1175.2187419061925,50
800,316.7286,2314.501395865365,50
801,320.858,1702.2108356830097,50
802,318.0066,-825.8575354685374,50
803,317.9516,-861.4944743032771,50
804,319.1106,4402.629607207969,50
805,313.5322,-1706.884213612443,50
806,314.8384,1330.7219281937228,50
807,313.14160000000004,255.95344945695624,50
808,318.522,-120.02775832572792,50
809,315.74260000000004,818.4214280076617,50
810,313.62859999999995,267.8514290704755,50
811,319.04339999999996,69.53742506669144,50
812,320.607,-1210.6096867405738,50
813,316.967,1139.6629129852422,50
814,315.6154,296.2089746270298,50
815,318.5034,895.9450789393441,50
816,318.5094,79.95290427698359,50
817,314.638,-179.77944447126913,50
818,321.046,827.7258108527815,50
819,313.9568,1259.0191892327018,50
820,313.03159999999997,945.3211269840372,50
821,313.9148,-995.8357722379135,50
822,316.96860000000004,-58.04980758035833,50
823,316.90840000000003,-1459.197427433881,50
824,317.3526,4268.271773322077,50
825,318.1748,-509.4399885370989,50
826,316.7694,78.54253993815999,50
827,317.7296,52.55080535024592,50
828,315.30620000000005,-274.604003085216,50
829,317.3888,-439.4981349884195,50
830,314.53520000000003,784.5763390524625,50
831,318.41460000000006,4254.289186324153,50
832,315.2108,618.7705188788676,50
833,314.7876,-460.7940296477175,50
834,316.6798,1034.066438605342,50
835,315.77559999999994,563.4970999812256,50
836,315.7686,-1380.7801745103184,50
837,316.7262,234.63381798219058,50
838,315.07640000000004,132.86418770523915,50
839,316.6272,245.54074016721518,50
840,316.5464,-531.1419168540565,50
841,311.4718,404.9869492223136,50
842,317.1242,663.1689041182069,50
843,317.49519999999995,1163.906945081444,50
844,313.39119999999997,880.7322797309184,50
845,314.862,-1745.3617157336407,50
846,318.44560000000007,1032.1677380320286,50
847,316.21459999999996,610.5924027378455,50
848,316.13559999999995,504.69990209107874,50
849,317.05640000000005,-4834.018908558293,50
850,317.89799999999997,-2594.796518662014,50
851,314.283,-664.4870040743656,50
852,319.658,-186.36330368343062,50
853,315.35579999999993,-1374.2886078090755,50
854,315.1424,-214.5931678637907,50
855,318.03779999999995,-306.456840762743,50
856,317.408,1153.0881510693403,50
857,319.31140000000005,-406.33741936968886,50
858,319.20860000000005,1468.2172016431841,50
859,318.4784,-359.06578781565594,50
860,317.96819999999997,-1042.8577978535623,50
861,318.69759999999997,859.9052249014552,50
862,319.1208,326.09516907106905,50
863,313.8148,465.19901678035825,50
864,316.6436,63.02324773943158,50
865,317.3488,407.4430459301421,50
866,314.6282,1100.763672134091,50
867,317.4778,-700.4762363390339,50
868,316.591,-183.42577594787252,50
869,316.6752,838.4285023592236,50
870,322.1284,-159.6512076692277,50
871,319.75100000000003,492.01326781664426,50
872,317.89160000000004,6.113779844736484,50
873,318.4038,-1236.3642227548492,50
874,317.44860000000006,315.2004451968949,50
875,315.9122,764.1807044779773,50
876,317.0838,3499.1238353004155,50
877,319.5478,-72.84139417554803,50
878,314.96219999999994,197.6809247517332,50
879,315.5192,396.58488557700707,50
880,316.98639999999995,480.20621280621594,50
881,318.6846,-907.7831022866524,50
882,322.629,791.6519504732689,50
883,318.0714,-123.76093257468233,50
884,317.47760000000005,753.7988075266832,50
885,317.2074,-190.9447965333827,50
886,318.317,-15.814103903409091,50
887,314.7742,-627.6656710382613,50
888,315.3432,-78.16496499158012,50
889,312.2916,925.1879194275025,50
890,318.96020000000004,446.8098892251762,50
891,315.5944,2613.2808186433326,50
892,314.3384,701.553896227108,50
893,318.2488,304.30764287367685,50
894,314.6252,173.1472673229041,50
895,315.5794,2205.0810575087917,50
896,319.7412,-674.8593615767311,50
897,312.818,347.4953194486035,50
898,314.2694,1519.4095908395998,50
899,315.6986,791.9812966706244,50
900,317.15459999999996,608.0620037953408,50
901,315.6644,442.3188518235677,50
902,318.578,-476.46603230607207,50
903,316.2106,522.9803173548515,50
904,316.9262,-1180.2333768868202,50
905,314.7672,642.5734878628962,50
906,319.39799999999997,-296.6945105154329,50
907,315.43640000000005,-327.86781206199964,50
908,314.40040000000005,-1158.5377761750788,50
909,318.4022,366.2924687635039,50
910,318.94399999999996,-110.77189870241443,50
911,315.45860000000005,373.07541325197127,50
912,317.2606,311.86559759430884,50
913,319.288,214.67923582094534,50
914,315.3464,155.935905791955,50
915,315.709,-205.55433390239847,50
916,314.60639999999995,-1062.8087299838455,50
917,315.6142,1075.8506465007563,50
918,316.0276,-612.8291628156393,50
919,321.62780000000004,1729.1497157073072,50
920,315.83639999999997,225.5976821521018,50
921,317.7548,232.40054171598263,50
922,318.8568,-1129.462917621317,50
923,317.2214,716.5852361554383,50
924,318.29380000000003,-388.87286737435807,50
925,317.71760000000006,-1004.9683245638679,50
926,317.47339999999997,787.0938438595512,50
927,317.84000000000003,126.53381281729358,50
928,319.1342000000001,480.0697597435391,50
929,316.85420000000005,337.54280951222285,50
930,317.63039999999995,-2085.625037009861,50
931,319.04319999999996,915.5885796779523,50
932,312.9808,-192.62532547848951,50
933,315.6254,2845.1244119414155,50
934,313.92199999999997,2135.2376899549827,50
935,318.3318,798.5527924144503,50
936,315.4674,795.2075019558499,50
937,320.0088,-1508.9702837461118,50
938,315.9832,482.7174361972563,50
939,316.14140000000003,771.8284800134452,50
940,319.1798,-1664.7946354529745,50
941,317.58160000000004,294.6123245243675,50
942,313.3574,3222.3420067468483,50
943,317.1584,-1560.4669370320412,50
944,316.14000000000004,453.43897693103634,50
945,316.3926,-1238.8716027710893,50
946,311.3586,-152.0913149656987,50
947,315.15979999999996,728.6933130214269,50
948,312.4954,-587.525763001569,50
949,316.2542,303.8163917316093,50
950,316.75800000000004,2235.078737087192,50
951,317.325,474.82851961583015,50
952,317.5,509.3794961700703,50
953,318.8366,1384.1999935432282,50
954,317.34540000000004,1968.8041108405132,50
955,315.7928,-679.152091314065,50
956,320.349,-152.10270813455327,50
957,316.2888,-790.6889391912468,50
958,316.29900000000004,1490.0997869212374,50
959,317.3682,1165.209699115037,50
960,315.12,4058.8420939657576,50
961,316.6142,1107.1427439336558,50
962,318.58399999999995,-828.8247835879373,50
963,319.05400000000003,1909.703186393951,50
964,316.074,-3100.4066376376377,50
965,316.888,380.8090065266677,50
966,318.57320000000004,984.5062707852176,50
967,317.4596,1520.5801423545395,50
968,317.16400000000004,-77.28841100927059,50
969,319.60119999999995,592.8670253681889,50
970,318.41779999999994,-791.1340369419322,50
971,315.58979999999997,511.4601462196137,50
972,312.6968,-463.48504742828237,50
973,318.22560000000004,214.25858693172626,50
974,316.40520000000004,2578.21288440837,50
975,316.2602,-1278.7296201172562,50
976,317.2958,-395.3083952485721,50
977,318.9445999999999,331.1523771651408,50
978,318.73879999999997,-696.7810180073358,50
979,316.10939999999994,1932.9069091069414,50
980,318.49640000000005,510.21039411810153,50
981,316.4878,252.4416176636342,50
982,316.0626,1055.1265479414271,50
983,321.1462,726.3669368043362,50
984,314.69079999999997,851.9789184742114,50
985,320.4546,-23.768687141746852,50
986,317.16139999999996,-507.07478992346114,50
987,316.43940000000003,-2524.1633592927046,50
988,317.7724,-915.2793047817802,50
989,315.6014,-168.35615237417335,50
990,316.6544,528.9146080275087,50
991,317.07180000000005,2121.3158741008497,50
992,315.5158,1656.5967483108593,50
993,317.4754,2447.0355379946354,50
994,319.38719999999995,5.240067419540139,50
995,317.341,617.4521156672707,50
996,320.74879999999996,-111.02703907631508,50
997,316.7864,-641.7693649546122,50
998,316.3244,-1768.0979968892484,50
999,315.43559999999997,489.8882568897954,50
