publisher_id,t,true,noisy
cell_0_0,0,0.0,
cell_0_0,1,0.0,
cell_0_0,2,24.435895690008063,19.63694063351234
cell_0_0,3,0.0,19.63694063351234
cell_0_0,4,0.0,19.63694063351234
cell_0_0,5,55.88293041200885,605.9788005836797
cell_0_0,6,0.0,605.9788005836797
cell_0_0,7,0.0,605.9788005836797
cell_0_0,8,0.0,605.9788005836797
cell_0_0,9,0.0,605.9788005836797
cell_0_0,10,0.0,605.9788005836797
cell_0_0,11,0.0,605.9788005836797
cell_0_0,12,0.0,605.9788005836797
cell_0_0,13,21.143661842276124,1110.591073366397
cell_0_0,14,0.0,1110.591073366397
cell_0_0,15,0.0,1110.591073366397
cell_0_0,16,32.70315419384916,-630.2582764805795
cell_0_0,17,0.0,-630.2582764805795
cell_0_0,18,0.0,-630.2582764805795
cell_0_0,19,67.3111596766847,-20.140603285130936
cell_0_0,20,0.0,-20.140603285130936
cell_0_0,21,7.826150732085058,-768.1088479755747
cell_0_0,22,50.588270635152575,490.46521204125037
cell_0_0,23,42.47303725124968,3171.7049158032687
cell_0_0,24,0.0,3171.7049158032687
cell_0_0,25,0.0,3171.7049158032687
cell_0_0,26,0.0,3171.7049158032687
cell_0_0,27,38.39600264338216,-659.8476668891667
cell_0_0,28,0.0,-659.8476668891667
cell_0_0,29,0.0,-659.8476668891667
cell_0_0,30,0.0,-659.8476668891667
cell_0_0,31,0.0,-659.8476668891667
cell_0_0,32,0.0,-659.8476668891667
cell_0_0,33,0.0,-659.8476668891667
cell_0_0,34,10.501695127830846,-92.37045356600312
cell_0_0,35,0.0,-92.37045356600312
cell_0_0,36,0.0,-92.37045356600312
cell_0_0,37,0.0,-92.37045356600312
cell_0_0,38,0.0,-92.37045356600312
cell_0_0,39,0.0,-92.37045356600312
cell_0_0,40,0.0,-92.37045356600312
cell_0_0,41,71.08791237825284,210.81128407993268
cell_0_0,42,59.18372105270303,-447.81791258275655
cell_0_0,43,19.661751628509784,-353.0705253667584
cell_0_0,44,0.0,-353.0705253667584
cell_0_0,45,0.0,-353.0705253667584
cell_0_0,46,0.0,-353.0705253667584
cell_0_0,47,64.61485827512182,-696.4819022766442
cell_0_0,48,0.0,-696.4819022766442
cell_0_0,49,0.0,-696.4819022766442
cell_0_0,50,54.09707046906004,-951.5771121848409
cell_0_0,51,0.0,-951.5771121848409
cell_0_0,52,0.0,-951.5771121848409
cell_0_0,53,0.0,-951.5771121848409
cell_0_0,54,62.08847481661675,681.3403762876762
cell_0_0,55,0.0,681.3403762876762
cell_0_0,56,50.654714492534616,-1255.0842216404956
cell_0_0,57,0.0,-1255.0842216404956
cell_0_0,58,52.93625675208699,-321.26383922825266
cell_0_0,59,0.0,-321.26383922825266
cell_0_0,60,0.0,-321.26383922825266
cell_0_0,61,0.0,-321.26383922825266
cell_0_0,62,21.788570653937622,63.21113399267156
cell_0_0,63,20.872626276236677,1437.6754317839252
cell_0_0,64,23.591986878782837,-686.694546674382
cell_0_0,65,0.0,-686.694546674382
cell_0_0,66,0.0,-686.694546674382
cell_0_0,67,0.0,-686.694546674382
cell_0_0,68,0.0,-686.694546674382
cell_0_0,69,0.0,-686.694546674382
cell_0_0,70,0.0,-686.694546674382
cell_0_0,71,9.72991673269263,-64.03716845508443
cell_0_0,72,0.0,-64.03716845508443
cell_0_0,73,0.0,-64.03716845508443
cell_0_0,74,0.0,-64.03716845508443
cell_0_0,75,0.0,-64.03716845508443
cell_0_0,76,0.0,-64.03716845508443
cell_0_0,77,0.0,-64.03716845508443
cell_0_0,78,62.806356953652184,400.6274480859314
cell_0_0,79,0.0,400.6274480859314
cell_0_0,80,0.0,400.6274480859314
cell_0_0,81,0.0,400.6274480859314
cell_0_0,82,0.0,400.6274480859314
cell_0_0,83,36.23420891233325,21.284415822498115
cell_0_0,84,0.0,21.284415822498115
cell_0_0,85,42.38096028204343,742.9889759727129
cell_0_0,86,0.0,742.9889759727129
cell_0_0,87,0.0,742.9889759727129
cell_0_0,88,0.0,742.9889759727129
cell_0_0,89,0.0,742.9889759727129
cell_0_0,90,6.740431827935742,-302.03646848917424
cell_0_0,91,0.0,-302.03646848917424
cell_0_0,92,75.74608522998757,-1024.6466712098177
cell_0_0,93,0.0,-1024.6466712098177
cell_0_0,94,48.00370247491395,-7290.912704673604
cell_0_0,95,0.0,-7290.912704673604
cell_0_0,96,0.0,-7290.912704673604
cell_0_0,97,75.03715786563463,418.0688917508963
cell_0_0,98,70.72513749244497,2175.9739374422775
cell_0_0,99,0.0,2175.9739374422775
cell_0_0,100,0.0,2175.9739374422775
cell_0_0,101,0.0,2175.9739374422775
cell_0_0,102,0.0,2175.9739374422775
cell_0_0,103,0.0,2175.9739374422775
cell_0_0,104,43.929674236387406,-1735.0190120454683
cell_0_0,105,0.0,-1735.0190120454683
cell_0_0,106,0.0,-1735.0190120454683
cell_0_0,107,13.247295370287624,-393.3419395564689
cell_0_0,108,0.0,-393.3419395564689
cell_0_0,109,0.0,-393.3419395564689
cell_0_0,110,0.0,-393.3419395564689
cell_0_0,111,0.0,-393.3419395564689
cell_0_0,112,0.0,-393.3419395564689
cell_0_0,113,74.54168611308017,347.39009754029775
cell_0_0,114,0.0,347.39009754029775
cell_0_0,115,0.0,347.39009754029775
cell_0_0,116,77.84024017312464,258.6480894839281
cell_0_0,117,0.0,258.6480894839281
cell_0_0,118,55.44952569057893,479.49166561740765
cell_0_0,119,68.22652465292018,2094.3767509875956
cell_0_0,120,0.0,2094.3767509875956
cell_0_0,121,0.0,2094.3767509875956
cell_0_0,122,0.0,2094.3767509875956
cell_0_0,123,0.0,2094.3767509875956
cell_0_0,124,0.0,2094.3767509875956
cell_0_0,125,0.0,2094.3767509875956
cell_0_0,126,47.70751225855003,79.77364170917943
cell_0_0,127,0.0,79.77364170917943
cell_0_0,128,0.0,79.77364170917943
cell_0_0,129,32.017507503272974,572.6830147111468
cell_0_0,130,0.0,572.6830147111468
cell_0_0,131,21.230457685290496,691.8013517548202
cell_0_0,132,0.0,691.8013517548202
cell_0_0,133,0.0,691.8013517548202
cell_0_0,134,0.0,691.8013517548202
cell_0_0,135,25.241218032573613,958.8241391726701
cell_0_0,136,0.0,958.8241391726701
cell_0_0,137,0.0,958.8241391726701
cell_0_0,138,0.0,958.8241391726701
cell_0_0,139,0.0,958.8241391726701
cell_0_0,140,0.0,958.8241391726701
cell_0_0,141,0.0,958.8241391726701
cell_0_0,142,0.0,958.8241391726701
cell_0_0,143,0.0,958.8241391726701
cell_0_0,144,0.0,958.8241391726701
cell_0_0,145,0.0,958.8241391726701
cell_0_0,146,0.0,958.8241391726701
cell_0_0,147,33.75896007052987,126.01966518346538
cell_0_0,148,0.0,126.01966518346538
cell_0_0,149,0.0,126.01966518346538
cell_0_0,150,53.35859057368443,2612.31888870249
cell_0_0,151,0.0,2612.31888870249
cell_0_0,152,0.0,2612.31888870249
cell_0_0,153,75.20015167659571,230.82209448237643
cell_0_0,154,17.88263550191962,-432.1317038241184
cell_0_0,155,0.0,-432.1317038241184
cell_0_0,156,0.0,-432.1317038241184
cell_0_0,157,0.0,-432.1317038241184
cell_0_0,158,0.0,-432.1317038241184
cell_0_0,159,59.052556018398334,-529.6224592802027
cell_0_0,160,0.0,-529.6224592802027
cell_0_0,161,0.0,-529.6224592802027
cell_0_0,162,0.0,-529.6224592802027
cell_0_0,163,0.0,-529.6224592802027
cell_0_0,164,0.0,-529.6224592802027
cell_0_0,165,0.0,-529.6224592802027
cell_0_0,166,0.0,-529.6224592802027
cell_0_0,167,66.03516181720809,-280.57309641447625
cell_0_0,168,0.0,-280.57309641447625
cell_0_0,169,0.0,-280.57309641447625
cell_0_0,170,11.75665569197393,233.70057003809953
cell_0_0,171,0.0,233.70057003809953
cell_0_0,172,39.670563830720255,1539.9043864121236
cell_0_0,173,0.0,1539.9043864121236
cell_0_0,174,0.0,1539.9043864121236
cell_0_0,175,0.0,1539.9043864121236
cell_0_0,176,0.0,1539.9043864121236
cell_0_0,177,0.0,1539.9043864121236
cell_0_0,178,0.0,1539.9043864121236
cell_0_0,179,0.0,1539.9043864121236
cell_0_0,180,0.0,1539.9043864121236
cell_0_0,181,43.82635688590384,349.67539005921725
cell_0_0,182,0.0,349.67539005921725
cell_0_0,183,0.0,349.67539005921725
cell_0_0,184,26.36823433826428,17.842220836058875
cell_0_0,185,0.0,17.842220836058875
cell_0_0,186,0.0,17.842220836058875
cell_0_0,187,0.0,17.842220836058875
cell_0_0,188,0.0,17.842220836058875
cell_0_0,189,56.70396782462266,1273.2504841104467
cell_0_0,190,0.0,1273.2504841104467
cell_0_0,191,15.264057815577637,1124.6263398921399
cell_0_0,192,0.0,1124.6263398921399
cell_0_0,193,0.0,1124.6263398921399
cell_0_0,194,0.0,1124.6263398921399
cell_0_0,195,0.0,1124.6263398921399
cell_0_0,196,0.0,1124.6263398921399
cell_0_0,197,0.0,1124.6263398921399
cell_0_0,198,60.37496857020508,169.19165831924553
cell_0_0,199,16.65471496735816,3908.289216191316
cell_0_0,200,70.6709719628159,493.67780914667946
cell_0_0,201,0.0,493.67780914667946
cell_0_0,202,0.0,493.67780914667946
cell_0_0,203,0.0,493.67780914667946
cell_0_0,204,48.163059037855234,1038.079802279404
cell_0_0,205,0.0,1038.079802279404
cell_0_0,206,0.0,1038.079802279404
cell_0_0,207,13.52369276346211,-2176.669584378668
cell_0_0,208,0.0,-2176.669584378668
cell_0_0,209,0.0,-2176.669584378668
cell_0_0,210,0.0,-2176.669584378668
cell_0_0,211,74.7881622065505,-1517.698026106919
cell_0_0,212,0.0,-1517.698026106919
cell_0_0,213,57.167634643062655,-594.184818630217
cell_0_0,214,0.0,-594.184818630217
cell_0_0,215,30.55185149393018,3470.6440755289527
cell_0_0,216,0.0,3470.6440755289527
cell_0_0,217,0.0,3470.6440755289527
cell_0_0,218,0.0,3470.6440755289527
cell_0_0,219,0.0,3470.6440755289527
cell_0_0,220,16.67277693134274,566.8289543437879
cell_0_0,221,27.367810881362445,-956.5072058733296
cell_0_0,222,6.226849880763687,-1109.7137745106693
cell_0_0,223,0.0,-1109.7137745106693
cell_0_0,224,0.0,-1109.7137745106693
cell_0_0,225,78.5988681742937,1919.6732467474867
cell_0_0,226,0.0,1919.6732467474867
cell_0_0,227,0.0,1919.6732467474867
cell_0_0,228,0.0,1919.6732467474867
cell_0_0,229,0.0,1919.6732467474867
cell_0_0,230,34.183668977157296,-2323.176951993845
cell_0_0,231,0.0,-2323.176951993845
cell_0_0,232,0.0,-2323.176951993845
cell_0_0,233,0.0,-2323.176951993845
cell_0_0,234,0.0,-2323.176951993845
cell_0_0,235,0.0,-2323.176951993845
cell_0_0,236,0.0,-2323.176951993845
cell_0_0,237,0.0,-2323.176951993845
cell_0_0,238,0.0,-2323.176951993845
cell_0_0,239,0.0,-2323.176951993845
cell_0_0,240,0.0,-2323.176951993845
cell_0_0,241,0.0,-2323.176951993845
cell_0_0,242,70.6006266221104,202.80621147806193
cell_0_0,243,0.0,202.80621147806193
cell_0_0,244,50.4783167239173,2599.9986176568354
cell_0_0,245,0.0,2599.9986176568354
cell_0_0,246,69.23518377082065,207.2905083117344
cell_0_0,247,0.0,207.2905083117344
cell_0_0,248,0.0,207.2905083117344
cell_0_0,249,78.49870604851135,68.33310061250502
cell_0_0,250,43.53585941413658,2298.461198440816
cell_0_0,251,0.0,2298.461198440816
cell_0_0,252,0.0,2298.461198440816
cell_0_0,253,0.0,2298.461198440816
cell_0_0,254,36.37603409037824,2568.2423591656793
cell_0_0,255,0.0,2568.2423591656793
cell_0_0,256,46.15610618469178,-188.0727835413329
cell_0_0,257,0.0,-188.0727835413329
cell_0_0,258,0.0,-188.0727835413329
cell_0_0,259,0.0,-188.0727835413329
cell_0_0,260,0.0,-188.0727835413329
cell_0_0,261,0.0,-188.0727835413329
cell_0_0,262,0.0,-188.0727835413329
cell_0_0,263,0.0,-188.0727835413329
cell_0_0,264,0.0,-188.0727835413329
cell_0_0,265,0.0,-188.0727835413329
cell_0_0,266,0.0,-188.0727835413329
cell_0_0,267,0.0,-188.0727835413329
cell_0_0,268,0.0,-188.0727835413329
cell_0_0,269,0.0,-188.0727835413329
cell_0_0,270,72.42352535658351,-45.9880637659613
cell_0_0,271,0.0,-45.9880637659613
cell_0_0,272,0.0,-45.9880637659613
cell_0_0,273,0.0,-45.9880637659613
cell_0_0,274,0.0,-45.9880637659613
cell_0_0,275,0.0,-45.9880637659613
cell_0_0,276,7.026703200197655,711.2123493661559
cell_0_0,277,0.0,711.2123493661559
cell_0_0,278,0.0,711.2123493661559
cell_0_0,279,8.000227992620967,-1589.2132317359697
cell_0_0,280,0.0,-1589.2132317359697
cell_0_0,281,0.0,-1589.2132317359697
cell_0_0,282,50.95118202427299,-1538.497288558266
cell_0_0,283,0.0,-1538.497288558266
cell_0_0,284,0.0,-1538.497288558266
cell_0_0,285,0.0,-1538.497288558266
cell_0_0,286,0.0,-1538.497288558266
cell_0_0,287,0.0,-1538.497288558266
cell_0_0,288,0.0,-1538.497288558266
cell_0_0,289,53.94196159990608,-316.82219788634393
cell_0_0,290,0.0,-316.82219788634393
cell_0_0,291,27.400090335610333,630.4796914685571
cell_0_0,292,43.26671926729665,526.1469511525631
cell_0_0,293,27.794148883593927,1627.8295630932823
cell_0_0,294,0.0,1627.8295630932823
cell_0_0,295,0.0,1627.8295630932823
cell_0_0,296,0.0,1627.8295630932823
cell_0_0,297,0.0,1627.8295630932823
cell_0_0,298,0.0,1627.8295630932823
cell_0_0,299,0.0,1627.8295630932823
cell_0_1,0,0.0,
cell_0_1,1,0.0,
cell_0_1,2,0.0,
cell_0_1,3,0.0,
cell_0_1,4,48.58248889932586,-270.9950363823391
cell_0_1,5,0.0,-270.9950363823391
cell_0_1,6,75.04964465908137,457.695427750091
cell_0_1,7,0.0,457.695427750091
cell_0_1,8,0.0,457.695427750091
cell_0_1,9,0.0,457.695427750091
cell_0_1,10,0.0,457.695427750091
cell_0_1,11,43.86167334021748,-573.1871753043005
cell_0_1,12,0.0,-573.1871753043005
cell_0_1,13,0.0,-573.1871753043005
cell_0_1,14,0.0,-573.1871753043005
cell_0_1,15,0.0,-573.1871753043005
cell_0_1,16,39.48048269952872,-1870.3341099240354
cell_0_1,17,0.0,-1870.3341099240354
cell_0_1,18,0.0,-1870.3341099240354
cell_0_1,19,45.45171078554882,-240.88076283723433
cell_0_1,20,28.518028431677216,-5167.619325757188
cell_0_1,21,0.0,-5167.619325757188
cell_0_1,22,0.0,-5167.619325757188
cell_0_1,23,0.0,-5167.619325757188
cell_0_1,24,62.78633051606143,1324.9596826083794
cell_0_1,25,0.0,1324.9596826083794
cell_0_1,26,0.0,1324.9596826083794
cell_0_1,27,0.0,1324.9596826083794
cell_0_1,28,50.34365067031627,935.788448177162
cell_0_1,29,0.0,935.788448177162
cell_0_1,30,0.0,935.788448177162
cell_0_1,31,60.54843006897954,-1029.668597241438
cell_0_1,32,0.0,-1029.668597241438
cell_0_1,33,0.0,-1029.668597241438
cell_0_1,34,0.0,-1029.668597241438
cell_0_1,35,56.77686834681478,-766.9461351390325
cell_0_1,36,46.65626781431584,-1004.22713956159
cell_0_1,37,0.0,-1004.22713956159
cell_0_1,38,0.0,-1004.22713956159
cell_0_1,39,0.0,-1004.22713956159
cell_0_1,40,33.99048129723056,-438.97739039092335
cell_0_1,41,14.51073394588631,-461.66369647225366
cell_0_1,42,0.0,-461.66369647225366
cell_0_1,43,0.0,-461.66369647225366
cell_0_1,44,0.0,-461.66369647225366
cell_0_1,45,0.0,-461.66369647225366
cell_0_1,46,0.0,-461.66369647225366
cell_0_1,47,0.0,-461.66369647225366
cell_0_1,48,52.46787047933584,1340.851779242414
cell_0_1,49,0.0,1340.851779242414
cell_0_1,50,0.0,1340.851779242414
cell_0_1,51,10.880376809015791,-108.22774804739493
cell_0_1,52,53.253125514076125,-16.514925906552072
cell_0_1,53,0.0,-16.514925906552072
cell_0_1,54,64.13811143700042,-251.18498848347855
cell_0_1,55,0.0,-251.18498848347855
cell_0_1,56,69.42588888944435,227.86421148166534
cell_0_1,57,38.79724345532461,347.6154754441913
cell_0_1,58,0.0,347.6154754441913
cell_0_1,59,0.0,347.6154754441913
cell_0_1,60,34.66347694475817,-1187.5149993051937
cell_0_1,61,57.44340395009997,1374.6608423079426
cell_0_1,62,0.0,1374.6608423079426
cell_0_1,63,0.0,1374.6608423079426
cell_0_1,64,61.20251783430268,85.65944822386686
cell_0_1,65,0.0,85.65944822386686
cell_0_1,66,0.0,85.65944822386686
cell_0_1,67,0.0,85.65944822386686
cell_0_1,68,15.102358900364129,418.1870066015323
cell_0_1,69,42.46858323414125,1008.3070919854028
cell_0_1,70,0.0,1008.3070919854028
cell_0_1,71,0.0,1008.3070919854028
cell_0_1,72,0.0,1008.3070919854028
cell_0_1,73,0.0,1008.3070919854028
cell_0_1,74,0.0,1008.3070919854028
cell_0_1,75,36.74702691479736,-2479.4983038284586
cell_0_1,76,58.515594751352694,-25.81309461682882
cell_0_1,77,0.0,-25.81309461682882
cell_0_1,78,0.0,-25.81309461682882
cell_0_1,79,19.002603929290256,-1320.8489525773646
cell_0_1,80,0.0,-1320.8489525773646
cell_0_1,81,0.0,-1320.8489525773646
cell_0_1,82,38.92659709685751,-5190.939024672924
cell_0_1,83,0.0,-5190.939024672924
cell_0_1,84,0.0,-5190.939024672924
cell_0_1,85,27.021184270775656,414.5781067583272
cell_0_1,86,0.0,414.5781067583272
cell_0_1,87,0.0,414.5781067583272
cell_0_1,88,31.447038985295617,-7.191611161843337
cell_0_1,89,0.0,-7.191611161843337
cell_0_1,90,64.55987764491945,312.8124804552736
cell_0_1,91,50.02435283985991,-861.8417318788629
cell_0_1,92,6.60837514905309,-210.89520892684777
cell_0_1,93,0.0,-210.89520892684777
cell_0_1,94,22.35197639776715,5013.073334693647
cell_0_1,95,41.28976228709614,252.48141077220475
cell_0_1,96,0.0,252.48141077220475
cell_0_1,97,0.0,252.48141077220475
cell_0_1,98,17.39865055243794,1127.8427083219765
cell_0_1,99,55.00104435977352,650.8985477656724
cell_0_1,100,30.75784885678617,703.5407200099231
cell_0_1,101,0.0,703.5407200099231
cell_0_1,102,0.0,703.5407200099231
cell_0_1,103,79.29971967309167,-79.61810505297608
cell_0_1,104,0.0,-79.61810505297608
cell_0_1,105,0.0,-79.61810505297608
cell_0_1,106,0.0,-79.61810505297608
cell_0_1,107,0.0,-79.61810505297608
cell_0_1,108,0.0,-79.61810505297608
cell_0_1,109,0.0,-79.61810505297608
cell_0_1,110,0.0,-79.61810505297608
cell_0_1,111,66.79092109947328,1466.2677090979869
cell_0_1,112,17.19321364717812,1264.7306247452934
cell_0_1,113,0.0,1264.7306247452934
cell_0_1,114,0.0,1264.7306247452934
cell_0_1,115,0.0,1264.7306247452934
cell_0_1,116,40.26975398136296,-53.50647527465399
cell_0_1,117,0.0,-53.50647527465399
cell_0_1,118,0.0,-53.50647527465399
cell_0_1,119,0.0,-53.50647527465399
cell_0_1,120,41.212285071650655,31.523127056770157
cell_0_1,121,0.0,31.523127056770157
cell_0_1,122,0.0,31.523127056770157
cell_0_1,123,0.0,31.523127056770157
cell_0_1,124,0.0,31.523127056770157
cell_0_1,125,38.958854441856346,103.66838496088755
cell_0_1,126,23.10194987456475,-761.1989515790832
cell_0_1,127,0.0,-761.1989515790832
cell_0_1,128,0.0,-761.1989515790832
cell_0_1,129,0.0,-761.1989515790832
cell_0_1,130,0.0,-761.1989515790832
cell_0_1,131,0.0,-761.1989515790832
cell_0_1,132,0.0,-761.1989515790832
cell_0_1,133,0.0,-761.1989515790832
cell_0_1,134,45.52192538609596,-205.16227285457637
cell_0_1,135,25.019430607584702,1171.6715765927954
cell_0_1,136,0.0,1171.6715765927954
cell_0_1,137,49.01366227041865,436.6711628779749
cell_0_1,138,28.37425093647743,-573.492120171187
cell_0_1,139,76.63576248897785,249.6805308428058
cell_0_1,140,26.29756347472561,-1601.492991288377
cell_0_1,141,58.05981944834532,1621.7069607394717
cell_0_1,142,0.0,1621.7069607394717
cell_0_1,143,0.0,1621.7069607394717
cell_0_1,144,62.3473499439035,914.9831292463714
cell_0_1,145,0.0,914.9831292463714
cell_0_1,146,0.0,914.9831292463714
cell_0_1,147,22.852425263631886,-359.0613994835129
cell_0_1,148,0.0,-359.0613994835129
cell_0_1,149,0.0,-359.0613994835129
cell_0_1,150,0.0,-359.0613994835129
cell_0_1,151,60.44220436857772,1727.9893016066208
cell_0_1,152,0.0,1727.9893016066208
cell_0_1,153,73.42310529086035,877.1325709142488
cell_0_1,154,0.0,877.1325709142488
cell_0_1,155,51.587282285644335,-5572.51311209573
cell_0_1,156,0.0,-5572.51311209573
cell_0_1,157,0.0,-5572.51311209573
cell_0_1,158,0.0,-5572.51311209573
cell_0_1,159,0.0,-5572.51311209573
cell_0_1,160,0.0,-5572.51311209573
cell_0_1,161,0.0,-5572.51311209573
cell_0_1,162,8.273695968964027,3633.2978353570093
cell_0_1,163,0.0,3633.2978353570093
cell_0_1,164,0.0,3633.2978353570093
cell_0_1,165,6.070376191526928,870.5679916407297
cell_0_1,166,0.0,870.5679916407297
cell_0_1,167,54.686894636899765,-457.2809051999289
cell_0_1,168,6.7324668902682525,542.678908100565
cell_0_1,169,0.0,542.678908100565
cell_0_1,170,0.0,542.678908100565
cell_0_1,171,62.62010348693805,-905.7386288749469
cell_0_1,172,0.0,-905.7386288749469
cell_0_1,173,0.0,-905.7386288749469
cell_0_1,174,0.0,-905.7386288749469
cell_0_1,175,46.92888788566262,2955.573504715744
cell_0_1,176,0.0,2955.573504715744
cell_0_1,177,0.0,2955.573504715744
cell_0_1,178,0.0,2955.573504715744
cell_0_1,179,26.860279349098537,-47.071002839695524
cell_0_1,180,0.0,-47.071002839695524
cell_0_1,181,15.255180115591495,-2146.4489649814404
cell_0_1,182,22.8471084763873,-41.00263339104869
cell_0_1,183,22.254360823332064,1042.4445346904042
cell_0_1,184,0.0,1042.4445346904042
cell_0_1,185,70.74453471398935,170.12303614852271
cell_0_1,186,17.606825147813645,2102.813703246884
cell_0_1,187,0.0,2102.813703246884
cell_0_1,188,0.0,2102.813703246884
cell_0_1,189,0.0,2102.813703246884
cell_0_1,190,5.308951206392372,56.27420175797166
cell_0_1,191,0.0,56.27420175797166
cell_0_1,192,0.0,56.27420175797166
cell_0_1,193,0.0,56.27420175797166
cell_0_1,194,0.0,56.27420175797166
cell_0_1,195,25.05053728037663,111.4405320787436
cell_0_1,196,0.0,111.4405320787436
cell_0_1,197,0.0,111.4405320787436
cell_0_1,198,14.006897976572471,-203.96195460315315
cell_0_1,199,30.71655633629115,-140.32616347842662
cell_0_1,200,74.92589082150516,-1013.0153839242087
cell_0_1,201,53.70581812289254,-631.7195262144248
cell_0_1,202,0.0,-631.7195262144248
cell_0_1,203,0.0,-631.7195262144248
cell_0_1,204,0.0,-631.7195262144248
cell_0_1,205,0.0,-631.7195262144248
cell_0_1,206,0.0,-631.7195262144248
cell_0_1,207,0.0,-631.7195262144248
cell_0_1,208,0.0,-631.7195262144248
cell_0_1,209,0.0,-631.7195262144248
cell_0_1,210,0.0,-631.7195262144248
cell_0_1,211,0.0,-631.7195262144248
cell_0_1,212,0.0,-631.7195262144248
cell_0_1,213,0.0,-631.7195262144248
cell_0_1,214,0.0,-631.7195262144248
cell_0_1,215,0.0,-631.7195262144248
cell_0_1,216,0.0,-631.7195262144248
cell_0_1,217,0.0,-631.7195262144248
cell_0_1,218,32.08848168131512,-163.38223573191954
cell_0_1,219,39.27606297568198,715.6682316506848
cell_0_1,220,0.0,715.6682316506848
cell_0_1,221,0.0,715.6682316506848
cell_0_1,222,9.699933192709716,-868.4140777179169
cell_0_1,223,0.0,-868.4140777179169
cell_0_1,224,0.0,-868.4140777179169
cell_0_1,225,0.0,-868.4140777179169
cell_0_1,226,41.2961634142309,161.4649043321184
cell_0_1,227,0.0,161.4649043321184
cell_0_1,228,0.0,161.4649043321184
cell_0_1,229,0.0,161.4649043321184
cell_0_1,230,68.56187244434881,166.2647640704152
cell_0_1,231,0.0,166.2647640704152
cell_0_1,232,30.3209379018233,145.4948203046638
cell_0_1,233,55.16682513673498,-106.56307487489332
cell_0_1,234,0.0,-106.56307487489332
cell_0_1,235,8.47509307328493,3119.203404346371
cell_0_1,236,0.0,3119.203404346371
cell_0_1,237,0.0,3119.203404346371
cell_0_1,238,0.0,3119.203404346371
cell_0_1,239,64.01285065484194,-50.31927369890292
cell_0_1,240,59.94151114793184,347.68838998439116
cell_0_1,241,19.70827522981561,617.989955201361
cell_0_1,242,70.3463036842028,-497.8294492756455
cell_0_1,243,0.0,-497.8294492756455
cell_0_1,244,0.0,-497.8294492756455
cell_0_1,245,37.90668356939626,-1149.6685293320022
cell_0_1,246,0.0,-1149.6685293320022
cell_0_1,247,0.0,-1149.6685293320022
cell_0_1,248,56.82606466360967,2407.958150950204
cell_0_1,249,0.0,2407.958150950204
cell_0_1,250,23.39047054079142,-1127.226857297824
cell_0_1,251,52.698325269315895,-361.98153561074116
cell_0_1,252,0.0,-361.98153561074116
cell_0_1,253,0.0,-361.98153561074116
cell_0_1,254,0.0,-361.98153561074116
cell_0_1,255,0.0,-361.98153561074116
cell_0_1,256,0.0,-361.98153561074116
cell_0_1,257,0.0,-361.98153561074116
cell_0_1,258,0.0,-361.98153561074116
cell_0_1,259,0.0,-361.98153561074116
cell_0_1,260,45.478735804346414,105.07775747867989
cell_0_1,261,45.75141475224859,1014.8210626061312
cell_0_1,262,0.0,1014.8210626061312
cell_0_1,263,35.54037467672201,-789.6818843796336
cell_0_1,264,0.0,-789.6818843796336
cell_0_1,265,0.0,-789.6818843796336
cell_0_1,266,0.0,-789.6818843796336
cell_0_1,267,0.0,-789.6818843796336
cell_0_1,268,18.707207216058883,-1305.965507263982
cell_0_1,269,40.48184709509045,-724.357967327474
cell_0_1,270,34.2956703559431,-155.36643165266156
cell_0_1,271,65.60083282050623,4160.774687558719
cell_0_1,272,14.633300873603524,-2195.1890063284663
cell_0_1,273,0.0,-2195.1890063284663
cell_0_1,274,15.112308927782962,1361.3817182315163
cell_0_1,275,8.323268502669528,303.39260420230835
cell_0_1,276,56.24228865569312,688.5430712725541
cell_0_1,277,0.0,688.5430712725541
cell_0_1,278,0.0,688.5430712725541
cell_0_1,279,33.12831648866084,-1126.7149669737996
cell_0_1,280,53.16743155455519,1248.723803448539
cell_0_1,281,0.0,1248.723803448539
cell_0_1,282,0.0,1248.723803448539
cell_0_1,283,16.9582197258265,-1881.3211051363378
cell_0_1,284,0.0,-1881.3211051363378
cell_0_1,285,78.21711037775094,272.51112280468976
cell_0_1,286,0.0,272.51112280468976
cell_0_1,287,30.135051253010715,494.80682213924604
cell_0_1,288,0.0,494.80682213924604
cell_0_1,289,0.0,494.80682213924604
cell_0_1,290,20.03093560617271,-1382.9591589578097
cell_0_1,291,0.0,-1382.9591589578097
cell_0_1,292,0.0,-1382.9591589578097
cell_0_1,293,0.0,-1382.9591589578097
cell_0_1,294,51.73481049125203,704.2738371829099
cell_0_1,295,0.0,704.2738371829099
cell_0_1,296,45.9160596966242,-1657.5761761144652
cell_0_1,297,22.790743394548983,139.21153524483483
cell_0_1,298,0.0,139.21153524483483
cell_0_1,299,54.17043059648585,1225.519412111448
cell_0_2,0,9.15074562077742,-107.96300484605118
cell_0_2,1,0.0,-107.96300484605118
cell_0_2,2,71.17270013565329,-2128.1214888197233
cell_0_2,3,0.0,-2128.1214888197233
cell_0_2,4,47.49605859316661,1612.8778727697215
cell_0_2,5,0.0,1612.8778727697215
cell_0_2,6,0.0,1612.8778727697215
cell_0_2,7,41.96284794497191,325.1117604959136
cell_0_2,8,0.0,325.1117604959136
cell_0_2,9,43.632900434981096,-780.423110896865
cell_0_2,10,65.82208947578665,160.14110118202564
cell_0_2,11,0.0,160.14110118202564
cell_0_2,12,0.0,160.14110118202564
cell_0_2,13,0.0,160.14110118202564
cell_0_2,14,0.0,160.14110118202564
cell_0_2,15,9.58303553243357,-1598.10655112329
cell_0_2,16,0.0,-1598.10655112329
cell_0_2,17,0.0,-1598.10655112329
cell_0_2,18,0.0,-1598.10655112329
cell_0_2,19,44.51791608738469,-83.622721002276
cell_0_2,20,0.0,-83.622721002276
cell_0_2,21,0.0,-83.622721002276
cell_0_2,22,0.0,-83.622721002276
cell_0_2,23,0.0,-83.622721002276
cell_0_2,24,51.233049697077234,-1048.8226548130879
cell_0_2,25,0.0,-1048.8226548130879
cell_0_2,26,60.832300424586144,-1177.1865037316365
cell_0_2,27,0.0,-1177.1865037316365
cell_0_2,28,0.0,-1177.1865037316365
cell_0_2,29,0.0,-1177.1865037316365
cell_0_2,30,0.0,-1177.1865037316365
cell_0_2,31,0.0,-1177.1865037316365
cell_0_2,32,31.83355520943492,107.28068009034301
cell_0_2,33,66.15027592137753,611.0215009901522
cell_0_2,34,0.0,611.0215009901522
cell_0_2,35,71.47606611424587,1323.9298233844736
cell_0_2,36,0.0,1323.9298233844736
cell_0_2,37,0.0,1323.9298233844736
cell_0_2,38,53.44446564013458,1191.0011825069646
cell_0_2,39,0.0,1191.0011825069646
cell_0_2,40,0.0,1191.0011825069646
cell_0_2,41,77.52843535019775,-387.3578203910275
cell_0_2,42,0.0,-387.3578203910275
cell_0_2,43,0.0,-387.3578203910275
cell_0_2,44,0.0,-387.3578203910275
cell_0_2,45,0.0,-387.3578203910275
cell_0_2,46,0.0,-387.3578203910275
cell_0_2,47,76.86317869493868,834.5666604974213
cell_0_2,48,58.11048180329459,1953.3202049031536
cell_0_2,49,0.0,1953.3202049031536
cell_0_2,50,0.0,1953.3202049031536
cell_0_2,51,0.0,1953.3202049031536
cell_0_2,52,0.0,1953.3202049031536
cell_0_2,53,13.315189837159508,-272.31902722585306
cell_0_2,54,6.139505301444729,43.361858755225995
cell_0_2,55,0.0,43.361858755225995
cell_0_2,56,0.0,43.361858755225995
cell_0_2,57,0.0,43.361858755225995
cell_0_2,58,0.0,43.361858755225995
cell_0_2,59,0.0,43.361858755225995
cell_0_2,60,68.37670130706508,-1515.7694764651776
cell_0_2,61,78.1433407488453,713.2344323422966
cell_0_2,62,0.0,713.2344323422966
cell_0_2,63,0.0,713.2344323422966
cell_0_2,64,0.0,713.2344323422966
cell_0_2,65,0.0,713.2344323422966
cell_0_2,66,30.418917301424752,-1349.4185593889083
cell_0_2,67,0.0,-1349.4185593889083
cell_0_2,68,0.0,-1349.4185593889083
cell_0_2,69,0.0,-1349.4185593889083
cell_0_2,70,0.0,-1349.4185593889083
cell_0_2,71,0.0,-1349.4185593889083
cell_0_2,72,5.478466018836421,80.80969366808523
cell_0_2,73,50.79342072487783,111.14237182630734
cell_0_2,74,0.0,111.14237182630734
cell_0_2,75,17.624721033670856,-1892.0561602378814
cell_0_2,76,0.0,-1892.0561602378814
cell_0_2,77,0.0,-1892.0561602378814
cell_0_2,78,0.0,-1892.0561602378814
cell_0_2,79,0.0,-1892.0561602378814
cell_0_2,80,0.0,-1892.0561602378814
cell_0_2,81,0.0,-1892.0561602378814
cell_0_2,82,74.4090101263405,43.9522712110723
cell_0_2,83,0.0,43.9522712110723
cell_0_2,84,0.0,43.9522712110723
cell_0_2,85,0.0,43.9522712110723
cell_0_2,86,27.17053632929468,308.50808095134215
cell_0_2,87,0.0,308.50808095134215
cell_0_2,88,0.0,308.50808095134215
cell_0_2,89,0.0,308.50808095134215
cell_0_2,90,61.48883342485713,-935.8788300798778
cell_0_2,91,52.34760843085696,219.24062565076133
cell_0_2,92,0.0,219.24062565076133
cell_0_2,93,0.0,219.24062565076133
cell_0_2,94,0.0,219.24062565076133
cell_0_2,95,0.0,219.24062565076133
cell_0_2,96,33.51947070281548,-2566.8100332158992
cell_0_2,97,0.0,-2566.8100332158992
cell_0_2,98,0.0,-2566.8100332158992
cell_0_2,99,36.47368791636171,3503.594521507076
cell_0_2,100,0.0,3503.594521507076
cell_0_2,101,41.63040254297098,1470.502894636546
cell_0_2,102,0.0,1470.502894636546
cell_0_2,103,0.0,1470.502894636546
cell_0_2,104,0.0,1470.502894636546
cell_0_2,105,0.0,1470.502894636546
cell_0_2,106,32.12909284265447,1121.316500433994
cell_0_2,107,0.0,1121.316500433994
cell_0_2,108,0.0,1121.316500433994
cell_0_2,109,46.12544012621524,830.0637451442808
cell_0_2,110,0.0,830.0637451442808
cell_0_2,111,0.0,830.0637451442808
cell_0_2,112,11.992905120721332,-926.1070285581718
cell_0_2,113,44.33464861557113,-349.7497735724718
cell_0_2,114,0.0,-349.7497735724718
cell_0_2,115,15.919422732821763,328.4049807116404
cell_0_2,116,0.0,328.4049807116404
cell_0_2,117,0.0,328.4049807116404
cell_0_2,118,34.70156345214313,-810.544336622205
cell_0_2,119,0.0,-810.544336622205
cell_0_2,120,0.0,-810.544336622205
cell_0_2,121,16.809368179118795,-962.5024229239934
cell_0_2,122,0.0,-962.5024229239934
cell_0_2,123,52.010138337001706,-1846.158722861546
cell_0_2,124,32.85386606935119,470.46841403172226
cell_0_2,125,54.33867271753347,860.6698312351836
cell_0_2,126,0.0,860.6698312351836
cell_0_2,127,21.485628269663238,1584.7421894552735
cell_0_2,128,58.74962343494944,-59.880660758360634
cell_0_2,129,0.0,-59.880660758360634
cell_0_2,130,0.0,-59.880660758360634
cell_0_2,131,53.355518759156254,-1283.9823111486635
cell_0_2,132,0.0,-1283.9823111486635
cell_0_2,133,0.0,-1283.9823111486635
cell_0_2,134,13.147245751490948,-771.2261759377203
cell_0_2,135,0.0,-771.2261759377203
cell_0_2,136,0.0,-771.2261759377203
cell_0_2,137,50.35870039673655,57.92291687345755
cell_0_2,138,0.0,57.92291687345755
cell_0_2,139,40.19939711763326,-2317.7456013076
cell_0_2,140,0.0,-2317.7456013076
cell_0_2,141,36.72481658064494,-1720.6522557461205
cell_0_2,142,0.0,-1720.6522557461205
cell_0_2,143,0.0,-1720.6522557461205
cell_0_2,144,0.0,-1720.6522557461205
cell_0_2,145,0.0,-1720.6522557461205
cell_0_2,146,0.0,-1720.6522557461205
cell_0_2,147,69.17510931258471,308.8946203766371
cell_0_2,148,65.23546795277257,2256.269284165083
cell_0_2,149,54.12945697001229,192.4838378096315
cell_0_2,150,0.0,192.4838378096315
cell_0_2,151,70.8561366482736,-1171.3699812880197
cell_0_2,152,16.947145847969615,2628.2358576307606
cell_0_2,153,0.0,2628.2358576307606
cell_0_2,154,0.0,2628.2358576307606
cell_0_2,155,51.4619401230792,-1660.607436847213
cell_0_2,156,0.0,-1660.607436847213
cell_0_2,157,0.0,-1660.607436847213
cell_0_2,158,10.134206801936962,-770.6049941550145
cell_0_2,159,56.76692100239225,-281.7271757149764
cell_0_2,160,0.0,-281.7271757149764
cell_0_2,161,12.70014038762372,-883.4538184051647
cell_0_2,162,33.044284900974205,935.919822826821
cell_0_2,163,0.0,935.919822826821
cell_0_2,164,0.0,935.919822826821
cell_0_2,165,0.0,935.919822826821
cell_0_2,166,0.0,935.919822826821
cell_0_2,167,0.0,935.919822826821
cell_0_2,168,0.0,935.919822826821
cell_0_2,169,27.696082245018747,152.76238662461589
cell_0_2,170,33.06965900685182,-11.143907843195365
cell_0_2,171,14.434858155304129,204.1985254235943
cell_0_2,172,9.526045065201105,1506.2676953439368
cell_0_2,173,0.0,1506.2676953439368
cell_0_2,174,0.0,1506.2676953439368
cell_0_2,175,11.564799096391535,1122.5107775026863
cell_0_2,176,0.0,1122.5107775026863
cell_0_2,177,61.46329062525598,75.09565664559403
cell_0_2,178,57.95185679606976,-400.92549373015663
cell_0_2,179,0.0,-400.92549373015663
cell_0_2,180,55.16161188414009,1029.6486728556354
cell_0_2,181,0.0,1029.6486728556354
cell_0_2,182,0.0,1029.6486728556354
cell_0_2,183,11.157232097065336,-1451.1358709419223
cell_0_2,184,0.0,-1451.1358709419223
cell_0_2,185,39.36836258291643,1565.0595101548563
cell_0_2,186,0.0,1565.0595101548563
cell_0_2,187,19.373712607730184,-482.13183767639583
cell_0_2,188,0.0,-482.13183767639583
cell_0_2,189,68.1135140858419,-628.6509321216229
cell_0_2,190,64.47880591910894,437.6767287340834
cell_0_2,191,0.0,437.6767287340834
cell_0_2,192,0.0,437.6767287340834
cell_0_2,193,41.970126225976,355.9249334949587
cell_0_2,194,0.0,355.9249334949587
cell_0_2,195,58.66834973597319,-24.251302592470132
cell_0_2,196,0.0,-24.251302592470132
cell_0_2,197,0.0,-24.251302592470132
cell_0_2,198,0.0,-24.251302592470132
cell_0_2,199,0.0,-24.251302592470132
cell_0_2,200,0.0,-24.251302592470132
cell_0_2,201,8.418055098547601,255.94303805603863
cell_0_2,202,0.0,255.94303805603863
cell_0_2,203,0.0,255.94303805603863
cell_0_2,204,0.0,255.94303805603863
cell_0_2,205,71.87218226248835,-245.7224682082396
cell_0_2,206,0.0,-245.7224682082396
cell_0_2,207,0.0,-245.7224682082396
cell_0_2,208,0.0,-245.7224682082396
cell_0_2,209,0.0,-245.7224682082396
cell_0_2,210,0.0,-245.7224682082396
cell_0_2,211,0.0,-245.7224682082396
cell_0_2,212,37.19645208678061,-660.776353229225
cell_0_2,213,0.0,-660.776353229225
cell_0_2,214,0.0,-660.776353229225
cell_0_2,215,0.0,-660.776353229225
cell_0_2,216,0.0,-660.776353229225
cell_0_2,217,0.0,-660.776353229225
cell_0_2,218,28.887684010909418,250.1393599466757
cell_0_2,219,0.0,250.1393599466757
cell_0_2,220,0.0,250.1393599466757
cell_0_2,221,9.501020995226142,-2243.155219424625
cell_0_2,222,69.07025735970309,96.04227136590848
cell_0_2,223,0.0,96.04227136590848
cell_0_2,224,0.0,96.04227136590848
cell_0_2,225,0.0,96.04227136590848
cell_0_2,226,0.0,96.04227136590848
cell_0_2,227,0.0,96.04227136590848
cell_0_2,228,12.033859848562887,208.3471649665284
cell_0_2,229,66.95561462942405,-2301.8897419932837
cell_0_2,230,0.0,-2301.8897419932837
cell_0_2,231,41.55240612615027,-1576.679782288707
cell_0_2,232,63.63524975649168,-427.59646477357893
cell_0_2,233,49.920650328506255,279.1003146843663
cell_0_2,234,63.6316053883705,-1038.3308186334568
cell_0_2,235,0.0,-1038.3308186334568
cell_0_2,236,20.87974252870788,1637.1859028366594
cell_0_2,237,0.0,1637.1859028366594
cell_0_2,238,0.0,1637.1859028366594
cell_0_2,239,0.0,1637.1859028366594
cell_0_2,240,0.0,1637.1859028366594
cell_0_2,241,29.927906599095635,438.7364810296556
cell_0_2,242,0.0,438.7364810296556
cell_0_2,243,0.0,438.7364810296556
cell_0_2,244,0.0,438.7364810296556
cell_0_2,245,42.4230887329503,367.6922760058265
cell_0_2,246,0.0,367.6922760058265
cell_0_2,247,0.0,367.6922760058265
cell_0_2,248,0.0,367.6922760058265
cell_0_2,249,34.07233874943942,-1642.1053947683
cell_0_2,250,20.25501221079486,126.3617250156319
cell_0_2,251,74.02168634102067,129.32629250439254
cell_0_2,252,0.0,129.32629250439254
cell_0_2,253,26.89785080605037,1633.3852748771471
cell_0_2,254,0.0,1633.3852748771471
cell_0_2,255,0.0,1633.3852748771471
cell_0_2,256,0.0,1633.3852748771471
cell_0_2,257,0.0,1633.3852748771471
cell_0_2,258,0.0,1633.3852748771471
cell_0_2,259,66.14382863692317,610.4142718588164
cell_0_2,260,0.0,610.4142718588164
cell_0_2,261,0.0,610.4142718588164
cell_0_2,262,0.0,610.4142718588164
cell_0_2,263,0.0,610.4142718588164
cell_0_2,264,0.0,610.4142718588164
cell_0_2,265,0.0,610.4142718588164
cell_0_2,266,70.39749546402541,-97.75691886304918
cell_0_2,267,0.0,-97.75691886304918
cell_0_2,268,73.97263903430924,-736.7775073310645
cell_0_2,269,32.778322868039524,-1165.5009999720226
cell_0_2,270,0.0,-1165.5009999720226
cell_0_2,271,17.03782653905256,-1071.7318471795488
cell_0_2,272,0.0,-1071.7318471795488
cell_0_2,273,0.0,-1071.7318471795488
cell_0_2,274,0.0,-1071.7318471795488
cell_0_2,275,0.0,-1071.7318471795488
cell_0_2,276,0.0,-1071.7318471795488
cell_0_2,277,0.0,-1071.7318471795488
cell_0_2,278,0.0,-1071.7318471795488
cell_0_2,279,0.0,-1071.7318471795488
cell_0_2,280,42.51788014789913,198.99289171795058
cell_0_2,281,0.0,198.99289171795058
cell_0_2,282,43.23979571772229,13.475643006763427
cell_0_2,283,0.0,13.475643006763427
cell_0_2,284,74.84100892855001,377.83625403643566
cell_0_2,285,5.386275045742929,-533.8784592771369
cell_0_2,286,0.0,-533.8784592771369
cell_0_2,287,0.0,-533.8784592771369
cell_0_2,288,0.0,-533.8784592771369
cell_0_2,289,25.90306218652205,-745.1253202793255
cell_0_2,290,0.0,-745.1253202793255
cell_0_2,291,0.0,-745.1253202793255
cell_0_2,292,0.0,-745.1253202793255
cell_0_2,293,0.0,-745.1253202793255
cell_0_2,294,12.577615049565416,3266.113717001014
cell_0_2,295,0.0,3266.113717001014
cell_0_2,296,15.178125116317396,-395.8487775587757
cell_0_2,297,0.0,-395.8487775587757
cell_0_2,298,0.0,-395.8487775587757
cell_0_2,299,40.29926387667914,1087.2136315315956
cell_0_3,0,0.0,
cell_0_3,1,0.0,
cell_0_3,2,0.0,
cell_0_3,3,0.0,
cell_0_3,4,15.567148469930748,2386.933737312705
cell_0_3,5,0.0,2386.933737312705
cell_0_3,6,0.0,2386.933737312705
cell_0_3,7,7.029178890541983,2386.583743198994
cell_0_3,8,73.80382207885744,-1189.042382837206
cell_0_3,9,0.0,-1189.042382837206
cell_0_3,10,0.0,-1189.042382837206
cell_0_3,11,0.0,-1189.042382837206
cell_0_3,12,0.0,-1189.042382837206
cell_0_3,13,0.0,-1189.042382837206
cell_0_3,14,0.0,-1189.042382837206
cell_0_3,15,0.0,-1189.042382837206
cell_0_3,16,0.0,-1189.042382837206
cell_0_3,17,0.0,-1189.042382837206
cell_0_3,18,0.0,-1189.042382837206
cell_0_3,19,0.0,-1189.042382837206
cell_0_3,20,0.0,-1189.042382837206
cell_0_3,21,44.22567833015817,-324.5150144534594
cell_0_3,22,0.0,-324.5150144534594
cell_0_3,23,0.0,-324.5150144534594
cell_0_3,24,0.0,-324.5150144534594
cell_0_3,25,0.0,-324.5150144534594
cell_0_3,26,0.0,-324.5150144534594
cell_0_3,27,63.62026528920477,-1894.7850608592566
cell_0_3,28,0.0,-1894.7850608592566
cell_0_3,29,0.0,-1894.7850608592566
cell_0_3,30,55.063061731591766,-1681.4972271255945
cell_0_3,31,24.849716439979005,-399.322782974981
cell_0_3,32,30.59631934285573,6.972409608117015
cell_0_3,33,0.0,6.972409608117015
cell_0_3,34,16.074459725404576,1822.3397996116826
cell_0_3,35,0.0,1822.3397996116826
cell_0_3,36,65.3843000511898,-182.0793554823586
cell_0_3,37,68.37326641201415,426.6984806767805
cell_0_3,38,0.0,426.6984806767805
cell_0_3,39,0.0,426.6984806767805
cell_0_3,40,0.0,426.6984806767805
cell_0_3,41,51.66504036623987,1368.7648912529926
cell_0_3,42,22.56154490959559,-348.5439133280847
cell_0_3,43,0.0,-348.5439133280847
cell_0_3,44,50.88414949501854,-1417.2554479340045
cell_0_3,45,0.0,-1417.2554479340045
cell_0_3,46,68.9714780752729,-0.32244197293204024
cell_0_3,47,53.910619814945775,-315.36256259992075
cell_0_3,48,0.0,-315.36256259992075
cell_0_3,49,0.0,-315.36256259992075
cell_0_3,50,56.773656040616856,836.2513587865487
cell_0_3,51,0.0,836.2513587865487
cell_0_3,52,0.0,836.2513587865487
cell_0_3,53,0.0,836.2513587865487
cell_0_3,54,0.0,836.2513587865487
cell_0_3,55,0.0,836.2513587865487
cell_0_3,56,0.0,836.2513587865487
cell_0_3,57,39.14771570788833,-1048.015642446014
cell_0_3,58,0.0,-1048.015642446014
cell_0_3,59,0.0,-1048.015642446014
cell_0_3,60,0.0,-1048.015642446014
cell_0_3,61,0.0,-1048.015642446014
cell_0_3,62,25.994552335584533,1694.1622638003096
cell_0_3,63,0.0,1694.1622638003096
cell_0_3,64,0.0,1694.1622638003096
cell_0_3,65,0.0,1694.1622638003096
cell_0_3,66,8.635249351762466,-148.47680802603242
cell_0_3,67,0.0,-148.47680802603242
cell_0_3,68,44.59532299552876,2267.563584349266
cell_0_3,69,0.0,2267.563584349266
cell_0_3,70,0.0,2267.563584349266
cell_0_3,71,0.0,2267.563584349266
cell_0_3,72,74.65708873148945,-827.3757639638499
cell_0_3,73,0.0,-827.3757639638499
cell_0_3,74,14.766508420749656,-1140.574555930824
cell_0_3,75,0.0,-1140.574555930824
cell_0_3,76,0.0,-1140.574555930824
cell_0_3,77,0.0,-1140.574555930824
cell_0_3,78,0.0,-1140.574555930824
cell_0_3,79,51.78866627563543,-87.70080452322637
cell_0_3,80,0.0,-87.70080452322637
cell_0_3,81,9.634636734042347,-743.9153069939437
cell_0_3,82,37.369650374922735,-169.16696034864916
cell_0_3,83,0.0,-169.16696034864916
cell_0_3,84,0.0,-169.16696034864916
cell_0_3,85,0.0,-169.16696034864916
cell_0_3,86,0.0,-169.16696034864916
cell_0_3,87,0.0,-169.16696034864916
cell_0_3,88,57.62843496322817,934.7835963604623
cell_0_3,89,0.0,934.7835963604623
cell_0_3,90,0.0,934.7835963604623
cell_0_3,91,30.460688125131934,865.9566968886392
cell_0_3,92,0.0,865.9566968886392
cell_0_3,93,39.055459030422575,1457.206844047173
cell_0_3,94,67.67036971759919,884.7054885093925
cell_0_3,95,0.0,884.7054885093925
cell_0_3,96,72.99079048905254,-4575.096248481879
cell_0_3,97,0.0,-4575.096248481879
cell_0_3,98,0.0,-4575.096248481879
cell_0_3,99,0.0,-4575.096248481879
cell_0_3,100,0.0,-4575.096248481879
cell_0_3,101,0.0,-4575.096248481879
cell_0_3,102,0.0,-4575.096248481879
cell_0_3,103,0.0,-4575.096248481879
cell_0_3,104,55.22064514855926,-2524.309319715707
cell_0_3,105,0.0,-2524.309319715707
cell_0_3,106,0.0,-2524.309319715707
cell_0_3,107,73.39847528642825,1927.0748294963116
cell_0_3,108,0.0,1927.0748294963116
cell_0_3,109,0.0,1927.0748294963116
cell_0_3,110,0.0,1927.0748294963116
cell_0_3,111,0.0,1927.0748294963116
cell_0_3,112,0.0,1927.0748294963116
cell_0_3,113,0.0,1927.0748294963116
cell_0_3,114,0.0,1927.0748294963116
cell_0_3,115,0.0,1927.0748294963116
cell_0_3,116,0.0,1927.0748294963116
cell_0_3,117,0.0,1927.0748294963116
cell_0_3,118,0.0,1927.0748294963116
cell_0_3,119,0.0,1927.0748294963116
cell_0_3,120,0.0,1927.0748294963116
cell_0_3,121,0.0,1927.0748294963116
cell_0_3,122,0.0,1927.0748294963116
cell_0_3,123,69.39632337791383,-2278.4312557423996
cell_0_3,124,78.31069514598346,-494.553206790476
cell_0_3,125,43.1930693175984,-80.74362243754582
cell_0_3,126,64.87109957465351,2855.2210490174807
cell_0_3,127,0.0,2855.2210490174807
cell_0_3,128,0.0,2855.2210490174807
cell_0_3,129,0.0,2855.2210490174807
cell_0_3,130,0.0,2855.2210490174807
cell_0_3,131,0.0,2855.2210490174807
cell_0_3,132,0.0,2855.2210490174807
cell_0_3,133,0.0,2855.2210490174807
cell_0_3,134,0.0,2855.2210490174807
cell_0_3,135,0.0,2855.2210490174807
cell_0_3,136,10.755986162131846,-580.0222107653356
cell_0_3,137,0.0,-580.0222107653356
cell_0_3,138,0.0,-580.0222107653356
cell_0_3,139,0.0,-580.0222107653356
cell_0_3,140,0.0,-580.0222107653356
cell_0_3,141,0.0,-580.0222107653356
cell_0_3,142,0.0,-580.0222107653356
cell_0_3,143,35.58331080555169,2069.192389602805
cell_0_3,144,0.0,2069.192389602805
cell_0_3,145,0.0,2069.192389602805
cell_0_3,146,38.905262801652015,100.69725526185809
cell_0_3,147,0.0,100.69725526185809
cell_0_3,148,37.61325801229472,-2087.144102064449
cell_0_3,149,0.0,-2087.144102064449
cell_0_3,150,25.07977901214453,395.43459580573136
cell_0_3,151,0.0,395.43459580573136
cell_0_3,152,23.197484885333637,-82.44398150910638
cell_0_3,153,0.0,-82.44398150910638
cell_0_3,154,0.0,-82.44398150910638
cell_0_3,155,0.0,-82.44398150910638
cell_0_3,156,0.0,-82.44398150910638
cell_0_3,157,0.0,-82.44398150910638
cell_0_3,158,7.152940143562251,-605.1375706005784
cell_0_3,159,0.0,-605.1375706005784
cell_0_3,160,78.23710270713259,-833.6853094959719
cell_0_3,161,14.160613508853368,346.34407669298355
cell_0_3,162,0.0,346.34407669298355
cell_0_3,163,0.0,346.34407669298355
cell_0_3,164,0.0,346.34407669298355
cell_0_3,165,0.0,346.34407669298355
cell_0_3,166,0.0,346.34407669298355
cell_0_3,167,22.236115921932694,4077.0614425453423
cell_0_3,168,26.56048497681509,-417.2484807892006
cell_0_3,169,0.0,-417.2484807892006
cell_0_3,170,0.0,-417.2484807892006
cell_0_3,171,0.0,-417.2484807892006
cell_0_3,172,0.0,-417.2484807892006
cell_0_3,173,0.0,-417.2484807892006
cell_0_3,174,44.66821310307207,-288.9372720809216
cell_0_3,175,0.0,-288.9372720809216
cell_0_3,176,54.244597728811875,-1554.4183083027951
cell_0_3,177,0.0,-1554.4183083027951
cell_0_3,178,24.20024232857809,-4755.310916308522
cell_0_3,179,0.0,-4755.310916308522
cell_0_3,180,0.0,-4755.310916308522
cell_0_3,181,0.0,-4755.310916308522
cell_0_3,182,0.0,-4755.310916308522
cell_0_3,183,43.43529915448416,-1192.2607507466428
cell_0_3,184,0.0,-1192.2607507466428
cell_0_3,185,19.298277464835667,701.2754971916778
cell_0_3,186,0.0,701.2754971916778
cell_0_3,187,45.265647772309364,1551.0756439136055
cell_0_3,188,0.0,1551.0756439136055
cell_0_3,189,51.60033643643789,-1013.4768720476089
cell_0_3,190,0.0,-1013.4768720476089
cell_0_3,191,50.50555633686047,-655.8425566673914
cell_0_3,192,77.4228388661523,702.4587918677299
cell_0_3,193,0.0,702.4587918677299
cell_0_3,194,0.0,702.4587918677299
cell_0_3,195,15.2005733391281,-1582.2372049622531
cell_0_3,196,54.04397320665437,1827.2516624176787
cell_0_3,197,0.0,1827.2516624176787
cell_0_3,198,0.0,1827.2516624176787
cell_0_3,199,0.0,1827.2516624176787
cell_0_3,200,26.954298352247264,455.9327712747596
cell_0_3,201,0.0,455.9327712747596
cell_0_3,202,0.0,455.9327712747596
cell_0_3,203,0.0,455.9327712747596
cell_0_3,204,44.37902906654746,83.39679771299122
cell_0_3,205,58.817519614142405,-3163.888063449743
cell_0_3,206,0.0,-3163.888063449743
cell_0_3,207,49.228689769078734,731.1251832866737
cell_0_3,208,0.0,731.1251832866737
cell_0_3,209,26.569805134508997,-667.0634818133253
cell_0_3,210,0.0,-667.0634818133253
cell_0_3,211,0.0,-667.0634818133253
cell_0_3,212,0.0,-667.0634818133253
cell_0_3,213,0.0,-667.0634818133253
cell_0_3,214,0.0,-667.0634818133253
cell_0_3,215,32.740168292195435,-396.7538902180798
cell_0_3,216,0.0,-396.7538902180798
cell_0_3,217,0.0,-396.7538902180798
cell_0_3,218,0.0,-396.7538902180798
cell_0_3,219,0.0,-396.7538902180798
cell_0_3,220,51.309151546185376,573.4069683146434
cell_0_3,221,0.0,573.4069683146434
cell_0_3,222,43.53525654729267,-729.3482463080034
cell_0_3,223,0.0,-729.3482463080034
cell_0_3,224,0.0,-729.3482463080034
cell_0_3,225,32.51774974605544,593.4991641637545
cell_0_3,226,31.99659569962049,409.20972475133055
cell_0_3,227,0.0,409.20972475133055
cell_0_3,228,25.816378397348885,-1132.4099709895443
cell_0_3,229,28.920534636096253,290.52919643307575
cell_0_3,230,0.0,290.52919643307575
cell_0_3,231,41.774731148045,50.44717491322144
cell_0_3,232,55.11548721050682,509.67389220170367
cell_0_3,233,0.0,509.67389220170367
cell_0_3,234,79.46891782245045,-499.60715418389583
cell_0_3,235,0.0,-499.60715418389583
cell_0_3,236,63.01861901168037,1821.4564399907435
cell_0_3,237,47.89486825687116,-392.5759800738082
cell_0_3,238,0.0,-392.5759800738082
cell_0_3,239,0.0,-392.5759800738082
cell_0_3,240,0.0,-392.5759800738082
cell_0_3,241,0.0,-392.5759800738082
cell_0_3,242,30.280177912916557,700.4181935401418
cell_0_3,243,47.93739934882856,894.9128273331063
cell_0_3,244,0.0,894.9128273331063
cell_0_3,245,0.0,894.9128273331063
cell_0_3,246,26.77093768916669,651.7009175190543
cell_0_3,247,0.0,651.7009175190543
cell_0_3,248,0.0,651.7009175190543
cell_0_3,249,0.0,651.7009175190543
cell_0_3,250,0.0,651.7009175190543
cell_0_3,251,0.0,651.7009175190543
cell_0_3,252,0.0,651.7009175190543
cell_0_3,253,0.0,651.7009175190543
cell_0_3,254,51.60323664201688,934.6008981791132
cell_0_3,255,0.0,934.6008981791132
cell_0_3,256,15.58775442185505,-457.8316018738234
cell_0_3,257,0.0,-457.8316018738234
cell_0_3,258,0.0,-457.8316018738234
cell_0_3,259,0.0,-457.8316018738234
cell_0_3,260,0.0,-457.8316018738234
cell_0_3,261,16.698248146023644,-612.2170626389876
cell_0_3,262,0.0,-612.2170626389876
cell_0_3,263,0.0,-612.2170626389876
cell_0_3,264,0.0,-612.2170626389876
cell_0_3,265,0.0,-612.2170626389876
cell_0_3,266,63.94135981912213,835.7124386819526
cell_0_3,267,0.0,835.7124386819526
cell_0_3,268,0.0,835.7124386819526
cell_0_3,269,0.0,835.7124386819526
cell_0_3,270,42.41043016842613,-93.46671452735069
cell_0_3,271,0.0,-93.46671452735069
cell_0_3,272,0.0,-93.46671452735069
cell_0_3,273,0.0,-93.46671452735069
cell_0_3,274,57.8922167423564,850.4084617037905
cell_0_3,275,0.0,850.4084617037905
cell_0_3,276,0.0,850.4084617037905
cell_0_3,277,0.0,850.4084617037905
cell_0_3,278,44.45465378147647,1319.2300639648436
cell_0_3,279,0.0,1319.2300639648436
cell_0_3,280,0.0,1319.2300639648436
cell_0_3,281,0.0,1319.2300639648436
cell_0_3,282,0.0,1319.2300639648436
cell_0_3,283,0.0,1319.2300639648436
cell_0_3,284,0.0,1319.2300639648436
cell_0_3,285,0.0,1319.2300639648436
cell_0_3,286,0.0,1319.2300639648436
cell_0_3,287,0.0,1319.2300639648436
cell_0_3,288,0.0,1319.2300639648436
cell_0_3,289,0.0,1319.2300639648436
cell_0_3,290,0.0,1319.2300639648436
cell_0_3,291,0.0,1319.2300639648436
cell_0_3,292,0.0,1319.2300639648436
cell_0_3,293,0.0,1319.2300639648436
cell_0_3,294,0.0,1319.2300639648436
cell_0_3,295,0.0,1319.2300639648436
cell_0_3,296,0.0,1319.2300639648436
cell_0_3,297,50.44348824642104,681.5524851669627
cell_0_3,298,0.0,681.5524851669627
cell_0_3,299,0.0,681.5524851669627
