dataset,sensor,clamp_mode,scope,module,module_idx,epsilon,w,P,P_max,k_ext,rho_split,strategy,payload_bound,trial,seed,normalized_mae,mae,kl_divergence,release_rate,avg_n_tau,n_logical_timestamps
energy,power_kw,static,leaf,M1_pgate,1,1.0,8,6,,4,0.1,p_gated_uniform,50.0,0,77,0.2595911242411583,12.979556212057917,0.1896840976802473,0.4659997221064332,0.9944977073780742,35985
energy,power_kw,static,leaf,M1_pgate,1,1.0,8,6,,4,0.1,p_gated_uniform,50.0,1,1077,0.257583952217305,12.87919761086525,0.178497723664545,0.4754481033764068,0.9944977073780742,35985
energy,power_kw,static,leaf,M1_pgate,1,1.0,8,6,,4,0.1,p_gated_uniform,50.0,2,2077,0.2532536237030328,12.66268118515164,0.3487666096332173,0.4691121300541892,0.9944977073780742,35985
energy,power_kw,static,leaf,M1_pgate,1,1.0,8,6,,4,0.1,p_gated_uniform,50.0,3,3077,0.2626004624082842,13.13002312041421,0.073755003966374,0.4723356954286508,0.9944977073780742,35985
energy,power_kw,static,leaf,M1_pgate,1,1.0,8,6,,4,0.1,p_gated_uniform,50.0,4,4077,0.2528362569271633,12.641812846358167,0.292823856500683,0.4727525357787967,0.9944977073780742,35985
energy,power_kw,static,leaf,M1_pgate,1,1.0,8,6,,4,0.1,p_gated_uniform,50.0,5,5077,0.2589620097995633,12.948100489978165,0.1160406615934013,0.4710295956648603,0.9944977073780742,35985
energy,power_kw,static,leaf,M2_interval_ext,2,1.0,8,6,,4,0.1,p_gated_uniform,50.0,0,77,0.2649247594324684,13.24623797162342,0.5291980189398585,0.4656106711129637,0.9955537029317773,7197
energy,power_kw,static,leaf,M2_interval_ext,2,1.0,8,6,,4,0.1,p_gated_uniform,50.0,1,1077,0.2635661222329447,13.178306111647236,0.2104487470151065,0.4808948172849798,0.9955537029317773,7197
energy,power_kw,static,leaf,M2_interval_ext,2,1.0,8,6,,4,0.1,p_gated_uniform,50.0,2,2077,0.2519567232535125,12.597836162675623,0.1214421871159118,0.4679727664304571,0.9955537029317773,7197
energy,power_kw,static,leaf,M2_interval_ext,2,1.0,8,6,,4,0.1,p_gated_uniform,50.0,3,3077,0.2565156797137238,12.825783985686192,0.6337706775455766,0.4758927330832291,0.9955537029317773,7197
energy,power_kw,static,leaf,M2_interval_ext,2,1.0,8,6,,4,0.1,p_gated_uniform,50.0,4,4077,0.2474206945892564,12.371034729462822,0.2683105233724528,0.4707517020980964,0.9955537029317773,7197
energy,power_kw,static,leaf,M2_interval_ext,2,1.0,8,6,,4,0.1,p_gated_uniform,50.0,5,5077,0.2437913066011852,12.18956533005926,0.1843007813393034,0.4790885091010143,0.9955537029317773,7197
energy,power_kw,static,leaf,M3_walk_up,3,1.0,8,6,,4,0.1,p_gated_uniform,50.0,0,77,0.2560647136232145,12.803235681160723,0.0679619797677734,0.5086955308042319,7.86330011445161,35823
energy,power_kw,static,leaf,M3_walk_up,3,1.0,8,6,,4,0.1,p_gated_uniform,50.0,1,1077,0.2529590193821384,12.647950969106924,0.203157799632022,0.5167629735086398,7.86330011445161,35823
energy,power_kw,static,leaf,M3_walk_up,3,1.0,8,6,,4,0.1,p_gated_uniform,50.0,2,2077,0.2549714992265917,12.748574961329584,0.3352246814628736,0.5126873796164475,7.86330011445161,35823
energy,power_kw,static,leaf,M3_walk_up,3,1.0,8,6,,4,0.1,p_gated_uniform,50.0,3,3077,0.2574428510826653,12.872142554133264,0.118462260467277,0.5136085754961895,7.86330011445161,35823
energy,power_kw,static,leaf,M3_walk_up,3,1.0,8,6,,4,0.1,p_gated_uniform,50.0,4,4077,0.2645497013796114,13.22748506898057,0.1917123633019646,0.5174887642017698,7.86330011445161,35823
energy,power_kw,static,leaf,M3_walk_up,3,1.0,8,6,,4,0.1,p_gated_uniform,50.0,5,5077,0.2542039536397817,12.710197681989088,0.1532668411924175,0.5114591184434581,7.86330011445161,35823
energy,power_kw,static,pooled,M1_pgate,1,1.0,8,6,,4,0.1,p_gated_uniform,50.0,0,77,0.2584453422103639,12.922267110518195,0.3654106102145693,0.5085452271779908,7.827900514103098,35985
energy,power_kw,static,pooled,M1_pgate,1,1.0,8,6,,4,0.1,p_gated_uniform,50.0,1,1077,0.2530221927683159,12.651109638415797,0.1996458900555562,0.5164651938307628,7.827900514103098,35985
energy,power_kw,static,pooled,M1_pgate,1,1.0,8,6,,4,0.1,p_gated_uniform,50.0,2,2077,0.2565267231393071,12.826336156965354,0.1426430466428247,0.5124635264693622,7.827900514103098,35985
energy,power_kw,static,pooled,M1_pgate,1,1.0,8,6,,4,0.1,p_gated_uniform,50.0,3,3077,0.2561491792439784,12.807458962198922,0.2859467795634024,0.5132694178129776,7.827900514103098,35985
energy,power_kw,static,pooled,M1_pgate,1,1.0,8,6,,4,0.1,p_gated_uniform,50.0,4,4077,0.2639875882952509,13.199379414762548,0.1922619166739818,0.5171599277476726,7.827900514103098,35985
energy,power_kw,static,pooled,M1_pgate,1,1.0,8,6,,4,0.1,p_gated_uniform,50.0,5,5077,0.2537345891998209,12.686729459991046,0.1544499778808844,0.5107127969987495,7.827900514103098,35985
energy,power_kw,static,pooled,M2_interval_ext,2,1.0,8,6,,4,0.1,p_gated_uniform,50.0,0,77,0.2560647136232145,12.803235681160723,0.0679619797677734,0.5086955308042319,7.86330011445161,35823
energy,power_kw,static,pooled,M2_interval_ext,2,1.0,8,6,,4,0.1,p_gated_uniform,50.0,1,1077,0.2529590193821384,12.647950969106924,0.203157799632022,0.5167629735086398,7.86330011445161,35823
energy,power_kw,static,pooled,M2_interval_ext,2,1.0,8,6,,4,0.1,p_gated_uniform,50.0,2,2077,0.2549714992265917,12.748574961329584,0.3352246814628736,0.5126873796164475,7.86330011445161,35823
energy,power_kw,static,pooled,M2_interval_ext,2,1.0,8,6,,4,0.1,p_gated_uniform,50.0,3,3077,0.2574428510826653,12.872142554133264,0.118462260467277,0.5136085754961895,7.86330011445161,35823
energy,power_kw,static,pooled,M2_interval_ext,2,1.0,8,6,,4,0.1,p_gated_uniform,50.0,4,4077,0.2645497013796114,13.22748506898057,0.1917123633019646,0.5174887642017698,7.86330011445161,35823
energy,power_kw,static,pooled,M2_interval_ext,2,1.0,8,6,,4,0.1,p_gated_uniform,50.0,5,5077,0.2542039536397817,12.710197681989088,0.1532668411924175,0.5114591184434581,7.86330011445161,35823
energy,power_kw,static,pooled,M3_walk_up,3,1.0,8,6,,4,0.1,p_gated_uniform,50.0,0,77,0.2560647136232145,12.803235681160723,0.0679619797677734,0.5086955308042319,7.86330011445161,35823
energy,power_kw,static,pooled,M3_walk_up,3,1.0,8,6,,4,0.1,p_gated_uniform,50.0,1,1077,0.2529590193821384,12.647950969106924,0.203157799632022,0.5167629735086398,7.86330011445161,35823
energy,power_kw,static,pooled,M3_walk_up,3,1.0,8,6,,4,0.1,p_gated_uniform,50.0,2,2077,0.2549714992265917,12.748574961329584,0.3352246814628736,0.5126873796164475,7.86330011445161,35823
energy,power_kw,static,pooled,M3_walk_up,3,1.0,8,6,,4,0.1,p_gated_uniform,50.0,3,3077,0.2574428510826653,12.872142554133264,0.118462260467277,0.5136085754961895,7.86330011445161,35823
energy,power_kw,static,pooled,M3_walk_up,3,1.0,8,6,,4,0.1,p_gated_uniform,50.0,4,4077,0.2645497013796114,13.22748506898057,0.1917123633019646,0.5174887642017698,7.86330011445161,35823
energy,power_kw,static,pooled,M3_walk_up,3,1.0,8,6,,4,0.1,p_gated_uniform,50.0,5,5077,0.2542039536397817,12.710197681989088,0.1532668411924175,0.5114591184434581,7.86330011445161,35823
manufacturing,temperature,static,leaf,M1_pgate,1,1.0,8,6,,0,0.1,p_gated_uniform,200.0,0,77,0.4747955027850182,94.95910055700364,2.242935136847666,0.465,1.0,1000
manufacturing,temperature,static,leaf,M1_pgate,1,1.0,8,6,,0,0.1,p_gated_uniform,200.0,1,1077,0.477328758108742,95.4657516217484,0.2850597775592034,0.488,1.0,1000
manufacturing,temperature,static,leaf,M1_pgate,1,1.0,8,6,,0,0.1,p_gated_uniform,200.0,2,2077,0.459539900537634,91.9079801075268,0.3369925110280195,0.469,1.0,1000
manufacturing,temperature,static,leaf,M1_pgate,1,1.0,8,6,,0,0.1,p_gated_uniform,200.0,3,3077,0.5134114344095946,102.68228688191893,0.1807271789464627,0.488,1.0,1000
manufacturing,temperature,static,leaf,M1_pgate,1,1.0,8,6,,0,0.1,p_gated_uniform,200.0,4,4077,0.4687818953000049,93.756379060001,2.638238236979407,0.466,1.0,1000
manufacturing,temperature,static,leaf,M1_pgate,1,1.0,8,6,,0,0.1,p_gated_uniform,200.0,5,5077,0.4253038547981324,85.06077095962648,0.0891223591382059,0.485,1.0,1000
manufacturing,temperature,static,leaf,M2_interval_ext,2,1.0,8,6,,0,0.1,p_gated_uniform,200.0,0,77,0.4747955027850182,94.95910055700364,2.242935136847666,0.465,1.0,1000
manufacturing,temperature,static,leaf,M2_interval_ext,2,1.0,8,6,,0,0.1,p_gated_uniform,200.0,1,1077,0.477328758108742,95.4657516217484,0.2850597775592034,0.488,1.0,1000
manufacturing,temperature,static,leaf,M2_interval_ext,2,1.0,8,6,,0,0.1,p_gated_uniform,200.0,2,2077,0.459539900537634,91.9079801075268,0.3369925110280195,0.469,1.0,1000
manufacturing,temperature,static,leaf,M2_interval_ext,2,1.0,8,6,,0,0.1,p_gated_uniform,200.0,3,3077,0.5134114344095946,102.68228688191893,0.1807271789464627,0.488,1.0,1000
manufacturing,temperature,static,leaf,M2_interval_ext,2,1.0,8,6,,0,0.1,p_gated_uniform,200.0,4,4077,0.4687818953000049,93.756379060001,2.638238236979407,0.466,1.0,1000
manufacturing,temperature,static,leaf,M2_interval_ext,2,1.0,8,6,,0,0.1,p_gated_uniform,200.0,5,5077,0.4253038547981324,85.06077095962648,0.0891223591382059,0.485,1.0,1000
manufacturing,temperature,static,leaf,M3_walk_up,3,1.0,8,6,,0,0.1,p_gated_uniform,200.0,0,77,0.4181128378804788,83.62256757609578,1.7176660899396758,0.513,10.0,1000
manufacturing,temperature,static,leaf,M3_walk_up,3,1.0,8,6,,0,0.1,p_gated_uniform,200.0,1,1077,0.4708135688500151,94.16271377000302,0.1541333481542649,0.535,10.0,1000
manufacturing,temperature,static,leaf,M3_walk_up,3,1.0,8,6,,0,0.1,p_gated_uniform,200.0,2,2077,0.4610936693775254,92.21873387550508,0.2749530202338915,0.536,10.0,1000
manufacturing,temperature,static,leaf,M3_walk_up,3,1.0,8,6,,0,0.1,p_gated_uniform,200.0,3,3077,0.4245546761076923,84.91093522153847,2.3638094658935094,0.532,10.0,1000
manufacturing,temperature,static,leaf,M3_walk_up,3,1.0,8,6,,0,0.1,p_gated_uniform,200.0,4,4077,0.4398687584676601,87.97375169353204,1.5464912001203075,0.512,10.0,1000
manufacturing,temperature,static,leaf,M3_walk_up,3,1.0,8,6,,0,0.1,p_gated_uniform,200.0,5,5077,0.3899083753993107,77.98167507986214,0.1913013442521415,0.52,10.0,1000
manufacturing,temperature,static,pooled,M1_pgate,1,1.0,8,6,,0,0.1,p_gated_uniform,200.0,0,77,0.4181128378804788,83.62256757609578,1.7176660899396758,0.513,10.0,1000
manufacturing,temperature,static,pooled,M1_pgate,1,1.0,8,6,,0,0.1,p_gated_uniform,200.0,1,1077,0.4708135688500151,94.16271377000302,0.1541333481542649,0.535,10.0,1000
manufacturing,temperature,static,pooled,M1_pgate,1,1.0,8,6,,0,0.1,p_gated_uniform,200.0,2,2077,0.4610936693775254,92.21873387550508,0.2749530202338915,0.536,10.0,1000
manufacturing,temperature,static,pooled,M1_pgate,1,1.0,8,6,,0,0.1,p_gated_uniform,200.0,3,3077,0.4245546761076923,84.91093522153847,2.3638094658935094,0.532,10.0,1000
manufacturing,temperature,static,pooled,M1_pgate,1,1.0,8,6,,0,0.1,p_gated_uniform,200.0,4,4077,0.4398687584676601,87.97375169353204,1.5464912001203075,0.512,10.0,1000
manufacturing,temperature,static,pooled,M1_pgate,1,1.0,8,6,,0,0.1,p_gated_uniform,200.0,5,5077,0.3899083753993107,77.98167507986214,0.1913013442521415,0.52,10.0,1000
manufacturing,temperature,static,pooled,M2_interval_ext,2,1.0,8,6,,0,0.1,p_gated_uniform,200.0,0,77,0.4181128378804788,83.62256757609578,1.7176660899396758,0.513,10.0,1000
manufacturing,temperature,static,pooled,M2_interval_ext,2,1.0,8,6,,0,0.1,p_gated_uniform,200.0,1,1077,0.4708135688500151,94.16271377000302,0.1541333481542649,0.535,10.0,1000
manufacturing,temperature,static,pooled,M2_interval_ext,2,1.0,8,6,,0,0.1,p_gated_uniform,200.0,2,2077,0.4610936693775254,92.21873387550508,0.2749530202338915,0.536,10.0,1000
manufacturing,temperature,static,pooled,M2_interval_ext,2,1.0,8,6,,0,0.1,p_gated_uniform,200.0,3,3077,0.4245546761076923,84.91093522153847,2.3638094658935094,0.532,10.0,1000
manufacturing,temperature,static,pooled,M2_interval_ext,2,1.0,8,6,,0,0.1,p_gated_uniform,200.0,4,4077,0.4398687584676601,87.97375169353204,1.5464912001203075,0.512,10.0,1000
manufacturing,temperature,static,pooled,M2_interval_ext,2,1.0,8,6,,0,0.1,p_gated_uniform,200.0,5,5077,0.3899083753993107,77.98167507986214,0.1913013442521415,0.52,10.0,1000
manufacturing,temperature,static,pooled,M3_walk_up,3,1.0,8,6,,0,0.1,p_gated_uniform,200.0,0,77,0.4181128378804788,83.62256757609578,1.7176660899396758,0.513,10.0,1000
manufacturing,temperature,static,pooled,M3_walk_up,3,1.0,8,6,,0,0.1,p_gated_uniform,200.0,1,1077,0.4708135688500151,94.16271377000302,0.1541333481542649,0.535,10.0,1000
manufacturing,temperature,static,pooled,M3_walk_up,3,1.0,8,6,,0,0.1,p_gated_uniform,200.0,2,2077,0.4610936693775254,92.21873387550508,0.2749530202338915,0.536,10.0,1000
manufacturing,temperature,static,pooled,M3_walk_up,3,1.0,8,6,,0,0.1,p_gated_uniform,200.0,3,3077,0.4245546761076923,84.91093522153847,2.3638094658935094,0.532,10.0,1000
manufacturing,temperature,static,pooled,M3_walk_up,3,1.0,8,6,,0,0.1,p_gated_uniform,200.0,4,4077,0.4398687584676601,87.97375169353204,1.5464912001203075,0.512,10.0,1000
manufacturing,temperature,static,pooled,M3_walk_up,3,1.0,8,6,,0,0.1,p_gated_uniform,200.0,5,5077,0.3899083753993107,77.98167507986214,0.1913013442521415,0.52,10.0,1000
mobility,traffic_speed,static,leaf,M1_pgate,1,1.0,8,6,,0,0.1,p_gated_uniform,120.0,0,77,0.3491643218407936,41.89971862089524,0.1211907805927134,0.4592326139088729,0.3345323741007194,834
mobility,traffic_speed,static,leaf,M1_pgate,1,1.0,8,6,,0,0.1,p_gated_uniform,120.0,1,1077,0.3275681865931764,39.30818239118116,0.0769626266446003,0.4820143884892086,0.3345323741007194,834
mobility,traffic_speed,static,leaf,M1_pgate,1,1.0,8,6,,0,0.1,p_gated_uniform,120.0,2,2077,0.2932693651275989,35.19232381531187,0.0779225635565906,0.4592326139088729,0.3345323741007194,834
mobility,traffic_speed,static,leaf,M1_pgate,1,1.0,8,6,,0,0.1,p_gated_uniform,120.0,3,3077,0.3892250924498307,46.70701109397969,0.1079070946458323,0.4856115107913669,0.3345323741007194,834
mobility,traffic_speed,static,leaf,M1_pgate,1,1.0,8,6,,0,0.1,p_gated_uniform,120.0,4,4077,0.3103162479044731,37.23794974853678,0.2337100939442235,0.473621103117506,0.3345323741007194,834
mobility,traffic_speed,static,leaf,M1_pgate,1,1.0,8,6,,0,0.1,p_gated_uniform,120.0,5,5077,0.2882472969239012,34.58967563086814,0.1789037843267646,0.4844124700239808,0.3345323741007194,834
mobility,traffic_speed,static,leaf,M2_interval_ext,2,1.0,8,6,,0,0.1,p_gated_uniform,120.0,0,77,0.3491643218407936,41.89971862089524,0.1211907805927134,0.4592326139088729,0.3345323741007194,834
mobility,traffic_speed,static,leaf,M2_interval_ext,2,1.0,8,6,,0,0.1,p_gated_uniform,120.0,1,1077,0.3275681865931764,39.30818239118116,0.0769626266446003,0.4820143884892086,0.3345323741007194,834
mobility,traffic_speed,static,leaf,M2_interval_ext,2,1.0,8,6,,0,0.1,p_gated_uniform,120.0,2,2077,0.2932693651275989,35.19232381531187,0.0779225635565906,0.4592326139088729,0.3345323741007194,834
mobility,traffic_speed,static,leaf,M2_interval_ext,2,1.0,8,6,,0,0.1,p_gated_uniform,120.0,3,3077,0.3892250924498307,46.70701109397969,0.1079070946458323,0.4856115107913669,0.3345323741007194,834
mobility,traffic_speed,static,leaf,M2_interval_ext,2,1.0,8,6,,0,0.1,p_gated_uniform,120.0,4,4077,0.3103162479044731,37.23794974853678,0.2337100939442235,0.473621103117506,0.3345323741007194,834
mobility,traffic_speed,static,leaf,M2_interval_ext,2,1.0,8,6,,0,0.1,p_gated_uniform,120.0,5,5077,0.2882472969239012,34.58967563086814,0.1789037843267646,0.4844124700239808,0.3345323741007194,834
mobility,traffic_speed,static,leaf,M3_walk_up,3,1.0,8,6,,0,0.1,p_gated_uniform,120.0,0,77,0.4235693057399869,50.82831668879843,1.2656464345054632,0.4772182254196642,5.08273381294964,834
mobility,traffic_speed,static,leaf,M3_walk_up,3,1.0,8,6,,0,0.1,p_gated_uniform,120.0,1,1077,0.4764216074147614,57.17059288977137,0.1736963677392744,0.5059952038369304,5.08273381294964,834
mobility,traffic_speed,static,leaf,M3_walk_up,3,1.0,8,6,,0,0.1,p_gated_uniform,120.0,2,2077,0.4108300154662809,49.29960185595371,0.124334153635207,0.5,5.08273381294964,834
mobility,traffic_speed,static,leaf,M3_walk_up,3,1.0,8,6,,0,0.1,p_gated_uniform,120.0,3,3077,0.480465935971723,57.65591231660676,1.7022233013227055,0.5083932853717026,5.08273381294964,834
mobility,traffic_speed,static,leaf,M3_walk_up,3,1.0,8,6,,0,0.1,p_gated_uniform,120.0,4,4077,0.4373187811021605,52.47825373225926,0.8799431987436122,0.5,5.08273381294964,834
mobility,traffic_speed,static,leaf,M3_walk_up,3,1.0,8,6,,0,0.1,p_gated_uniform,120.0,5,5077,0.3914218886406516,46.970626636878194,0.7983314200939966,0.5059952038369304,5.08273381294964,834
mobility,traffic_speed,static,pooled,M1_pgate,1,1.0,8,6,,0,0.1,p_gated_uniform,120.0,0,77,0.4235693057399869,50.82831668879843,1.2656464345054632,0.4772182254196642,5.08273381294964,834
mobility,traffic_speed,static,pooled,M1_pgate,1,1.0,8,6,,0,0.1,p_gated_uniform,120.0,1,1077,0.4764216074147614,57.17059288977137,0.1736963677392744,0.5059952038369304,5.08273381294964,834
mobility,traffic_speed,static,pooled,M1_pgate,1,1.0,8,6,,0,0.1,p_gated_uniform,120.0,2,2077,0.4108300154662809,49.29960185595371,0.124334153635207,0.5,5.08273381294964,834
mobility,traffic_speed,static,pooled,M1_pgate,1,1.0,8,6,,0,0.1,p_gated_uniform,120.0,3,3077,0.480465935971723,57.65591231660676,1.7022233013227055,0.5083932853717026,5.08273381294964,834
mobility,traffic_speed,static,pooled,M1_pgate,1,1.0,8,6,,0,0.1,p_gated_uniform,120.0,4,4077,0.4373187811021605,52.47825373225926,0.8799431987436122,0.5,5.08273381294964,834
mobility,traffic_speed,static,pooled,M1_pgate,1,1.0,8,6,,0,0.1,p_gated_uniform,120.0,5,5077,0.3914218886406516,46.970626636878194,0.7983314200939966,0.5059952038369304,5.08273381294964,834
mobility,traffic_speed,static,pooled,M2_interval_ext,2,1.0,8,6,,0,0.1,p_gated_uniform,120.0,0,77,0.4235693057399869,50.82831668879843,1.2656464345054632,0.4772182254196642,5.08273381294964,834
mobility,traffic_speed,static,pooled,M2_interval_ext,2,1.0,8,6,,0,0.1,p_gated_uniform,120.0,1,1077,0.4764216074147614,57.17059288977137,0.1736963677392744,0.5059952038369304,5.08273381294964,834
mobility,traffic_speed,static,pooled,M2_interval_ext,2,1.0,8,6,,0,0.1,p_gated_uniform,120.0,2,2077,0.4108300154662809,49.29960185595371,0.124334153635207,0.5,5.08273381294964,834
mobility,traffic_speed,static,pooled,M2_interval_ext,2,1.0,8,6,,0,0.1,p_gated_uniform,120.0,3,3077,0.480465935971723,57.65591231660676,1.7022233013227055,0.5083932853717026,5.08273381294964,834
mobility,traffic_speed,static,pooled,M2_interval_ext,2,1.0,8,6,,0,0.1,p_gated_uniform,120.0,4,4077,0.4373187811021605,52.47825373225926,0.8799431987436122,0.5,5.08273381294964,834
mobility,traffic_speed,static,pooled,M2_interval_ext,2,1.0,8,6,,0,0.1,p_gated_uniform,120.0,5,5077,0.3914218886406516,46.970626636878194,0.7983314200939966,0.5059952038369304,5.08273381294964,834
mobility,traffic_speed,static,pooled,M3_walk_up,3,1.0,8,6,,0,0.1,p_gated_uniform,120.0,0,77,0.4235693057399869,50.82831668879843,1.2656464345054632,0.4772182254196642,5.08273381294964,834
mobility,traffic_speed,static,pooled,M3_walk_up,3,1.0,8,6,,0,0.1,p_gated_uniform,120.0,1,1077,0.4764216074147614,57.17059288977137,0.1736963677392744,0.5059952038369304,5.08273381294964,834
mobility,traffic_speed,static,pooled,M3_walk_up,3,1.0,8,6,,0,0.1,p_gated_uniform,120.0,2,2077,0.4108300154662809,49.29960185595371,0.124334153635207,0.5,5.08273381294964,834
mobility,traffic_speed,static,pooled,M3_walk_up,3,1.0,8,6,,0,0.1,p_gated_uniform,120.0,3,3077,0.480465935971723,57.65591231660676,1.7022233013227055,0.5083932853717026,5.08273381294964,834
mobility,traffic_speed,static,pooled,M3_walk_up,3,1.0,8,6,,0,0.1,p_gated_uniform,120.0,4,4077,0.4373187811021605,52.47825373225926,0.8799431987436122,0.5,5.08273381294964,834
mobility,traffic_speed,static,pooled,M3_walk_up,3,1.0,8,6,,0,0.1,p_gated_uniform,120.0,5,5077,0.3914218886406516,46.970626636878194,0.7983314200939966,0.5059952038369304,5.08273381294964,834
pune,pm10,static,leaf,M1_pgate,1,1.0,8,6,,4,0.1,p_gated_uniform,1000.0,0,77,0.2594883438158996,259.4883438158996,0.1594443059284712,0.4678641594162223,0.9915801291046872,3563
pune,pm10,static,leaf,M1_pgate,1,1.0,8,6,,4,0.1,p_gated_uniform,1000.0,1,1077,0.2710005489230417,271.0005489230418,0.2035977113490989,0.4847039012068481,0.9915801291046872,3563
pune,pm10,static,leaf,M1_pgate,1,1.0,8,6,,4,0.1,p_gated_uniform,1000.0,2,2077,0.2637420875283733,263.74208752837336,0.0838120727542393,0.4653381981476284,0.9915801291046872,3563
pune,pm10,static,leaf,M1_pgate,1,1.0,8,6,,4,0.1,p_gated_uniform,1000.0,3,3077,0.2581378746108416,258.1378746108416,0.157926008653553,0.4779680044905978,0.9915801291046872,3563
pune,pm10,static,leaf,M1_pgate,1,1.0,8,6,,4,0.1,p_gated_uniform,1000.0,4,4077,0.2315033970470501,231.50339704705016,0.382867350886402,0.4684254841425764,0.9915801291046872,3563
pune,pm10,static,leaf,M1_pgate,1,1.0,8,6,,4,0.1,p_gated_uniform,1000.0,5,5077,0.2363249632016665,236.3249632016665,0.1684277240097035,0.4731967443165871,0.9915801291046872,3563
pune,pm10,static,leaf,M2_interval_ext,2,1.0,8,6,,4,0.1,p_gated_uniform,1000.0,0,77,0.283276446179636,283.276446179636,0.2160180552630545,0.4572230014025245,0.9971949509116408,713
pune,pm10,static,leaf,M2_interval_ext,2,1.0,8,6,,4,0.1,p_gated_uniform,1000.0,1,1077,0.2632715556702873,263.27155567028734,0.2316357454645455,0.485273492286115,0.9971949509116408,713
pune,pm10,static,leaf,M2_interval_ext,2,1.0,8,6,,4,0.1,p_gated_uniform,1000.0,2,2077,0.2118690253428958,211.8690253428958,0.249815907660276,0.4768583450210378,0.9971949509116408,713
pune,pm10,static,leaf,M2_interval_ext,2,1.0,8,6,,4,0.1,p_gated_uniform,1000.0,3,3077,0.2835853895762961,283.5853895762961,0.1711490053226216,0.4866760168302945,0.9971949509116408,713
pune,pm10,static,leaf,M2_interval_ext,2,1.0,8,6,,4,0.1,p_gated_uniform,1000.0,4,4077,0.235576804729144,235.576804729144,0.2043783508572291,0.4726507713884993,0.9971949509116408,713
pune,pm10,static,leaf,M2_interval_ext,2,1.0,8,6,,4,0.1,p_gated_uniform,1000.0,5,5077,0.2163195655150131,216.3195655150131,0.3616205552736896,0.4796633941093969,0.9971949509116408,713
pune,pm10,static,leaf,M3_walk_up,3,1.0,8,6,,4,0.1,p_gated_uniform,1000.0,0,77,0.2538626715226476,253.8626715226476,0.287707391940008,0.5057736720554272,7.966512702078522,3464
pune,pm10,static,leaf,M3_walk_up,3,1.0,8,6,,4,0.1,p_gated_uniform,1000.0,1,1077,0.2582430723455908,258.24307234559086,0.2259302610080518,0.5236720554272517,7.966512702078522,3464
pune,pm10,static,leaf,M3_walk_up,3,1.0,8,6,,4,0.1,p_gated_uniform,1000.0,2,2077,0.2696465615602225,269.6465615602225,0.1639274343934369,0.5132794457274826,7.966512702078522,3464
pune,pm10,static,leaf,M3_walk_up,3,1.0,8,6,,4,0.1,p_gated_uniform,1000.0,3,3077,0.2533097391775997,253.30973917759977,0.2359914510945069,0.5193418013856813,7.966512702078522,3464
pune,pm10,static,leaf,M3_walk_up,3,1.0,8,6,,4,0.1,p_gated_uniform,1000.0,4,4077,0.2474290701160399,247.42907011603995,0.1454166032056949,0.5121247113163973,7.966512702078522,3464
pune,pm10,static,leaf,M3_walk_up,3,1.0,8,6,,4,0.1,p_gated_uniform,1000.0,5,5077,0.2572062512077072,257.2062512077072,0.1990630001921692,0.515877598152425,7.966512702078522,3464
pune,pm10,static,pooled,M1_pgate,1,1.0,8,6,,4,0.1,p_gated_uniform,1000.0,0,77,0.2444937013398389,244.4937013398389,0.2054793569849371,0.5021049677238283,7.840303115352231,3563
pune,pm10,static,pooled,M1_pgate,1,1.0,8,6,,4,0.1,p_gated_uniform,1000.0,1,1077,0.2658548642376038,265.8548642376038,0.2345764041183442,0.5239966320516418,7.840303115352231,3563
pune,pm10,static,pooled,M1_pgate,1,1.0,8,6,,4,0.1,p_gated_uniform,1000.0,2,2077,0.2693540716373849,269.35407163738495,0.1427238375786353,0.5133314622509122,7.840303115352231,3563
pune,pm10,static,pooled,M1_pgate,1,1.0,8,6,,4,0.1,p_gated_uniform,1000.0,3,3077,0.2580188454784725,258.01884547847254,0.3024281833503963,0.518664047151277,7.840303115352231,3563
pune,pm10,static,pooled,M1_pgate,1,1.0,8,6,,4,0.1,p_gated_uniform,1000.0,4,4077,0.2515277432030409,251.52774320304093,0.232444444792216,0.5147347740667977,7.840303115352231,3563
pune,pm10,static,pooled,M1_pgate,1,1.0,8,6,,4,0.1,p_gated_uniform,1000.0,5,5077,0.2536070414815984,253.6070414815984,0.1390370349902285,0.5127701375245579,7.840303115352231,3563
pune,pm10,static,pooled,M2_interval_ext,2,1.0,8,6,,4,0.1,p_gated_uniform,1000.0,0,77,0.2538626715226476,253.8626715226476,0.287707391940008,0.5057736720554272,7.966512702078522,3464
pune,pm10,static,pooled,M2_interval_ext,2,1.0,8,6,,4,0.1,p_gated_uniform,1000.0,1,1077,0.2582430723455908,258.24307234559086,0.2259302610080518,0.5236720554272517,7.966512702078522,3464
pune,pm10,static,pooled,M2_interval_ext,2,1.0,8,6,,4,0.1,p_gated_uniform,1000.0,2,2077,0.2696465615602225,269.6465615602225,0.1639274343934369,0.5132794457274826,7.966512702078522,3464
pune,pm10,static,pooled,M2_interval_ext,2,1.0,8,6,,4,0.1,p_gated_uniform,1000.0,3,3077,0.2533097391775997,253.30973917759977,0.2359914510945069,0.5193418013856813,7.966512702078522,3464
pune,pm10,static,pooled,M2_interval_ext,2,1.0,8,6,,4,0.1,p_gated_uniform,1000.0,4,4077,0.2474290701160399,247.42907011603995,0.1454166032056949,0.5121247113163973,7.966512702078522,3464
pune,pm10,static,pooled,M2_interval_ext,2,1.0,8,6,,4,0.1,p_gated_uniform,1000.0,5,5077,0.2572062512077072,257.2062512077072,0.1990630001921692,0.515877598152425,7.966512702078522,3464
pune,pm10,static,pooled,M3_walk_up,3,1.0,8,6,,4,0.1,p_gated_uniform,1000.0,0,77,0.2538626715226476,253.8626715226476,0.287707391940008,0.5057736720554272,7.966512702078522,3464
pune,pm10,static,pooled,M3_walk_up,3,1.0,8,6,,4,0.1,p_gated_uniform,1000.0,1,1077,0.2582430723455908,258.24307234559086,0.2259302610080518,0.5236720554272517,7.966512702078522,3464
pune,pm10,static,pooled,M3_walk_up,3,1.0,8,6,,4,0.1,p_gated_uniform,1000.0,2,2077,0.2696465615602225,269.6465615602225,0.1639274343934369,0.5132794457274826,7.966512702078522,3464
pune,pm10,static,pooled,M3_walk_up,3,1.0,8,6,,4,0.1,p_gated_uniform,1000.0,3,3077,0.2533097391775997,253.30973917759977,0.2359914510945069,0.5193418013856813,7.966512702078522,3464
pune,pm10,static,pooled,M3_walk_up,3,1.0,8,6,,4,0.1,p_gated_uniform,1000.0,4,4077,0.2474290701160399,247.42907011603995,0.1454166032056949,0.5121247113163973,7.966512702078522,3464
pune,pm10,static,pooled,M3_walk_up,3,1.0,8,6,,4,0.1,p_gated_uniform,1000.0,5,5077,0.2572062512077072,257.2062512077072,0.1990630001921692,0.515877598152425,7.966512702078522,3464
traffic,speed,static,leaf,M1_pgate,1,1.0,8,6,,0,0.1,p_gated_uniform,50.0,0,77,0.3964056448544223,19.82028224272112,0.1888950447389668,0.4348591549295774,0.9947183098591548,568
traffic,speed,static,leaf,M1_pgate,1,1.0,8,6,,0,0.1,p_gated_uniform,50.0,1,1077,0.3887657234683059,19.438286173415296,0.2609233310833709,0.4806338028169014,0.9947183098591548,568
traffic,speed,static,leaf,M1_pgate,1,1.0,8,6,,0,0.1,p_gated_uniform,50.0,2,2077,0.3461027736343778,17.305138681718894,0.3114212594936732,0.4735915492957746,0.9947183098591548,568
traffic,speed,static,leaf,M1_pgate,1,1.0,8,6,,0,0.1,p_gated_uniform,50.0,3,3077,0.4001265532842144,20.006327664210723,0.9109400506515852,0.5017605633802817,0.9947183098591548,568
traffic,speed,static,leaf,M1_pgate,1,1.0,8,6,,0,0.1,p_gated_uniform,50.0,4,4077,0.3632858241948739,18.16429120974369,0.4492795459718602,0.4823943661971831,0.9947183098591548,568
traffic,speed,static,leaf,M1_pgate,1,1.0,8,6,,0,0.1,p_gated_uniform,50.0,5,5077,0.3092902702090301,15.464513510451509,0.2610224995858229,0.4911971830985915,0.9947183098591548,568
traffic,speed,static,leaf,M2_interval_ext,2,1.0,8,6,,0,0.1,p_gated_uniform,50.0,0,77,0.3964056448544223,19.82028224272112,0.1888950447389668,0.4348591549295774,0.9947183098591548,568
traffic,speed,static,leaf,M2_interval_ext,2,1.0,8,6,,0,0.1,p_gated_uniform,50.0,1,1077,0.3887657234683059,19.438286173415296,0.2609233310833709,0.4806338028169014,0.9947183098591548,568
traffic,speed,static,leaf,M2_interval_ext,2,1.0,8,6,,0,0.1,p_gated_uniform,50.0,2,2077,0.3461027736343778,17.305138681718894,0.3114212594936732,0.4735915492957746,0.9947183098591548,568
traffic,speed,static,leaf,M2_interval_ext,2,1.0,8,6,,0,0.1,p_gated_uniform,50.0,3,3077,0.4001265532842144,20.006327664210723,0.9109400506515852,0.5017605633802817,0.9947183098591548,568
traffic,speed,static,leaf,M2_interval_ext,2,1.0,8,6,,0,0.1,p_gated_uniform,50.0,4,4077,0.3632858241948739,18.16429120974369,0.4492795459718602,0.4823943661971831,0.9947183098591548,568
traffic,speed,static,leaf,M2_interval_ext,2,1.0,8,6,,0,0.1,p_gated_uniform,50.0,5,5077,0.3092902702090301,15.464513510451509,0.2610224995858229,0.4911971830985915,0.9947183098591548,568
traffic,speed,static,leaf,M3_walk_up,3,1.0,8,6,,0,0.1,p_gated_uniform,50.0,0,77,0.384503295693594,19.225164784679706,0.3876105469390195,0.4630281690140845,5.926056338028169,568
traffic,speed,static,leaf,M3_walk_up,3,1.0,8,6,,0,0.1,p_gated_uniform,50.0,1,1077,0.4102970521400459,20.514852607002297,0.2254316360244886,0.5052816901408451,5.926056338028169,568
traffic,speed,static,leaf,M3_walk_up,3,1.0,8,6,,0,0.1,p_gated_uniform,50.0,2,2077,0.3780128835550356,18.900644177751783,0.3950154437154504,0.5264084507042254,5.926056338028169,568
traffic,speed,static,leaf,M3_walk_up,3,1.0,8,6,,0,0.1,p_gated_uniform,50.0,3,3077,0.4168775156387517,20.843875781937584,0.128411239175599,0.5211267605633803,5.926056338028169,568
traffic,speed,static,leaf,M3_walk_up,3,1.0,8,6,,0,0.1,p_gated_uniform,50.0,4,4077,0.3664771850207057,18.323859251035287,0.7461986198397276,0.5105633802816901,5.926056338028169,568
traffic,speed,static,leaf,M3_walk_up,3,1.0,8,6,,0,0.1,p_gated_uniform,50.0,5,5077,0.3265316695262324,16.326583476311622,0.8841811391532433,0.5158450704225352,5.926056338028169,568
traffic,speed,static,pooled,M1_pgate,1,1.0,8,6,,0,0.1,p_gated_uniform,50.0,0,77,0.384503295693594,19.225164784679706,0.3876105469390195,0.4630281690140845,5.926056338028169,568
traffic,speed,static,pooled,M1_pgate,1,1.0,8,6,,0,0.1,p_gated_uniform,50.0,1,1077,0.4102970521400459,20.514852607002297,0.2254316360244886,0.5052816901408451,5.926056338028169,568
traffic,speed,static,pooled,M1_pgate,1,1.0,8,6,,0,0.1,p_gated_uniform,50.0,2,2077,0.3780128835550356,18.900644177751783,0.3950154437154504,0.5264084507042254,5.926056338028169,568
traffic,speed,static,pooled,M1_pgate,1,1.0,8,6,,0,0.1,p_gated_uniform,50.0,3,3077,0.4168775156387517,20.843875781937584,0.128411239175599,0.5211267605633803,5.926056338028169,568
traffic,speed,static,pooled,M1_pgate,1,1.0,8,6,,0,0.1,p_gated_uniform,50.0,4,4077,0.3664771850207057,18.323859251035287,0.7461986198397276,0.5105633802816901,5.926056338028169,568
traffic,speed,static,pooled,M1_pgate,1,1.0,8,6,,0,0.1,p_gated_uniform,50.0,5,5077,0.3265316695262324,16.326583476311622,0.8841811391532433,0.5158450704225352,5.926056338028169,568
traffic,speed,static,pooled,M2_interval_ext,2,1.0,8,6,,0,0.1,p_gated_uniform,50.0,0,77,0.384503295693594,19.225164784679706,0.3876105469390195,0.4630281690140845,5.926056338028169,568
traffic,speed,static,pooled,M2_interval_ext,2,1.0,8,6,,0,0.1,p_gated_uniform,50.0,1,1077,0.4102970521400459,20.514852607002297,0.2254316360244886,0.5052816901408451,5.926056338028169,568
traffic,speed,static,pooled,M2_interval_ext,2,1.0,8,6,,0,0.1,p_gated_uniform,50.0,2,2077,0.3780128835550356,18.900644177751783,0.3950154437154504,0.5264084507042254,5.926056338028169,568
traffic,speed,static,pooled,M2_interval_ext,2,1.0,8,6,,0,0.1,p_gated_uniform,50.0,3,3077,0.4168775156387517,20.843875781937584,0.128411239175599,0.5211267605633803,5.926056338028169,568
traffic,speed,static,pooled,M2_interval_ext,2,1.0,8,6,,0,0.1,p_gated_uniform,50.0,4,4077,0.3664771850207057,18.323859251035287,0.7461986198397276,0.5105633802816901,5.926056338028169,568
traffic,speed,static,pooled,M2_interval_ext,2,1.0,8,6,,0,0.1,p_gated_uniform,50.0,5,5077,0.3265316695262324,16.326583476311622,0.8841811391532433,0.5158450704225352,5.926056338028169,568
traffic,speed,static,pooled,M3_walk_up,3,1.0,8,6,,0,0.1,p_gated_uniform,50.0,0,77,0.384503295693594,19.225164784679706,0.3876105469390195,0.4630281690140845,5.926056338028169,568
traffic,speed,static,pooled,M3_walk_up,3,1.0,8,6,,0,0.1,p_gated_uniform,50.0,1,1077,0.4102970521400459,20.514852607002297,0.2254316360244886,0.5052816901408451,5.926056338028169,568
traffic,speed,static,pooled,M3_walk_up,3,1.0,8,6,,0,0.1,p_gated_uniform,50.0,2,2077,0.3780128835550356,18.900644177751783,0.3950154437154504,0.5264084507042254,5.926056338028169,568
traffic,speed,static,pooled,M3_walk_up,3,1.0,8,6,,0,0.1,p_gated_uniform,50.0,3,3077,0.4168775156387517,20.843875781937584,0.128411239175599,0.5211267605633803,5.926056338028169,568
traffic,speed,static,pooled,M3_walk_up,3,1.0,8,6,,0,0.1,p_gated_uniform,50.0,4,4077,0.3664771850207057,18.323859251035287,0.7461986198397276,0.5105633802816901,5.926056338028169,568
traffic,speed,static,pooled,M3_walk_up,3,1.0,8,6,,0,0.1,p_gated_uniform,50.0,5,5077,0.3265316695262324,16.326583476311622,0.8841811391532433,0.5158450704225352,5.926056338028169,568
wearable,heart_rate,static,leaf,M1_pgate,1,1.0,8,6,,4,0.1,p_gated_uniform,190.0,0,77,0.621565646471306,118.09747282954812,1.7724906839079453,0.4033613445378151,1.0,119
wearable,heart_rate,static,leaf,M1_pgate,1,1.0,8,6,,4,0.1,p_gated_uniform,190.0,1,1077,0.5208910648797417,98.96930232715091,2.1419352879795217,0.4369747899159664,1.0,119
wearable,heart_rate,static,leaf,M1_pgate,1,1.0,8,6,,4,0.1,p_gated_uniform,190.0,2,2077,0.6804178234711915,129.2793864595264,0.1264627074264678,0.5042016806722689,1.0,119
wearable,heart_rate,static,leaf,M1_pgate,1,1.0,8,6,,4,0.1,p_gated_uniform,190.0,3,3077,0.681278186575007,129.44285544925134,1.0618876907437933,0.5042016806722689,1.0,119
wearable,heart_rate,static,leaf,M1_pgate,1,1.0,8,6,,4,0.1,p_gated_uniform,190.0,4,4077,0.4714727573422939,89.57982389503584,2.006168833227299,0.4621848739495798,1.0,119
wearable,heart_rate,static,leaf,M1_pgate,1,1.0,8,6,,4,0.1,p_gated_uniform,190.0,5,5077,0.5250848763824065,99.76612651265724,1.3974464281056038,0.5042016806722689,1.0,119
wearable,heart_rate,static,leaf,M2_interval_ext,2,1.0,8,6,,4,0.1,p_gated_uniform,190.0,0,77,0.6209898710151921,117.9880754928865,2.935616828046258,0.5,1.0,24
wearable,heart_rate,static,leaf,M2_interval_ext,2,1.0,8,6,,4,0.1,p_gated_uniform,190.0,1,1077,0.4511599598133621,85.7203923645388,2.9229449159452505,0.2916666666666667,1.0,24
wearable,heart_rate,static,leaf,M2_interval_ext,2,1.0,8,6,,4,0.1,p_gated_uniform,190.0,2,2077,1.3931185119993714,264.6925172798806,0.2617553822204829,0.5416666666666666,1.0,24
wearable,heart_rate,static,leaf,M2_interval_ext,2,1.0,8,6,,4,0.1,p_gated_uniform,190.0,3,3077,0.4227964760793838,80.33133045508293,1.8407327493948056,0.5,1.0,24
wearable,heart_rate,static,leaf,M2_interval_ext,2,1.0,8,6,,4,0.1,p_gated_uniform,190.0,4,4077,0.5192477895411105,98.657080012811,3.396222676966369,0.6666666666666666,1.0,24
wearable,heart_rate,static,leaf,M2_interval_ext,2,1.0,8,6,,4,0.1,p_gated_uniform,190.0,5,5077,0.422025049697434,80.18475944251247,2.316683155186204,0.4166666666666667,1.0,24
wearable,heart_rate,static,leaf,M3_walk_up,3,1.0,8,6,,4,0.1,p_gated_uniform,190.0,0,77,0.5115488089982078,97.19427370965948,1.3978540249248963,0.4660194174757281,9.50485436893204,103
wearable,heart_rate,static,leaf,M3_walk_up,3,1.0,8,6,,4,0.1,p_gated_uniform,190.0,1,1077,0.5658212352907971,107.50603470525144,2.5948183520974566,0.4757281553398058,9.50485436893204,103
wearable,heart_rate,static,leaf,M3_walk_up,3,1.0,8,6,,4,0.1,p_gated_uniform,190.0,2,2077,0.5778281672157345,109.78735177098956,0.5449642958721762,0.6116504854368932,9.50485436893204,103
wearable,heart_rate,static,leaf,M3_walk_up,3,1.0,8,6,,4,0.1,p_gated_uniform,190.0,3,3077,0.537872197455897,102.19571751662043,0.8924293841202618,0.5339805825242718,9.50485436893204,103
wearable,heart_rate,static,leaf,M3_walk_up,3,1.0,8,6,,4,0.1,p_gated_uniform,190.0,4,4077,0.5044986949364744,95.85475203793014,1.3727395784399368,0.5533980582524272,9.50485436893204,103
wearable,heart_rate,static,leaf,M3_walk_up,3,1.0,8,6,,4,0.1,p_gated_uniform,190.0,5,5077,0.559214590099858,106.25077211897302,1.583383251424901,0.5631067961165048,9.50485436893204,103
wearable,heart_rate,static,pooled,M1_pgate,1,1.0,8,6,,4,0.1,p_gated_uniform,190.0,0,77,0.6018513495897764,114.35175642205752,0.1078500544815588,0.453781512605042,8.403361344537815,119
wearable,heart_rate,static,pooled,M1_pgate,1,1.0,8,6,,4,0.1,p_gated_uniform,190.0,1,1077,0.5560421945680409,105.6480169679278,1.9232813955493369,0.4957983193277311,8.403361344537815,119
wearable,heart_rate,static,pooled,M1_pgate,1,1.0,8,6,,4,0.1,p_gated_uniform,190.0,2,2077,0.5655287763828847,107.45046751274808,0.6072508712890688,0.5546218487394958,8.403361344537815,119
wearable,heart_rate,static,pooled,M1_pgate,1,1.0,8,6,,4,0.1,p_gated_uniform,190.0,3,3077,0.5458842417314003,103.71800592896604,0.9274355557487874,0.5294117647058824,8.403361344537815,119
wearable,heart_rate,static,pooled,M1_pgate,1,1.0,8,6,,4,0.1,p_gated_uniform,190.0,4,4077,0.4941279111284539,93.88430311440624,1.2994232301721769,0.5294117647058824,8.403361344537815,119
wearable,heart_rate,static,pooled,M1_pgate,1,1.0,8,6,,4,0.1,p_gated_uniform,190.0,5,5077,0.5508038086100356,104.65272363590678,1.339061486322182,0.5294117647058824,8.403361344537815,119
wearable,heart_rate,static,pooled,M2_interval_ext,2,1.0,8,6,,4,0.1,p_gated_uniform,190.0,0,77,0.5115488089982078,97.19427370965948,1.3978540249248963,0.4660194174757281,9.50485436893204,103
wearable,heart_rate,static,pooled,M2_interval_ext,2,1.0,8,6,,4,0.1,p_gated_uniform,190.0,1,1077,0.5658212352907971,107.50603470525144,2.5948183520974566,0.4757281553398058,9.50485436893204,103
wearable,heart_rate,static,pooled,M2_interval_ext,2,1.0,8,6,,4,0.1,p_gated_uniform,190.0,2,2077,0.5778281672157345,109.78735177098956,0.5449642958721762,0.6116504854368932,9.50485436893204,103
wearable,heart_rate,static,pooled,M2_interval_ext,2,1.0,8,6,,4,0.1,p_gated_uniform,190.0,3,3077,0.537872197455897,102.19571751662043,0.8924293841202618,0.5339805825242718,9.50485436893204,103
wearable,heart_rate,static,pooled,M2_interval_ext,2,1.0,8,6,,4,0.1,p_gated_uniform,190.0,4,4077,0.5044986949364744,95.85475203793014,1.3727395784399368,0.5533980582524272,9.50485436893204,103
wearable,heart_rate,static,pooled,M2_interval_ext,2,1.0,8,6,,4,0.1,p_gated_uniform,190.0,5,5077,0.559214590099858,106.25077211897302,1.583383251424901,0.5631067961165048,9.50485436893204,103
wearable,heart_rate,static,pooled,M3_walk_up,3,1.0,8,6,,4,0.1,p_gated_uniform,190.0,0,77,0.5115488089982078,97.19427370965948,1.3978540249248963,0.4660194174757281,9.50485436893204,103
wearable,heart_rate,static,pooled,M3_walk_up,3,1.0,8,6,,4,0.1,p_gated_uniform,190.0,1,1077,0.5658212352907971,107.50603470525144,2.5948183520974566,0.4757281553398058,9.50485436893204,103
wearable,heart_rate,static,pooled,M3_walk_up,3,1.0,8,6,,4,0.1,p_gated_uniform,190.0,2,2077,0.5778281672157345,109.78735177098956,0.5449642958721762,0.6116504854368932,9.50485436893204,103
wearable,heart_rate,static,pooled,M3_walk_up,3,1.0,8,6,,4,0.1,p_gated_uniform,190.0,3,3077,0.537872197455897,102.19571751662043,0.8924293841202618,0.5339805825242718,9.50485436893204,103
wearable,heart_rate,static,pooled,M3_walk_up,3,1.0,8,6,,4,0.1,p_gated_uniform,190.0,4,4077,0.5044986949364744,95.85475203793014,1.3727395784399368,0.5533980582524272,9.50485436893204,103
wearable,heart_rate,static,pooled,M3_walk_up,3,1.0,8,6,,4,0.1,p_gated_uniform,190.0,5,5077,0.559214590099858,106.25077211897302,1.583383251424901,0.5631067961165048,9.50485436893204,103
