dataset,sensor,clamp_mode,leaf_publisher,P_min,P_max,epsilon,w,rho_split,n_levels,trial,seed,greedy_level,greedy_scope,greedy_n_pubs,greedy_normalized_mae,greedy_release_rate,greedy_levels_probed,greedy_eps_count_spent,brute_level,brute_scope,brute_normalized_mae,brute_release_rate,brute_levels_probed,brute_eps_count_spent,nmae_gap,eps_count_saved,probe_speedup
energy,power_kw,static,CT1,6,,1.0,8,0.1,4,0,77,4,energy/building01/CT1/power_kw,1,0.2599014894541795,0.4662461976390478,1,0.0125,2,energy/building01,0.2572971265618444,0.5088047330672844,4,0.05,0.0026043628923351,0.0375,4.0
energy,power_kw,static,CT1,6,,1.0,8,0.1,4,1,1077,4,energy/building01/CT1/power_kw,1,0.2583284237783665,0.4752044205062373,1,0.0125,2,energy/building01,0.2531479836284973,0.5169257388440822,4,0.05,0.0051804401498691,0.0375,4.0
energy,power_kw,static,CT1,6,,1.0,8,0.1,4,2,2077,4,energy/building01/CT1/power_kw,1,0.2530277505690969,0.4691485502190718,1,0.0125,4,energy/building01/CT1/power_kw,0.2530277505690969,0.4691485502190718,4,0.05,0.0,0.0375,4.0
energy,power_kw,static,CT1,6,,1.0,8,0.1,4,3,3077,1,energy,12,0.257702004911912,0.5135210560098233,4,0.05,2,energy/building01,0.257702004911912,0.5135210560098233,4,0.05,0.0,0.0,1.0
energy,power_kw,static,CT1,6,,1.0,8,0.1,4,4,4077,4,energy/building01/CT1/power_kw,1,0.2530369811837421,0.4729997488348729,1,0.0125,4,energy/building01/CT1/power_kw,0.2530369811837421,0.4729997488348729,4,0.05,0.0,0.0375,4.0
energy,power_kw,static,CT1,6,,1.0,8,0.1,4,5,5077,4,energy/building01/CT1/power_kw,1,0.2588054786392497,0.4709346133452404,1,0.0125,2,energy/building01,0.2545314831656688,0.5114559205201908,4,0.05,0.0042739954735808,0.0375,4.0
energy,voltage,static,CT1,6,,1.0,8,0.1,4,0,77,4,energy/building01/CT1/voltage,1,2.772072546233248,0.4662461976390478,1,0.0125,2,energy/building01,2.094460643827856,0.5354561437780817,4,0.05,0.6776119024053924,0.0375,4.0
energy,voltage,static,CT1,6,,1.0,8,0.1,4,1,1077,4,energy/building01/CT1/voltage,1,2.766179029788256,0.4752044205062373,1,0.0125,2,energy/building01,2.108028998286298,0.5422934166829458,4,0.05,0.6581500315019575,0.0375,4.0
energy,voltage,static,CT1,6,,1.0,8,0.1,4,2,2077,4,energy/building01/CT1/voltage,1,2.776949863259384,0.4691485502190718,1,0.0125,2,energy/building01,2.110247309349419,0.5374096503223286,4,0.05,0.6667025539099645,0.0375,4.0
energy,voltage,static,CT1,6,,1.0,8,0.1,4,3,3077,1,energy,12,2.1177760525255667,0.5380794239946418,4,0.05,2,energy/building01,2.1177760525255667,0.5380794239946418,4,0.05,0.0,0.0,1.0
energy,voltage,static,CT1,6,,1.0,8,0.1,4,4,4077,4,energy/building01/CT1/voltage,1,2.7785728178315026,0.4729997488348729,1,0.0125,2,energy/building01,2.106267036319013,0.5423213239192922,4,0.05,0.67230578151249,0.0375,4.0
energy,voltage,static,CT1,6,,1.0,8,0.1,4,5,5077,4,energy/building01/CT1/voltage,1,2.7743115301714254,0.4709346133452404,1,0.0125,2,energy/building01,2.099215543202195,0.5359584740323166,4,0.05,0.6750959869692306,0.0375,4.0
energy,current,static,CT1,6,,1.0,8,0.1,4,0,77,4,energy/building01/CT1/current,1,0.265488914288815,0.4662461976390478,1,0.0125,2,energy/building01,0.258254816994687,0.4950185583121703,4,0.05,0.0072340972941279,0.0375,4.0
energy,current,static,CT1,6,,1.0,8,0.1,4,1,1077,4,energy/building01/CT1/current,1,0.2638452098534936,0.4752044205062373,1,0.0125,2,energy/building01,0.2538271996751289,0.5039488739430135,4,0.05,0.0100180101783647,0.0375,4.0
energy,current,static,CT1,6,,1.0,8,0.1,4,2,2077,4,energy/building01/CT1/current,1,0.2587129367596152,0.4691485502190718,1,0.0125,2,energy/building01,0.2533950936798429,0.4989255714006642,4,0.05,0.0053178430797723,0.0375,4.0
energy,current,static,CT1,6,,1.0,8,0.1,4,3,3077,1,energy,12,0.2613041879961121,0.4999581391454804,4,0.05,2,energy/building01,0.2613041879961121,0.4999581391454804,4,0.05,0.0,0.0,1.0
energy,current,static,CT1,6,,1.0,8,0.1,4,4,4077,4,energy/building01/CT1/current,1,0.2590510479660426,0.4729997488348729,1,0.0125,4,energy/building01/CT1/current,0.2590510479660426,0.4729997488348729,4,0.05,0.0,0.0375,4.0
energy,current,static,CT1,6,,1.0,8,0.1,4,5,5077,4,energy/building01/CT1/current,1,0.2643185472427219,0.4709346133452404,1,0.0125,2,energy/building01,0.2558516612615584,0.4988139424552786,4,0.05,0.0084668859811635,0.0375,4.0
manufacturing,temperature,static,sub_0,6,,1.0,8,0.1,5,0,77,5,factory/line1/sorting/machine0/temperature,1,0.4747955027850182,0.465,1,0.0125,2,factory/line1,0.4181128378804788,0.513,5,0.0625,0.0566826649045393,0.05,5.0
manufacturing,temperature,static,sub_0,6,,1.0,8,0.1,5,1,1077,5,factory/line1/sorting/machine0/temperature,1,0.477328758108742,0.488,1,0.0125,2,factory/line1,0.4708135688500151,0.535,5,0.0625,0.0065151892587269,0.05,5.0
manufacturing,temperature,static,sub_0,6,,1.0,8,0.1,5,2,2077,5,factory/line1/sorting/machine0/temperature,1,0.459539900537634,0.469,1,0.0125,3,factory/line1/sorting,0.4525648944112588,0.485,5,0.0625,0.0069750061263751,0.05,5.0
manufacturing,temperature,static,sub_0,6,,1.0,8,0.1,5,3,3077,2,factory/line1,10,0.4245546761076923,0.532,4,0.05,2,factory/line1,0.4245546761076923,0.532,5,0.0625,0.0,0.0124999999999999,1.25
manufacturing,temperature,static,sub_0,6,,1.0,8,0.1,5,4,4077,5,factory/line1/sorting/machine0/temperature,1,0.4687818953000049,0.466,1,0.0125,2,factory/line1,0.4398687584676601,0.512,5,0.0625,0.0289131368323448,0.05,5.0
manufacturing,temperature,static,sub_0,6,,1.0,8,0.1,5,5,5077,5,factory/line1/sorting/machine0/temperature,1,0.4253038547981324,0.485,1,0.0125,2,factory/line1,0.3899083753993107,0.52,5,0.0625,0.0353954793988217,0.05,5.0
manufacturing,machine_speed,static,sub_0,6,,1.0,8,0.1,5,0,77,5,factory/line1/sorting/machine0/machine_speed,1,0.4182908791653208,0.465,1,0.0125,2,factory/line1,0.3739008913848298,0.513,5,0.0625,0.044389987780491,0.05,5.0
manufacturing,machine_speed,static,sub_0,6,,1.0,8,0.1,5,1,1077,5,factory/line1/sorting/machine0/machine_speed,1,0.4204898008116854,0.488,1,0.0125,5,factory/line1/sorting/machine0/machine_speed,0.4204898008116854,0.488,5,0.0625,0.0,0.05,5.0
manufacturing,machine_speed,static,sub_0,6,,1.0,8,0.1,5,2,2077,5,factory/line1/sorting/machine0/machine_speed,1,0.3944472733863952,0.469,1,0.0125,3,factory/line1/sorting,0.3915688259492582,0.485,5,0.0625,0.0028784474371369,0.05,5.0
manufacturing,machine_speed,static,sub_0,6,,1.0,8,0.1,5,3,3077,2,factory/line1,10,0.3785678463364799,0.532,4,0.05,2,factory/line1,0.3785678463364799,0.532,5,0.0625,0.0,0.0124999999999999,1.25
manufacturing,machine_speed,static,sub_0,6,,1.0,8,0.1,5,4,4077,5,factory/line1/sorting/machine0/machine_speed,1,0.4080185361794327,0.466,1,0.0125,3,factory/line1/sorting,0.3913186409206141,0.473,5,0.0625,0.0166998952588186,0.05,5.0
manufacturing,machine_speed,static,sub_0,6,,1.0,8,0.1,5,5,5077,5,factory/line1/sorting/machine0/machine_speed,1,0.3666363294660462,0.485,1,0.0125,2,factory/line1,0.3425511475128213,0.52,5,0.0625,0.0240851819532248,0.05,5.0
manufacturing,quality,static,sub_0,6,,1.0,8,0.1,5,0,77,5,factory/line1/sorting/machine0/quality,1,0.8726637238550451,0.465,1,0.0125,2,factory/line1,0.7310189505914211,0.513,5,0.0625,0.141644773263624,0.05,5.0
manufacturing,quality,static,sub_0,6,,1.0,8,0.1,5,1,1077,5,factory/line1/sorting/machine0/quality,1,0.8798767793717668,0.488,1,0.0125,2,factory/line1,0.7840149930073126,0.535,5,0.0625,0.0958617863644542,0.05,5.0
manufacturing,quality,static,sub_0,6,,1.0,8,0.1,5,2,2077,5,factory/line1/sorting/machine0/quality,1,0.8887080164699086,0.469,1,0.0125,2,factory/line1,0.7856293354278908,0.536,5,0.0625,0.1030786810420177,0.05,5.0
manufacturing,quality,static,sub_0,6,,1.0,8,0.1,5,3,3077,2,factory/line1,10,0.7427440368023223,0.532,4,0.05,2,factory/line1,0.7427440368023223,0.532,5,0.0625,0.0,0.0124999999999999,1.25
manufacturing,quality,static,sub_0,6,,1.0,8,0.1,5,4,4077,5,factory/line1/sorting/machine0/quality,1,0.8827083849782736,0.466,1,0.0125,2,factory/line1,0.7569267989678529,0.512,5,0.0625,0.1257815860104207,0.05,5.0
manufacturing,quality,static,sub_0,6,,1.0,8,0.1,5,5,5077,5,factory/line1/sorting/machine0/quality,1,0.8399947703423256,0.485,1,0.0125,2,factory/line1,0.7215396572717027,0.52,5,0.0625,0.1184551130706229,0.05,5.0
manufacturing,vibration,static,sub_0,6,,1.0,8,0.1,5,0,77,5,factory/line1/sorting/machine0/vibration,1,0.2809187069296713,0.465,1,0.0125,2,factory/line1,0.2661501572335501,0.513,5,0.0625,0.0147685496961212,0.05,5.0
manufacturing,vibration,static,sub_0,6,,1.0,8,0.1,5,1,1077,5,factory/line1/sorting/machine0/vibration,1,0.2779944496918797,0.488,1,0.0125,5,factory/line1/sorting/machine0/vibration,0.2779944496918797,0.488,5,0.0625,0.0,0.05,5.0
manufacturing,vibration,static,sub_0,6,,1.0,8,0.1,5,2,2077,5,factory/line1/sorting/machine0/vibration,1,0.229832240184597,0.469,1,0.0125,5,factory/line1/sorting/machine0/vibration,0.229832240184597,0.469,5,0.0625,0.0,0.05,5.0
manufacturing,vibration,static,sub_0,6,,1.0,8,0.1,5,3,3077,2,factory/line1,10,0.2598801213140366,0.532,4,0.05,2,factory/line1,0.2598801213140366,0.532,5,0.0625,0.0,0.0124999999999999,1.25
manufacturing,vibration,static,sub_0,6,,1.0,8,0.1,5,4,4077,5,factory/line1/sorting/machine0/vibration,1,0.2466344200723179,0.466,1,0.0125,3,factory/line1/sorting,0.2368797339726393,0.473,5,0.0625,0.0097546860996786,0.05,5.0
manufacturing,vibration,static,sub_0,6,,1.0,8,0.1,5,5,5077,5,factory/line1/sorting/machine0/vibration,1,0.2309364373865925,0.485,1,0.0125,3,factory/line1/sorting,0.2265954268875439,0.485,5,0.0625,0.0043410104990486,0.05,5.0
manufacturing,energy,static,sub_0,6,,1.0,8,0.1,5,0,77,5,factory/line1/sorting/machine0/energy,1,0.3221913684292367,0.465,1,0.0125,2,factory/line1,0.2972454605481056,0.513,5,0.0625,0.0249459078811311,0.05,5.0
manufacturing,energy,static,sub_0,6,,1.0,8,0.1,5,1,1077,5,factory/line1/sorting/machine0/energy,1,0.3201480494284501,0.488,1,0.0125,5,factory/line1/sorting/machine0/energy,0.3201480494284501,0.488,5,0.0625,0.0,0.05,5.0
manufacturing,energy,static,sub_0,6,,1.0,8,0.1,5,2,2077,5,factory/line1/sorting/machine0/energy,1,0.2765033326378473,0.469,1,0.0125,5,factory/line1/sorting/machine0/energy,0.2765033326378473,0.469,5,0.0625,0.0,0.05,5.0
manufacturing,energy,static,sub_0,6,,1.0,8,0.1,5,3,3077,2,factory/line1,10,0.2963136462212276,0.532,4,0.05,2,factory/line1,0.2963136462212276,0.532,5,0.0625,0.0,0.0124999999999999,1.25
manufacturing,energy,static,sub_0,6,,1.0,8,0.1,5,4,4077,5,factory/line1/sorting/machine0/energy,1,0.2966383768206478,0.466,1,0.0125,3,factory/line1/sorting,0.2839592504438111,0.473,5,0.0625,0.0126791263768367,0.05,5.0
manufacturing,energy,static,sub_0,6,,1.0,8,0.1,5,5,5077,5,factory/line1/sorting/machine0/energy,1,0.2706060669218503,0.485,1,0.0125,2,factory/line1,0.2606793829462042,0.52,5,0.0625,0.0099266839756461,0.05,5.0
mobility,traffic_speed,static,cell_0_1,6,,1.0,8,0.1,5,0,77,5,mobility/nyc/SW/cell_0_1/traffic_speed,1,0.4359844169496681,0.4212034383954154,1,0.0125,2,mobility/nyc,0.4235693057399869,0.4772182254196642,5,0.0625,0.0124151112096812,0.05,5.0
mobility,traffic_speed,static,cell_0_1,6,,1.0,8,0.1,5,1,1077,5,mobility/nyc/SW/cell_0_1/traffic_speed,1,0.4739950143362753,0.4527220630372492,1,0.0125,3,mobility/nyc/SW,0.4491289159779435,0.4913544668587896,5,0.0625,0.0248660983583318,0.05,5.0
mobility,traffic_speed,static,cell_0_1,6,,1.0,8,0.1,5,2,2077,5,mobility/nyc/SW/cell_0_1/traffic_speed,1,0.4298557478089428,0.4899713467048711,1,0.0125,2,mobility/nyc,0.4108300154662809,0.5,5,0.0625,0.0190257323426619,0.05,5.0
mobility,traffic_speed,static,cell_0_1,6,,1.0,8,0.1,5,3,3077,2,mobility/nyc,16,0.480465935971723,0.5083932853717026,4,0.05,3,mobility/nyc/SW,0.4644117057089232,0.4913544668587896,5,0.0625,0.0160542302627997,0.0124999999999999,1.25
mobility,traffic_speed,static,cell_0_1,6,,1.0,8,0.1,5,4,4077,5,mobility/nyc/SW/cell_0_1/traffic_speed,1,0.3768528887339507,0.4871060171919771,1,0.0125,5,mobility/nyc/SW/cell_0_1/traffic_speed,0.3768528887339507,0.4871060171919771,5,0.0625,0.0,0.05,5.0
mobility,traffic_speed,static,cell_0_1,6,,1.0,8,0.1,5,5,5077,5,mobility/nyc/SW/cell_0_1/traffic_speed,1,0.3615153850758748,0.4785100286532951,1,0.0125,5,mobility/nyc/SW/cell_0_1/traffic_speed,0.3615153850758748,0.4785100286532951,5,0.0625,0.0,0.05,5.0
mobility,vehicle_count,static,cell_0_1,6,,1.0,8,0.1,5,0,77,5,mobility/nyc/SW/cell_0_1/vehicle_count,1,0.4340024851260686,0.4212034383954154,1,0.0125,2,mobility/nyc,0.3946984232988372,0.4772182254196642,5,0.0625,0.0393040618272313,0.05,5.0
mobility,vehicle_count,static,cell_0_1,6,,1.0,8,0.1,5,1,1077,5,mobility/nyc/SW/cell_0_1/vehicle_count,1,0.4595740710248779,0.4527220630372492,1,0.0125,3,mobility/nyc/SW,0.4307322168939895,0.4913544668587896,5,0.0625,0.0288418541308884,0.05,5.0
mobility,vehicle_count,static,cell_0_1,6,,1.0,8,0.1,5,2,2077,5,mobility/nyc/SW/cell_0_1/vehicle_count,1,0.4030513746078945,0.4899713467048711,1,0.0125,2,mobility/nyc,0.3816863106079364,0.5,5,0.0625,0.021365063999958,0.05,5.0
mobility,vehicle_count,static,cell_0_1,6,,1.0,8,0.1,5,3,3077,2,mobility/nyc,16,0.4474672802988363,0.5083932853717026,4,0.05,3,mobility/nyc/SW,0.4386224833581471,0.4913544668587896,5,0.0625,0.0088447969406891,0.0124999999999999,1.25
mobility,vehicle_count,static,cell_0_1,6,,1.0,8,0.1,5,4,4077,5,mobility/nyc/SW/cell_0_1/vehicle_count,1,0.3605120674138581,0.4871060171919771,1,0.0125,5,mobility/nyc/SW/cell_0_1/vehicle_count,0.3605120674138581,0.4871060171919771,5,0.0625,0.0,0.05,5.0
mobility,vehicle_count,static,cell_0_1,6,,1.0,8,0.1,5,5,5077,5,mobility/nyc/SW/cell_0_1/vehicle_count,1,0.3492938948143777,0.4785100286532951,1,0.0125,5,mobility/nyc/SW/cell_0_1/vehicle_count,0.3492938948143777,0.4785100286532951,5,0.0625,0.0,0.05,5.0
mobility,road_occupancy,static,cell_0_1,6,,1.0,8,0.1,5,0,77,5,mobility/nyc/SW/cell_0_1/road_occupancy,1,0.5715629089771267,0.4212034383954154,1,0.0125,2,mobility/nyc,0.5636043302569749,0.4772182254196642,5,0.0625,0.0079585787201518,0.05,5.0
mobility,road_occupancy,static,cell_0_1,6,,1.0,8,0.1,5,1,1077,5,mobility/nyc/SW/cell_0_1/road_occupancy,1,0.6205465272769228,0.4527220630372492,1,0.0125,3,mobility/nyc/SW,0.6076438247181812,0.4913544668587896,5,0.0625,0.0129027025587415,0.05,5.0
mobility,road_occupancy,static,cell_0_1,6,,1.0,8,0.1,5,2,2077,5,mobility/nyc/SW/cell_0_1/road_occupancy,1,0.5649184095654836,0.4899713467048711,1,0.0125,2,mobility/nyc,0.5619986433427102,0.5,5,0.0625,0.0029197662227733,0.05,5.0
mobility,road_occupancy,static,cell_0_1,6,,1.0,8,0.1,5,3,3077,2,mobility/nyc,16,0.6193888382416906,0.5083932853717026,4,0.05,3,mobility/nyc/SW,0.6181271387487995,0.4913544668587896,5,0.0625,0.001261699492891,0.0124999999999999,1.25
mobility,road_occupancy,static,cell_0_1,6,,1.0,8,0.1,5,4,4077,5,mobility/nyc/SW/cell_0_1/road_occupancy,1,0.5357939110769496,0.4871060171919771,1,0.0125,5,mobility/nyc/SW/cell_0_1/road_occupancy,0.5357939110769496,0.4871060171919771,5,0.0625,0.0,0.05,5.0
mobility,road_occupancy,static,cell_0_1,6,,1.0,8,0.1,5,5,5077,5,mobility/nyc/SW/cell_0_1/road_occupancy,1,0.5105647597630739,0.4785100286532951,1,0.0125,5,mobility/nyc/SW/cell_0_1/road_occupancy,0.5105647597630739,0.4785100286532951,5,0.0625,0.0,0.05,5.0
mobility,emission,static,cell_0_1,6,,1.0,8,0.1,5,0,77,5,mobility/nyc/SW/cell_0_1/emission,1,0.4337398513117979,0.4212034383954154,1,0.0125,2,mobility/nyc,0.4170313987282559,0.4772182254196642,5,0.0625,0.0167084525835419,0.05,5.0
mobility,emission,static,cell_0_1,6,,1.0,8,0.1,5,1,1077,5,mobility/nyc/SW/cell_0_1/emission,1,0.4644244389082249,0.4527220630372492,1,0.0125,3,mobility/nyc/SW,0.4450120283908417,0.4913544668587896,5,0.0625,0.0194124105173832,0.05,5.0
mobility,emission,static,cell_0_1,6,,1.0,8,0.1,5,2,2077,5,mobility/nyc/SW/cell_0_1/emission,1,0.4152708675954777,0.4899713467048711,1,0.0125,2,mobility/nyc,0.4046621003337725,0.5,5,0.0625,0.0106087672617052,0.05,5.0
mobility,emission,static,cell_0_1,6,,1.0,8,0.1,5,3,3077,2,mobility/nyc,16,0.4691331063300402,0.5083932853717026,4,0.05,3,mobility/nyc/SW,0.4545860397554968,0.4913544668587896,5,0.0625,0.0145470665745434,0.0124999999999999,1.25
mobility,emission,static,cell_0_1,6,,1.0,8,0.1,5,4,4077,5,mobility/nyc/SW/cell_0_1/emission,1,0.3761413617639892,0.4871060171919771,1,0.0125,5,mobility/nyc/SW/cell_0_1/emission,0.3761413617639892,0.4871060171919771,5,0.0625,0.0,0.05,5.0
mobility,emission,static,cell_0_1,6,,1.0,8,0.1,5,5,5077,5,mobility/nyc/SW/cell_0_1/emission,1,0.3615375564531499,0.4785100286532951,1,0.0125,5,mobility/nyc/SW/cell_0_1/emission,0.3615375564531499,0.4785100286532951,5,0.0625,0.0,0.05,5.0
pune,pm10,static,Goodluck Square_Cafe_23,6,,1.0,8,0.1,4,0,77,4,air_quality/pune/Goodluck_Square_Cafe_23/pm10,1,0.260621850470745,0.469041560644614,1,0.0125,2,air_quality/pune,0.2444937013398389,0.5021049677238283,4,0.05,0.016128149130906,0.0375,4.0
pune,pm10,static,Goodluck Square_Cafe_23,6,,1.0,8,0.1,4,1,1077,4,air_quality/pune/Goodluck_Square_Cafe_23/pm10,1,0.2710360308687056,0.4845914616906983,1,0.0125,2,air_quality/pune,0.2658548642376038,0.5239966320516418,4,0.05,0.0051811666311017,0.0375,4.0
pune,pm10,static,Goodluck Square_Cafe_23,6,,1.0,8,0.1,4,2,2077,4,air_quality/pune/Goodluck_Square_Cafe_23/pm10,1,0.2646593860359882,0.4633870511733107,1,0.0125,4,air_quality/pune/Goodluck_Square_Cafe_23/pm10,0.2646593860359882,0.4633870511733107,4,0.05,0.0,0.0375,4.0
pune,pm10,static,Goodluck Square_Cafe_23,6,,1.0,8,0.1,4,3,3077,1,air_quality,10,0.2580188454784725,0.518664047151277,4,0.05,4,air_quality/pune/Goodluck_Square_Cafe_23/pm10,0.2568412702343823,0.4783715012722646,4,0.05,0.0011775752440901,0.0,1.0
pune,pm10,static,Goodluck Square_Cafe_23,6,,1.0,8,0.1,4,4,4077,4,air_quality/pune/Goodluck_Square_Cafe_23/pm10,1,0.2314459590519736,0.4681933842239186,1,0.0125,4,air_quality/pune/Goodluck_Square_Cafe_23/pm10,0.2314459590519736,0.4681933842239186,4,0.05,0.0,0.0375,4.0
pune,pm10,static,Goodluck Square_Cafe_23,6,,1.0,8,0.1,4,5,5077,4,air_quality/pune/Goodluck_Square_Cafe_23/pm10,1,0.2382977038870285,0.4744133446423523,1,0.0125,4,air_quality/pune/Goodluck_Square_Cafe_23/pm10,0.2382977038870285,0.4744133446423523,4,0.05,0.0,0.0375,4.0
pune,pm2,static,Goodluck Square_Cafe_23,6,,1.0,8,0.1,4,0,77,4,air_quality/pune/Goodluck_Square_Cafe_23/pm2,1,0.2631339033421199,0.469041560644614,1,0.0125,2,air_quality/pune,0.2461665227507629,0.5021049677238283,4,0.05,0.016967380591357,0.0375,4.0
pune,pm2,static,Goodluck Square_Cafe_23,6,,1.0,8,0.1,4,1,1077,4,air_quality/pune/Goodluck_Square_Cafe_23/pm2,1,0.2734520798544876,0.4845914616906983,1,0.0125,2,air_quality/pune,0.2675113884258623,0.5239966320516418,4,0.05,0.0059406914286252,0.0375,4.0
pune,pm2,static,Goodluck Square_Cafe_23,6,,1.0,8,0.1,4,2,2077,4,air_quality/pune/Goodluck_Square_Cafe_23/pm2,1,0.2675494936642769,0.4633870511733107,1,0.0125,4,air_quality/pune/Goodluck_Square_Cafe_23/pm2,0.2675494936642769,0.4633870511733107,4,0.05,0.0,0.0375,4.0
pune,pm2,static,Goodluck Square_Cafe_23,6,,1.0,8,0.1,4,3,3077,1,air_quality,10,0.2596658848363942,0.518664047151277,4,0.05,4,air_quality/pune/Goodluck_Square_Cafe_23/pm2,0.2587618056272587,0.4783715012722646,4,0.05,0.0009040792091354,0.0,1.0
pune,pm2,static,Goodluck Square_Cafe_23,6,,1.0,8,0.1,4,4,4077,4,air_quality/pune/Goodluck_Square_Cafe_23/pm2,1,0.2345714150065684,0.4681933842239186,1,0.0125,4,air_quality/pune/Goodluck_Square_Cafe_23/pm2,0.2345714150065684,0.4681933842239186,4,0.05,0.0,0.0375,4.0
pune,pm2,static,Goodluck Square_Cafe_23,6,,1.0,8,0.1,4,5,5077,4,air_quality/pune/Goodluck_Square_Cafe_23/pm2,1,0.2403684423060028,0.4744133446423523,1,0.0125,4,air_quality/pune/Goodluck_Square_Cafe_23/pm2,0.2403684423060028,0.4744133446423523,4,0.05,0.0,0.0375,4.0
pune,humidity,static,Goodluck Square_Cafe_23,6,,1.0,8,0.1,4,0,77,4,air_quality/pune/Goodluck_Square_Cafe_23/humidity,1,0.6743077050218459,0.4685908319185059,1,0.0125,2,air_quality/pune,0.6124282381979893,0.5,4,0.05,0.0618794668238565,0.0375,4.0
pune,humidity,static,Goodluck Square_Cafe_23,6,,1.0,8,0.1,4,1,1077,4,air_quality/pune/Goodluck_Square_Cafe_23/humidity,1,0.6741283918459531,0.4844368986983588,1,0.0125,2,air_quality/pune,0.6191862816804522,0.5230078563411896,4,0.05,0.0549421101655008,0.0375,4.0
pune,humidity,static,Goodluck Square_Cafe_23,6,,1.0,8,0.1,4,2,2077,4,air_quality/pune/Goodluck_Square_Cafe_23/humidity,1,0.6812173571546181,0.4634974533106961,1,0.0125,2,air_quality/pune,0.632472133154732,0.5115039281705949,4,0.05,0.048745223999886,0.0375,4.0
pune,humidity,static,Goodluck Square_Cafe_23,6,,1.0,8,0.1,4,3,3077,1,air_quality,10,0.623452606733355,0.5171156004489338,4,0.05,2,air_quality/pune,0.623452606733355,0.5171156004489338,4,0.05,0.0,0.0,1.0
pune,humidity,static,Goodluck Square_Cafe_23,6,,1.0,8,0.1,4,4,4077,4,air_quality/pune/Goodluck_Square_Cafe_23/humidity,1,0.666828670673029,0.4685908319185059,1,0.0125,2,air_quality/pune,0.6372711237892903,0.5131874298540965,4,0.05,0.0295575468837386,0.0375,4.0
pune,humidity,static,Goodluck Square_Cafe_23,6,,1.0,8,0.1,4,5,5077,4,air_quality/pune/Goodluck_Square_Cafe_23/humidity,1,0.6553499954356485,0.4745331069609507,1,0.0125,2,air_quality/pune,0.6080517653348794,0.5123456790123457,4,0.05,0.0472982301007691,0.0375,4.0
pune,sound,static,Goodluck Square_Cafe_23,6,,1.0,8,0.1,4,0,77,4,air_quality/pune/Goodluck_Square_Cafe_23/sound,1,0.5814391393826653,0.4685908319185059,1,0.0125,2,air_quality/pune,0.5730339894678742,0.5,4,0.05,0.0084051499147911,0.0375,4.0
pune,sound,static,Goodluck Square_Cafe_23,6,,1.0,8,0.1,4,1,1077,4,air_quality/pune/Goodluck_Square_Cafe_23/sound,1,0.581835179628706,0.4844368986983588,1,0.0125,4,air_quality/pune/Goodluck_Square_Cafe_23/sound,0.581835179628706,0.4844368986983588,4,0.05,0.0,0.0375,4.0
pune,sound,static,Goodluck Square_Cafe_23,6,,1.0,8,0.1,4,2,2077,4,air_quality/pune/Goodluck_Square_Cafe_23/sound,1,0.5925104681425234,0.4634974533106961,1,0.0125,4,air_quality/pune/Goodluck_Square_Cafe_23/sound,0.5925104681425234,0.4634974533106961,4,0.05,0.0,0.0375,4.0
pune,sound,static,Goodluck Square_Cafe_23,6,,1.0,8,0.1,4,3,3077,1,air_quality,10,0.5863978899043328,0.5171156004489338,4,0.05,4,air_quality/pune/Goodluck_Square_Cafe_23/sound,0.5801299077950005,0.4782116581777023,4,0.05,0.0062679821093323,0.0,1.0
pune,sound,static,Goodluck Square_Cafe_23,6,,1.0,8,0.1,4,4,4077,4,air_quality/pune/Goodluck_Square_Cafe_23/sound,1,0.5736429276536155,0.4685908319185059,1,0.0125,4,air_quality/pune/Goodluck_Square_Cafe_23/sound,0.5736429276536155,0.4685908319185059,4,0.05,0.0,0.0375,4.0
pune,sound,static,Goodluck Square_Cafe_23,6,,1.0,8,0.1,4,5,5077,4,air_quality/pune/Goodluck_Square_Cafe_23/sound,1,0.559381519562058,0.4745331069609507,1,0.0125,4,air_quality/pune/Goodluck_Square_Cafe_23/sound,0.559381519562058,0.4745331069609507,4,0.05,0.0,0.0375,4.0
pune,ozone,static,Goodluck Square_Cafe_23,6,,1.0,8,0.1,4,0,77,4,air_quality/pune/Goodluck_Square_Cafe_23/ozone,1,0.2586072063028525,0.469041560644614,1,0.0125,2,air_quality/pune,0.251493117559123,0.5025252525252525,4,0.05,0.0071140887437294,0.0375,4.0
pune,ozone,static,Goodluck Square_Cafe_23,6,,1.0,8,0.1,4,1,1077,4,air_quality/pune/Goodluck_Square_Cafe_23/ozone,1,0.2693509941606355,0.4845914616906983,1,0.0125,4,air_quality/pune/Goodluck_Square_Cafe_23/ozone,0.2693509941606355,0.4845914616906983,4,0.05,0.0,0.0375,4.0
pune,ozone,static,Goodluck Square_Cafe_23,6,,1.0,8,0.1,4,2,2077,4,air_quality/pune/Goodluck_Square_Cafe_23/ozone,1,0.2632666059456394,0.4633870511733107,1,0.0125,4,air_quality/pune/Goodluck_Square_Cafe_23/ozone,0.2632666059456394,0.4633870511733107,4,0.05,0.0,0.0375,4.0
pune,ozone,static,Goodluck Square_Cafe_23,6,,1.0,8,0.1,4,3,3077,1,air_quality,10,0.2579975632251707,0.5187991021324355,4,0.05,4,air_quality/pune/Goodluck_Square_Cafe_23/ozone,0.2552858561717752,0.4783715012722646,4,0.05,0.0027117070533954,0.0,1.0
pune,ozone,static,Goodluck Square_Cafe_23,6,,1.0,8,0.1,4,4,4077,4,air_quality/pune/Goodluck_Square_Cafe_23/ozone,1,0.2292368145528787,0.4681933842239186,1,0.0125,4,air_quality/pune/Goodluck_Square_Cafe_23/ozone,0.2292368145528787,0.4681933842239186,4,0.05,0.0,0.0375,4.0
pune,ozone,static,Goodluck Square_Cafe_23,6,,1.0,8,0.1,4,5,5077,4,air_quality/pune/Goodluck_Square_Cafe_23/ozone,1,0.2371373306315198,0.4744133446423523,1,0.0125,4,air_quality/pune/Goodluck_Square_Cafe_23/ozone,0.2371373306315198,0.4744133446423523,4,0.05,0.0,0.0375,4.0
traffic,speed,static,OS1_LIDAR_1,6,,1.0,8,0.1,5,0,77,5,traffic/intersection01/lidar/OS1_LIDAR_1/speed,1,0.3967352281664005,0.4346289752650176,1,0.0125,2,traffic/intersection01,0.384503295693594,0.4630281690140845,5,0.0625,0.0122319324728064,0.05,5.0
traffic,speed,static,OS1_LIDAR_1,6,,1.0,8,0.1,5,1,1077,5,traffic/intersection01/lidar/OS1_LIDAR_1/speed,1,0.3861334048475989,0.4805653710247349,1,0.0125,3,traffic/intersection01/lidar,0.3800035584844735,0.4805653710247349,5,0.0625,0.0061298463631254,0.05,5.0
traffic,speed,static,OS1_LIDAR_1,6,,1.0,8,0.1,5,2,2077,5,traffic/intersection01/lidar/OS1_LIDAR_1/speed,1,0.3472486205495874,0.4752650176678445,1,0.0125,3,traffic/intersection01/lidar,0.344037992736846,0.4787985865724382,5,0.0625,0.0032106278127414,0.05,5.0
traffic,speed,static,OS1_LIDAR_1,6,,1.0,8,0.1,5,3,3077,2,traffic/intersection01,6,0.4168775156387517,0.5211267605633803,4,0.05,3,traffic/intersection01/lidar,0.4007362514543489,0.5053003533568905,5,0.0625,0.0161412641844028,0.0124999999999999,1.25
traffic,speed,static,OS1_LIDAR_1,6,,1.0,8,0.1,5,4,4077,5,traffic/intersection01/lidar/OS1_LIDAR_1/speed,1,0.3640222660038492,0.4840989399293286,1,0.0125,5,traffic/intersection01/lidar/OS1_LIDAR_1/speed,0.3640222660038492,0.4840989399293286,5,0.0625,0.0,0.05,5.0
traffic,speed,static,OS1_LIDAR_1,6,,1.0,8,0.1,5,5,5077,5,traffic/intersection01/lidar/OS1_LIDAR_1/speed,1,0.3103182351526627,0.4929328621908127,1,0.0125,5,traffic/intersection01/lidar/OS1_LIDAR_1/speed,0.3103182351526627,0.4929328621908127,5,0.0625,0.0,0.05,5.0
traffic,object_count,static,OS1_LIDAR_1,6,,1.0,8,0.1,5,0,77,5,traffic/intersection01/lidar/OS1_LIDAR_1/object_count,1,0.5010958493723652,0.4346289752650176,1,0.0125,2,traffic/intersection01,0.4569662089083631,0.4630281690140845,5,0.0625,0.044129640464002,0.05,5.0
traffic,object_count,static,OS1_LIDAR_1,6,,1.0,8,0.1,5,1,1077,5,traffic/intersection01/lidar/OS1_LIDAR_1/object_count,1,0.4812525666856005,0.4805653710247349,1,0.0125,3,traffic/intersection01/lidar,0.470584678611833,0.4805653710247349,5,0.0625,0.0106678880737675,0.05,5.0
traffic,object_count,static,OS1_LIDAR_1,6,,1.0,8,0.1,5,2,2077,5,traffic/intersection01/lidar/OS1_LIDAR_1/object_count,1,0.4698043411748214,0.4752650176678445,1,0.0125,3,traffic/intersection01/lidar,0.44985707177475,0.4787985865724382,5,0.0625,0.0199472694000714,0.05,5.0
traffic,object_count,static,OS1_LIDAR_1,6,,1.0,8,0.1,5,3,3077,2,traffic/intersection01,6,0.497097490126857,0.5211267605633803,4,0.05,3,traffic/intersection01/lidar,0.4940718886477111,0.5053003533568905,5,0.0625,0.0030256014791458,0.0124999999999999,1.25
traffic,object_count,static,OS1_LIDAR_1,6,,1.0,8,0.1,5,4,4077,5,traffic/intersection01/lidar/OS1_LIDAR_1/object_count,1,0.4505578109244353,0.4840989399293286,1,0.0125,2,traffic/intersection01,0.445277677729518,0.5105633802816901,5,0.0625,0.0052801331949173,0.05,5.0
traffic,object_count,static,OS1_LIDAR_1,6,,1.0,8,0.1,5,5,5077,5,traffic/intersection01/lidar/OS1_LIDAR_1/object_count,1,0.4197938080631135,0.4929328621908127,1,0.0125,2,traffic/intersection01,0.4066079063836277,0.5158450704225352,5,0.0625,0.0131859016794858,0.05,5.0
wearable,heart_rate,static,Device_6,6,,1.0,8,0.1,4,0,77,4,health/hospital02/Device_6/heart_rate,1,0.621565646471306,0.4033613445378151,1,0.0125,1,health,0.6018513495897764,0.453781512605042,4,0.05,0.0197142968815295,0.0375,4.0
wearable,heart_rate,static,Device_6,6,,1.0,8,0.1,4,1,1077,4,health/hospital02/Device_6/heart_rate,1,0.5208910648797417,0.4369747899159664,1,0.0125,4,health/hospital02/Device_6/heart_rate,0.5208910648797417,0.4369747899159664,4,0.05,0.0,0.0375,4.0
wearable,heart_rate,static,Device_6,6,,1.0,8,0.1,4,2,2077,4,health/hospital02/Device_6/heart_rate,1,0.6804178234711915,0.5042016806722689,1,0.0125,1,health,0.5655287763828847,0.5546218487394958,4,0.05,0.1148890470883068,0.0375,4.0
wearable,heart_rate,static,Device_6,6,,1.0,8,0.1,4,3,3077,1,health,10,0.5458842417314003,0.5294117647058824,4,0.05,1,health,0.5458842417314003,0.5294117647058824,4,0.05,0.0,0.0,1.0
wearable,heart_rate,static,Device_6,6,,1.0,8,0.1,4,4,4077,4,health/hospital02/Device_6/heart_rate,1,0.4714727573422939,0.4621848739495798,1,0.0125,4,health/hospital02/Device_6/heart_rate,0.4714727573422939,0.4621848739495798,4,0.05,0.0,0.0375,4.0
wearable,heart_rate,static,Device_6,6,,1.0,8,0.1,4,5,5077,4,health/hospital02/Device_6/heart_rate,1,0.5250848763824065,0.5042016806722689,1,0.0125,4,health/hospital02/Device_6/heart_rate,0.5250848763824065,0.5042016806722689,4,0.05,0.0,0.0375,4.0
wearable,steps,static,Device_6,6,,1.0,8,0.1,4,0,77,4,health/hospital02/Device_6/steps,1,0.4920854305861332,0.4033613445378151,1,0.0125,4,health/hospital02/Device_6/steps,0.4920854305861332,0.4033613445378151,4,0.05,0.0,0.0375,4.0
wearable,steps,static,Device_6,6,,1.0,8,0.1,4,1,1077,4,health/hospital02/Device_6/steps,1,0.3588698573063744,0.4369747899159664,1,0.0125,2,health/hospital02,0.3485658194672207,0.4369747899159664,4,0.05,0.0103040378391536,0.0375,4.0
wearable,steps,static,Device_6,6,,1.0,8,0.1,4,2,2077,4,health/hospital02/Device_6/steps,1,0.537049455822325,0.5042016806722689,1,0.0125,1,health,0.4109411104758516,0.5546218487394958,4,0.05,0.1261083453464733,0.0375,4.0
wearable,steps,static,Device_6,6,,1.0,8,0.1,4,3,3077,1,health,10,0.3710935308583023,0.5294117647058824,4,0.05,1,health,0.3710935308583023,0.5294117647058824,4,0.05,0.0,0.0,1.0
wearable,steps,static,Device_6,6,,1.0,8,0.1,4,4,4077,4,health/hospital02/Device_6/steps,1,0.2917077761719734,0.4621848739495798,1,0.0125,4,health/hospital02/Device_6/steps,0.2917077761719734,0.4621848739495798,4,0.05,0.0,0.0375,4.0
wearable,steps,static,Device_6,6,,1.0,8,0.1,4,5,5077,4,health/hospital02/Device_6/steps,1,0.3632535337983765,0.5042016806722689,1,0.0125,4,health/hospital02/Device_6/steps,0.3632535337983765,0.5042016806722689,4,0.05,0.0,0.0375,4.0
wearable,temperature,static,Device_6,6,,1.0,8,0.1,4,0,77,4,health/hospital02/Device_6/temperature,1,0.8510885161936372,0.4033613445378151,1,0.0125,1,health,0.7727956599946512,0.453781512605042,4,0.05,0.078292856198986,0.0375,4.0
wearable,temperature,static,Device_6,6,,1.0,8,0.1,4,1,1077,4,health/hospital02/Device_6/temperature,1,0.7974109607588565,0.4369747899159664,1,0.0125,1,health,0.7452914435212582,0.4957983193277311,4,0.05,0.0521195172375983,0.0375,4.0
wearable,temperature,static,Device_6,6,,1.0,8,0.1,4,2,2077,4,health/hospital02/Device_6/temperature,1,0.9402818430142712,0.5042016806722689,1,0.0125,1,health,0.7538390491168842,0.5546218487394958,4,0.05,0.1864427938973869,0.0375,4.0
wearable,temperature,static,Device_6,6,,1.0,8,0.1,4,3,3077,1,health,10,0.7500567610698127,0.5294117647058824,4,0.05,1,health,0.7500567610698127,0.5294117647058824,4,0.05,0.0,0.0,1.0
wearable,temperature,static,Device_6,6,,1.0,8,0.1,4,4,4077,4,health/hospital02/Device_6/temperature,1,0.7507245114818137,0.4621848739495798,1,0.0125,1,health,0.6900422722879281,0.5294117647058824,4,0.05,0.0606822391938856,0.0375,4.0
wearable,temperature,static,Device_6,6,,1.0,8,0.1,4,5,5077,4,health/hospital02/Device_6/temperature,1,0.7598995069652055,0.5042016806722689,1,0.0125,1,health,0.7162882869900193,0.5294117647058824,4,0.05,0.0436112199751861,0.0375,4.0
wearable,calories_burned,static,Device_6,6,,1.0,8,0.1,4,0,77,4,health/hospital02/Device_6/calories_burned,1,0.3801281639343032,0.4033613445378151,1,0.0125,4,health/hospital02/Device_6/calories_burned,0.3801281639343032,0.4033613445378151,4,0.05,0.0,0.0375,4.0
wearable,calories_burned,static,Device_6,6,,1.0,8,0.1,4,1,1077,4,health/hospital02/Device_6/calories_burned,1,0.209098822504108,0.4369747899159664,1,0.0125,4,health/hospital02/Device_6/calories_burned,0.209098822504108,0.4369747899159664,4,0.05,0.0,0.0375,4.0
wearable,calories_burned,static,Device_6,6,,1.0,8,0.1,4,2,2077,4,health/hospital02/Device_6/calories_burned,1,0.3754208807330036,0.5042016806722689,1,0.0125,1,health,0.2992422562858898,0.5546218487394958,4,0.05,0.0761786244471137,0.0375,4.0
wearable,calories_burned,static,Device_6,6,,1.0,8,0.1,4,3,3077,1,health,10,0.2572845056548367,0.5294117647058824,4,0.05,1,health,0.2572845056548367,0.5294117647058824,4,0.05,0.0,0.0,1.0
wearable,calories_burned,static,Device_6,6,,1.0,8,0.1,4,4,4077,4,health/hospital02/Device_6/calories_burned,1,0.1777397595654133,0.4621848739495798,1,0.0125,4,health/hospital02/Device_6/calories_burned,0.1777397595654133,0.4621848739495798,4,0.05,0.0,0.0375,4.0
wearable,calories_burned,static,Device_6,6,,1.0,8,0.1,4,5,5077,4,health/hospital02/Device_6/calories_burned,1,0.2508497669785181,0.5042016806722689,1,0.0125,4,health/hospital02/Device_6/calories_burned,0.2508497669785181,0.5042016806722689,4,0.05,0.0,0.0375,4.0
