P,strategy,normalized_mae,kl_divergence,release_rate,attribution_advantage,tuning_loss,avg_n_tau,pr_n_ge_P,deferrals,evaluated,iter,action,restart_idx,dataset,sensor,clamp_mode
4,uniform,0.7573633779698232,0.945539369534154,0.9944977073780742,0.1280562502018617,0.7584638364942083,7.827900514103098,0.9944977073780742,198,True,0,seed,0,energy,power_kw,static
3,uniform,0.7573633779698232,0.945539369534154,0.9944977073780742,0.1280562502018617,0.7584638364942083,7.827900514103098,0.9944977073780742,198,True,1,probe_P=3,0,energy,power_kw,static
5,uniform,0.7573633779698232,0.945539369534154,0.9944977073780742,0.1280562502018617,0.7584638364942083,7.827900514103098,0.9944977073780742,198,True,1,probe_P=5,0,energy,power_kw,static
4,uniform,0.7573633779698232,0.945539369534154,0.9944977073780742,0.1280562502018617,0.7584638364942083,7.827900514103098,0.9944977073780742,198,True,1,stop_local_optimum,0,energy,power_kw,static
8,uniform,0.7573633779698232,0.945539369534154,0.9944977073780742,0.1280562502018617,0.7584638364942083,7.827900514103098,0.7281367236348478,198,True,0,r1_seed,1,energy,power_kw,static
7,uniform,0.7573633779698232,0.945539369534154,0.9944977073780742,0.1280562502018617,0.7584638364942083,7.827900514103098,0.981881339446992,198,True,1,r1_probe_P=7,1,energy,power_kw,static
9,uniform,0.7573633779698232,0.945539369534154,0.9944977073780742,0.1280562502018617,0.7584638364942083,7.827900514103098,0.124968736973739,198,True,1,r1_probe_P=9,1,energy,power_kw,static
8,uniform,0.7573633779698232,0.945539369534154,0.9944977073780742,0.1280562502018617,0.7584638364942083,7.827900514103098,0.7281367236348478,198,True,1,r1_stop_local_optimum,1,energy,power_kw,static
4,sample,0.1257739779915693,0.7203195838539411,0.1657635125746838,0.1279917544502624,0.2926212754766325,7.827900514103098,0.9944977073780742,30020,True,0,seed,0,energy,power_kw,static
3,sample,0.1257739779915693,0.7203195838539411,0.1657635125746838,0.1279917544502624,0.2926212754766325,7.827900514103098,0.9944977073780742,30020,True,1,probe_P=3,0,energy,power_kw,static
5,sample,0.1257739779915693,0.7203195838539411,0.1657635125746838,0.1279917544502624,0.2926212754766325,7.827900514103098,0.9944977073780742,30020,True,1,probe_P=5,0,energy,power_kw,static
4,sample,0.1257739779915693,0.7203195838539411,0.1657635125746838,0.1279917544502624,0.2926212754766325,7.827900514103098,0.9944977073780742,30020,True,1,stop_local_optimum,0,energy,power_kw,static
8,sample,0.1257739779915693,0.7203195838539411,0.1657635125746838,0.1279917544502624,0.2926212754766325,7.827900514103098,0.7281367236348478,30020,True,0,r1_seed,1,energy,power_kw,static
7,sample,0.1257739779915693,0.7203195838539411,0.1657635125746838,0.1279917544502624,0.2926212754766325,7.827900514103098,0.981881339446992,30020,True,1,r1_probe_P=7,1,energy,power_kw,static
9,sample,0.1257739779915693,0.7203195838539411,0.1657635125746838,0.1279917544502624,0.2926212754766325,7.827900514103098,0.124968736973739,30020,True,1,r1_probe_P=9,1,energy,power_kw,static
8,sample,0.1257739779915693,0.7203195838539411,0.1657635125746838,0.1279917544502624,0.2926212754766325,7.827900514103098,0.7281367236348478,30020,True,1,r1_stop_local_optimum,1,energy,power_kw,static
4,budget_distribution,1.1698977339972132,0.4146054798042249,0.6256773655689871,0.1280831570038765,1.2447622608834157,7.827900514103098,0.9944977073780742,13470,True,0,seed,0,energy,power_kw,static
3,budget_distribution,1.1698977339972132,0.4146054798042249,0.6256773655689871,0.1280831570038765,1.2447622608834157,7.827900514103098,0.9944977073780742,13470,True,1,probe_P=3,0,energy,power_kw,static
5,budget_distribution,1.1698977339972132,0.4146054798042249,0.6256773655689871,0.1280831570038765,1.2447622608834157,7.827900514103098,0.9944977073780742,13470,True,1,probe_P=5,0,energy,power_kw,static
4,budget_distribution,1.1698977339972132,0.4146054798042249,0.6256773655689871,0.1280831570038765,1.2447622608834157,7.827900514103098,0.9944977073780742,13470,True,1,stop_local_optimum,0,energy,power_kw,static
8,budget_distribution,1.1698977339972132,0.4146054798042249,0.6256773655689871,0.1280831570038765,1.2447622608834157,7.827900514103098,0.7281367236348478,13470,True,0,r1_seed,1,energy,power_kw,static
7,budget_distribution,1.1698977339972132,0.4146054798042249,0.6256773655689871,0.1280831570038765,1.2447622608834157,7.827900514103098,0.981881339446992,13470,True,1,r1_probe_P=7,1,energy,power_kw,static
9,budget_distribution,1.1698977339972132,0.4146054798042249,0.6256773655689871,0.1280831570038765,1.2447622608834157,7.827900514103098,0.124968736973739,13470,True,1,r1_probe_P=9,1,energy,power_kw,static
8,budget_distribution,1.1698977339972132,0.4146054798042249,0.6256773655689871,0.1280831570038765,1.2447622608834157,7.827900514103098,0.7281367236348478,13470,True,1,r1_stop_local_optimum,1,energy,power_kw,static
4,budget_absorption,0.8777059019491644,0.5658762407195577,0.4932610810059747,0.128110279860984,0.9790536857479696,7.827900514103098,0.9944977073780742,18235,True,0,seed,0,energy,power_kw,static
3,budget_absorption,0.8777059019491644,0.5658762407195577,0.4932610810059747,0.128110279860984,0.9790536857479696,7.827900514103098,0.9944977073780742,18235,True,1,probe_P=3,0,energy,power_kw,static
5,budget_absorption,0.8777059019491644,0.5658762407195577,0.4932610810059747,0.128110279860984,0.9790536857479696,7.827900514103098,0.9944977073780742,18235,True,1,probe_P=5,0,energy,power_kw,static
4,budget_absorption,0.8777059019491644,0.5658762407195577,0.4932610810059747,0.128110279860984,0.9790536857479696,7.827900514103098,0.9944977073780742,18235,True,1,stop_local_optimum,0,energy,power_kw,static
8,budget_absorption,0.8777059019491644,0.5658762407195577,0.4932610810059747,0.128110279860984,0.9790536857479696,7.827900514103098,0.7281367236348478,18235,True,0,r1_seed,1,energy,power_kw,static
7,budget_absorption,0.8777059019491644,0.5658762407195577,0.4932610810059747,0.128110279860984,0.9790536857479696,7.827900514103098,0.981881339446992,18235,True,1,r1_probe_P=7,1,energy,power_kw,static
9,budget_absorption,0.8777059019491644,0.5658762407195577,0.4932610810059747,0.128110279860984,0.9790536857479696,7.827900514103098,0.124968736973739,18235,True,1,r1_probe_P=9,1,energy,power_kw,static
8,budget_absorption,0.8777059019491644,0.5658762407195577,0.4932610810059747,0.128110279860984,0.9790536857479696,7.827900514103098,0.7281367236348478,18235,True,1,r1_stop_local_optimum,1,energy,power_kw,static
4,p_gated_uniform,0.7573633779698232,0.945539369534154,0.9944977073780742,0.1280562502018617,0.7584638364942083,7.827900514103098,0.9944977073780742,198,True,0,seed,0,energy,power_kw,static
3,p_gated_uniform,0.7573633779698232,0.945539369534154,0.9944977073780742,0.1280562502018617,0.7584638364942083,7.827900514103098,0.9944977073780742,198,True,1,probe_P=3,0,energy,power_kw,static
5,p_gated_uniform,0.7573633779698232,0.945539369534154,0.9944977073780742,0.1280562502018617,0.7584638364942083,7.827900514103098,0.9944977073780742,198,True,1,probe_P=5,0,energy,power_kw,static
4,p_gated_uniform,0.7573633779698232,0.945539369534154,0.9944977073780742,0.1280562502018617,0.7584638364942083,7.827900514103098,0.9944977073780742,198,True,1,stop_local_optimum,0,energy,power_kw,static
8,p_gated_uniform,0.7356288271534452,0.8700546474821095,0.7281367236348478,0.1222293637080676,0.7900014824264757,7.827900514103098,0.7281367236348478,9783,True,0,r1_seed,1,energy,power_kw,static
7,p_gated_uniform,0.7608111077350297,0.7414843947300269,0.981881339446992,0.1275601380949072,0.7644348398456313,7.827900514103098,0.981881339446992,652,True,1,r1_probe_P=7,1,energy,power_kw,static
9,p_gated_uniform,0.6669063767900947,0.6617856569236961,0.124968736973739,0.1088567462483406,0.8419126293953468,7.827900514103098,0.124968736973739,31488,True,1,r1_probe_P=9,1,energy,power_kw,static
7,p_gated_uniform,0.7608111077350297,0.7414843947300269,0.981881339446992,0.1275601380949072,0.7644348398456313,7.827900514103098,0.981881339446992,652,True,1,r1_step_to_P=7,1,energy,power_kw,static
6,p_gated_uniform,0.7573633779698232,0.945539369534154,0.9944977073780742,0.1280562502018617,0.7584638364942083,7.827900514103098,0.9944977073780742,198,True,2,r1_probe_P=6,1,energy,power_kw,static
6,p_gated_uniform,0.7573633779698232,0.945539369534154,0.9944977073780742,0.1280562502018617,0.7584638364942083,7.827900514103098,0.9944977073780742,198,True,2,r1_step_to_P=6,1,energy,power_kw,static
5,p_gated_uniform,0.7573633779698232,0.945539369534154,0.9944977073780742,0.1280562502018617,0.7584638364942083,7.827900514103098,0.9944977073780742,198,True,3,r1_probe_P=5,1,energy,power_kw,static
6,p_gated_uniform,0.7573633779698232,0.945539369534154,0.9944977073780742,0.1280562502018617,0.7584638364942083,7.827900514103098,0.9944977073780742,198,True,3,r1_stop_local_optimum,1,energy,power_kw,static
4,p_gated_sample,0.1257739779915693,0.7203195838539411,0.1657635125746838,0.1279917544502624,0.2926212754766325,7.827900514103098,0.9944977073780742,30020,True,0,seed,0,energy,power_kw,static
3,p_gated_sample,0.1257739779915693,0.7203195838539411,0.1657635125746838,0.1279917544502624,0.2926212754766325,7.827900514103098,0.9944977073780742,30020,True,1,probe_P=3,0,energy,power_kw,static
5,p_gated_sample,0.1257739779915693,0.7203195838539411,0.1657635125746838,0.1279917544502624,0.2926212754766325,7.827900514103098,0.9944977073780742,30020,True,1,probe_P=5,0,energy,power_kw,static
4,p_gated_sample,0.1257739779915693,0.7203195838539411,0.1657635125746838,0.1279917544502624,0.2926212754766325,7.827900514103098,0.9944977073780742,30020,True,1,stop_local_optimum,0,energy,power_kw,static
8,p_gated_sample,0.1215578828154319,0.6692806407919799,0.1218841183826594,0.1222112253405003,0.2971810591389,7.827900514103098,0.7281367236348478,31599,True,0,r1_seed,1,energy,power_kw,static
7,p_gated_sample,0.1259389020456137,0.6894156422919243,0.1635681533972488,0.1274726722101849,0.2932252713661639,7.827900514103098,0.981881339446992,30099,True,1,r1_probe_P=7,1,energy,power_kw,static
9,p_gated_sample,0.0991460226763519,0.8343339218703337,0.0207586494372655,0.1086257487863913,0.2949942927888988,7.827900514103098,0.124968736973739,35238,True,1,r1_probe_P=9,1,energy,power_kw,static
7,p_gated_sample,0.1259389020456137,0.6894156422919243,0.1635681533972488,0.1274726722101849,0.2932252713661639,7.827900514103098,0.981881339446992,30099,True,1,r1_step_to_P=7,1,energy,power_kw,static
6,p_gated_sample,0.1257739779915693,0.7203195838539411,0.1657635125746838,0.1279917544502624,0.2926212754766325,7.827900514103098,0.9944977073780742,30020,True,2,r1_probe_P=6,1,energy,power_kw,static
6,p_gated_sample,0.1257739779915693,0.7203195838539411,0.1657635125746838,0.1279917544502624,0.2926212754766325,7.827900514103098,0.9944977073780742,30020,True,2,r1_step_to_P=6,1,energy,power_kw,static
5,p_gated_sample,0.1257739779915693,0.7203195838539411,0.1657635125746838,0.1279917544502624,0.2926212754766325,7.827900514103098,0.9944977073780742,30020,True,3,r1_probe_P=5,1,energy,power_kw,static
6,p_gated_sample,0.1257739779915693,0.7203195838539411,0.1657635125746838,0.1279917544502624,0.2926212754766325,7.827900514103098,0.9944977073780742,30020,True,3,r1_stop_local_optimum,1,energy,power_kw,static
4,p_gated_ba,0.8777059019491644,0.5658762407195577,0.4932610810059747,0.128110279860984,0.9790536857479696,7.827900514103098,0.9944977073780742,18235,True,0,seed,0,energy,power_kw,static
3,p_gated_ba,0.8777059019491644,0.5658762407195577,0.4932610810059747,0.128110279860984,0.9790536857479696,7.827900514103098,0.9944977073780742,18235,True,1,probe_P=3,0,energy,power_kw,static
5,p_gated_ba,0.8777059019491644,0.5658762407195577,0.4932610810059747,0.128110279860984,0.9790536857479696,7.827900514103098,0.9944977073780742,18235,True,1,probe_P=5,0,energy,power_kw,static
4,p_gated_ba,0.8777059019491644,0.5658762407195577,0.4932610810059747,0.128110279860984,0.9790536857479696,7.827900514103098,0.9944977073780742,18235,True,1,stop_local_optimum,0,energy,power_kw,static
8,p_gated_ba,0.8566295892854642,0.5520827098904464,0.360539113519522,0.1222259009082656,0.9845217665815598,7.827900514103098,0.7281367236348478,23011,True,0,r1_seed,1,energy,power_kw,static
7,p_gated_ba,0.8783347231921641,0.5615072458731075,0.4853133249965263,0.1275570536693418,0.9812720581928588,7.827900514103098,0.981881339446992,18521,True,1,r1_probe_P=7,1,energy,power_kw,static
9,p_gated_ba,0.708744396452993,0.3577745575305129,0.061886897318327,0.1089301184271997,0.8963670169893276,7.827900514103098,0.124968736973739,33758,True,1,r1_probe_P=9,1,energy,power_kw,static
9,p_gated_ba,0.708744396452993,0.3577745575305129,0.061886897318327,0.1089301184271997,0.8963670169893276,7.827900514103098,0.124968736973739,33758,True,1,r1_step_to_P=9,1,energy,power_kw,static
10,p_gated_ba,0.6843573718633632,0.8613331903624001,0.0118660553008197,0.0985877510467674,0.8819841608031993,7.827900514103098,0.0229262192580241,35558,True,2,r1_probe_P=10,1,energy,power_kw,static
10,p_gated_ba,0.6843573718633632,0.8613331903624001,0.0118660553008197,0.0985877510467674,0.8819841608031993,7.827900514103098,0.0229262192580241,35558,True,2,r1_step_to_P=10,1,energy,power_kw,static
11,p_gated_ba,0.452185315001594,0.6346281474317049,0.0015284146172016,0.0902203856749311,0.6518796320781537,7.827900514103098,0.0028067250243156,35930,True,3,r1_probe_P=11,1,energy,power_kw,static
11,p_gated_ba,0.452185315001594,0.6346281474317049,0.0015284146172016,0.0902203856749311,0.6518796320781537,7.827900514103098,0.0028067250243156,35930,True,3,r1_step_to_P=11,1,energy,power_kw,static
12,p_gated_ba,0.4271062815083212,4.445092897345106,8.336807002917882e-05,0.0833333333333333,0.6270896078943153,7.827900514103098,0.0001945254967347,35982,True,4,r1_probe_P=12,1,energy,power_kw,static
12,p_gated_ba,0.4271062815083212,4.445092897345106,8.336807002917882e-05,0.0833333333333333,0.6270896078943153,7.827900514103098,0.0001945254967347,35982,True,4,r1_step_to_P=12,1,energy,power_kw,static
12,p_gated_ba,0.4271062815083212,4.445092897345106,8.336807002917882e-05,0.0833333333333333,0.6270896078943153,7.827900514103098,0.0001945254967347,35982,True,5,r1_stop_local_optimum,1,energy,power_kw,static
4,n_weighted,0.7659196451846655,0.9502989658734836,0.9944977073780742,0.1280562502018617,0.7670201037090506,7.827900514103098,0.9944977073780742,198,True,0,seed,0,energy,power_kw,static
3,n_weighted,0.7659196451846655,0.9502989658734836,0.9944977073780742,0.1280562502018617,0.7670201037090506,7.827900514103098,0.9944977073780742,198,True,1,probe_P=3,0,energy,power_kw,static
5,n_weighted,0.7659196451846655,0.9502989658734836,0.9944977073780742,0.1280562502018617,0.7670201037090506,7.827900514103098,0.9944977073780742,198,True,1,probe_P=5,0,energy,power_kw,static
4,n_weighted,0.7659196451846655,0.9502989658734836,0.9944977073780742,0.1280562502018617,0.7670201037090506,7.827900514103098,0.9944977073780742,198,True,1,stop_local_optimum,0,energy,power_kw,static
8,n_weighted,0.7379147035197988,0.872155735328119,0.7281367236348478,0.1222293637080676,0.7922873587928293,7.827900514103098,0.7281367236348478,9783,True,0,r1_seed,1,energy,power_kw,static
7,n_weighted,0.7684657889004789,0.7324279223384705,0.981881339446992,0.1275601380949072,0.7720895210110805,7.827900514103098,0.981881339446992,652,True,1,r1_probe_P=7,1,energy,power_kw,static
9,n_weighted,0.6640483668204699,0.6633996613893094,0.124968736973739,0.1088567462483406,0.839054619425722,7.827900514103098,0.124968736973739,31488,True,1,r1_probe_P=9,1,energy,power_kw,static
7,n_weighted,0.7684657889004789,0.7324279223384705,0.981881339446992,0.1275601380949072,0.7720895210110805,7.827900514103098,0.981881339446992,652,True,1,r1_step_to_P=7,1,energy,power_kw,static
6,n_weighted,0.7659196451846655,0.9502989658734836,0.9944977073780742,0.1280562502018617,0.7670201037090506,7.827900514103098,0.9944977073780742,198,True,2,r1_probe_P=6,1,energy,power_kw,static
6,n_weighted,0.7659196451846655,0.9502989658734836,0.9944977073780742,0.1280562502018617,0.7670201037090506,7.827900514103098,0.9944977073780742,198,True,2,r1_step_to_P=6,1,energy,power_kw,static
5,n_weighted,0.7659196451846655,0.9502989658734836,0.9944977073780742,0.1280562502018617,0.7670201037090506,7.827900514103098,0.9944977073780742,198,True,3,r1_probe_P=5,1,energy,power_kw,static
6,n_weighted,0.7659196451846655,0.9502989658734836,0.9944977073780742,0.1280562502018617,0.7670201037090506,7.827900514103098,0.9944977073780742,198,True,3,r1_stop_local_optimum,1,energy,power_kw,static
4,uniform,0.5630569374818464,0.809761766046773,1.0,0.1,0.5630569374818464,10.0,1.0,0,True,0,seed,0,manufacturing,temperature,static
3,uniform,0.5630569374818464,0.809761766046773,1.0,0.1,0.5630569374818464,10.0,1.0,0,True,1,probe_P=3,0,manufacturing,temperature,static
5,uniform,0.5630569374818464,0.809761766046773,1.0,0.1,0.5630569374818464,10.0,1.0,0,True,1,probe_P=5,0,manufacturing,temperature,static
4,uniform,0.5630569374818464,0.809761766046773,1.0,0.1,0.5630569374818464,10.0,1.0,0,True,1,stop_local_optimum,0,manufacturing,temperature,static
10,uniform,0.5630569374818464,0.809761766046773,1.0,0.1,0.5630569374818464,10.0,1.0,0,True,0,r1_seed,1,manufacturing,temperature,static
9,uniform,0.5630569374818464,0.809761766046773,1.0,0.1,0.5630569374818464,10.0,1.0,0,True,1,r1_probe_P=9,1,manufacturing,temperature,static
10,uniform,0.5630569374818464,0.809761766046773,1.0,0.1,0.5630569374818464,10.0,1.0,0,True,1,r1_stop_local_optimum,1,manufacturing,temperature,static
4,sample,0.0989687884942711,0.8130471354452724,0.167,0.0999999999999999,0.2655687884942712,10.0,1.0,833,True,0,seed,0,manufacturing,temperature,static
3,sample,0.0989687884942711,0.8130471354452724,0.167,0.0999999999999999,0.2655687884942712,10.0,1.0,833,True,1,probe_P=3,0,manufacturing,temperature,static
5,sample,0.0989687884942711,0.8130471354452724,0.167,0.0999999999999999,0.2655687884942712,10.0,1.0,833,True,1,probe_P=5,0,manufacturing,temperature,static
4,sample,0.0989687884942711,0.8130471354452724,0.167,0.0999999999999999,0.2655687884942712,10.0,1.0,833,True,1,stop_local_optimum,0,manufacturing,temperature,static
10,sample,0.0989687884942711,0.8130471354452724,0.167,0.0999999999999999,0.2655687884942712,10.0,1.0,833,True,0,r1_seed,1,manufacturing,temperature,static
9,sample,0.0989687884942711,0.8130471354452724,0.167,0.0999999999999999,0.2655687884942712,10.0,1.0,833,True,1,r1_probe_P=9,1,manufacturing,temperature,static
10,sample,0.0989687884942711,0.8130471354452724,0.167,0.0999999999999999,0.2655687884942712,10.0,1.0,833,True,1,r1_stop_local_optimum,1,manufacturing,temperature,static
4,budget_distribution,0.9026880660820892,0.7782833512268217,0.638,0.0999999999999999,0.9750880660820892,10.0,1.0,362,True,0,seed,0,manufacturing,temperature,static
3,budget_distribution,0.9026880660820892,0.7782833512268217,0.638,0.0999999999999999,0.9750880660820892,10.0,1.0,362,True,1,probe_P=3,0,manufacturing,temperature,static
5,budget_distribution,0.9026880660820892,0.7782833512268217,0.638,0.0999999999999999,0.9750880660820892,10.0,1.0,362,True,1,probe_P=5,0,manufacturing,temperature,static
4,budget_distribution,0.9026880660820892,0.7782833512268217,0.638,0.0999999999999999,0.9750880660820892,10.0,1.0,362,True,1,stop_local_optimum,0,manufacturing,temperature,static
10,budget_distribution,0.9026880660820892,0.7782833512268217,0.638,0.0999999999999999,0.9750880660820892,10.0,1.0,362,True,0,r1_seed,1,manufacturing,temperature,static
9,budget_distribution,0.9026880660820892,0.7782833512268217,0.638,0.0999999999999999,0.9750880660820892,10.0,1.0,362,True,1,r1_probe_P=9,1,manufacturing,temperature,static
10,budget_distribution,0.9026880660820892,0.7782833512268217,0.638,0.0999999999999999,0.9750880660820892,10.0,1.0,362,True,1,r1_stop_local_optimum,1,manufacturing,temperature,static
4,budget_absorption,0.7247321957518948,0.4690139203839542,0.514,0.1,0.8219321957518948,10.0,1.0,486,True,0,seed,0,manufacturing,temperature,static
3,budget_absorption,0.7247321957518948,0.4690139203839542,0.514,0.1,0.8219321957518948,10.0,1.0,486,True,1,probe_P=3,0,manufacturing,temperature,static
5,budget_absorption,0.7247321957518948,0.4690139203839542,0.514,0.1,0.8219321957518948,10.0,1.0,486,True,1,probe_P=5,0,manufacturing,temperature,static
4,budget_absorption,0.7247321957518948,0.4690139203839542,0.514,0.1,0.8219321957518948,10.0,1.0,486,True,1,stop_local_optimum,0,manufacturing,temperature,static
10,budget_absorption,0.7247321957518948,0.4690139203839542,0.514,0.1,0.8219321957518948,10.0,1.0,486,True,0,r1_seed,1,manufacturing,temperature,static
9,budget_absorption,0.7247321957518948,0.4690139203839542,0.514,0.1,0.8219321957518948,10.0,1.0,486,True,1,r1_probe_P=9,1,manufacturing,temperature,static
10,budget_absorption,0.7247321957518948,0.4690139203839542,0.514,0.1,0.8219321957518948,10.0,1.0,486,True,1,r1_stop_local_optimum,1,manufacturing,temperature,static
4,p_gated_uniform,0.5630569374818464,0.809761766046773,1.0,0.1,0.5630569374818464,10.0,1.0,0,True,0,seed,0,manufacturing,temperature,static
3,p_gated_uniform,0.5630569374818464,0.809761766046773,1.0,0.1,0.5630569374818464,10.0,1.0,0,True,1,probe_P=3,0,manufacturing,temperature,static
5,p_gated_uniform,0.5630569374818464,0.809761766046773,1.0,0.1,0.5630569374818464,10.0,1.0,0,True,1,probe_P=5,0,manufacturing,temperature,static
4,p_gated_uniform,0.5630569374818464,0.809761766046773,1.0,0.1,0.5630569374818464,10.0,1.0,0,True,1,stop_local_optimum,0,manufacturing,temperature,static
10,p_gated_uniform,0.5630569374818464,0.809761766046773,1.0,0.1,0.5630569374818464,10.0,1.0,0,True,0,r1_seed,1,manufacturing,temperature,static
9,p_gated_uniform,0.5630569374818464,0.809761766046773,1.0,0.1,0.5630569374818464,10.0,1.0,0,True,1,r1_probe_P=9,1,manufacturing,temperature,static
10,p_gated_uniform,0.5630569374818464,0.809761766046773,1.0,0.1,0.5630569374818464,10.0,1.0,0,True,1,r1_stop_local_optimum,1,manufacturing,temperature,static
4,p_gated_sample,0.0989687884942711,0.8130471354452724,0.167,0.0999999999999999,0.2655687884942712,10.0,1.0,833,True,0,seed,0,manufacturing,temperature,static
3,p_gated_sample,0.0989687884942711,0.8130471354452724,0.167,0.0999999999999999,0.2655687884942712,10.0,1.0,833,True,1,probe_P=3,0,manufacturing,temperature,static
5,p_gated_sample,0.0989687884942711,0.8130471354452724,0.167,0.0999999999999999,0.2655687884942712,10.0,1.0,833,True,1,probe_P=5,0,manufacturing,temperature,static
4,p_gated_sample,0.0989687884942711,0.8130471354452724,0.167,0.0999999999999999,0.2655687884942712,10.0,1.0,833,True,1,stop_local_optimum,0,manufacturing,temperature,static
10,p_gated_sample,0.0989687884942711,0.8130471354452724,0.167,0.0999999999999999,0.2655687884942712,10.0,1.0,833,True,0,r1_seed,1,manufacturing,temperature,static
9,p_gated_sample,0.0989687884942711,0.8130471354452724,0.167,0.0999999999999999,0.2655687884942712,10.0,1.0,833,True,1,r1_probe_P=9,1,manufacturing,temperature,static
10,p_gated_sample,0.0989687884942711,0.8130471354452724,0.167,0.0999999999999999,0.2655687884942712,10.0,1.0,833,True,1,r1_stop_local_optimum,1,manufacturing,temperature,static
4,p_gated_ba,0.7247321957518948,0.4690139203839542,0.514,0.1,0.8219321957518948,10.0,1.0,486,True,0,seed,0,manufacturing,temperature,static
3,p_gated_ba,0.7247321957518948,0.4690139203839542,0.514,0.1,0.8219321957518948,10.0,1.0,486,True,1,probe_P=3,0,manufacturing,temperature,static
5,p_gated_ba,0.7247321957518948,0.4690139203839542,0.514,0.1,0.8219321957518948,10.0,1.0,486,True,1,probe_P=5,0,manufacturing,temperature,static
4,p_gated_ba,0.7247321957518948,0.4690139203839542,0.514,0.1,0.8219321957518948,10.0,1.0,486,True,1,stop_local_optimum,0,manufacturing,temperature,static
10,p_gated_ba,0.7247321957518948,0.4690139203839542,0.514,0.1,0.8219321957518948,10.0,1.0,486,True,0,r1_seed,1,manufacturing,temperature,static
9,p_gated_ba,0.7247321957518948,0.4690139203839542,0.514,0.1,0.8219321957518948,10.0,1.0,486,True,1,r1_probe_P=9,1,manufacturing,temperature,static
10,p_gated_ba,0.7247321957518948,0.4690139203839542,0.514,0.1,0.8219321957518948,10.0,1.0,486,True,1,r1_stop_local_optimum,1,manufacturing,temperature,static
4,n_weighted,0.5630569374818464,0.809761766046773,1.0,0.1,0.5630569374818464,10.0,1.0,0,True,0,seed,0,manufacturing,temperature,static
3,n_weighted,0.5630569374818464,0.809761766046773,1.0,0.1,0.5630569374818464,10.0,1.0,0,True,1,probe_P=3,0,manufacturing,temperature,static
5,n_weighted,0.5630569374818464,0.809761766046773,1.0,0.1,0.5630569374818464,10.0,1.0,0,True,1,probe_P=5,0,manufacturing,temperature,static
4,n_weighted,0.5630569374818464,0.809761766046773,1.0,0.1,0.5630569374818464,10.0,1.0,0,True,1,stop_local_optimum,0,manufacturing,temperature,static
10,n_weighted,0.5630569374818464,0.809761766046773,1.0,0.1,0.5630569374818464,10.0,1.0,0,True,0,r1_seed,1,manufacturing,temperature,static
9,n_weighted,0.5630569374818464,0.809761766046773,1.0,0.1,0.5630569374818464,10.0,1.0,0,True,1,r1_probe_P=9,1,manufacturing,temperature,static
10,n_weighted,0.5630569374818464,0.809761766046773,1.0,0.1,0.5630569374818464,10.0,1.0,0,True,1,r1_stop_local_optimum,1,manufacturing,temperature,static
4,uniform,1.151941348755674,0.982414167148568,1.0,0.2026179056754596,1.151941348755674,5.08273381294964,0.9676258992805756,0,True,0,seed,0,mobility,traffic_speed,static
3,uniform,1.151941348755674,0.982414167148568,1.0,0.2026179056754596,1.151941348755674,5.08273381294964,0.998800959232614,0,True,1,probe_P=3,0,mobility,traffic_speed,static
5,uniform,1.151941348755674,0.982414167148568,1.0,0.2026179056754596,1.151941348755674,5.08273381294964,0.7841726618705036,0,True,1,probe_P=5,0,mobility,traffic_speed,static
4,uniform,1.151941348755674,0.982414167148568,1.0,0.2026179056754596,1.151941348755674,5.08273381294964,0.9676258992805756,0,True,1,stop_local_optimum,0,mobility,traffic_speed,static
5,uniform,1.151941348755674,0.982414167148568,1.0,0.2026179056754596,1.151941348755674,5.08273381294964,0.7841726618705036,0,True,0,r1_seed,1,mobility,traffic_speed,static
4,uniform,1.151941348755674,0.982414167148568,1.0,0.2026179056754596,1.151941348755674,5.08273381294964,0.9676258992805756,0,True,1,r1_probe_P=4,1,mobility,traffic_speed,static
6,uniform,1.151941348755674,0.982414167148568,1.0,0.2026179056754596,1.151941348755674,5.08273381294964,0.3321342925659472,0,True,1,r1_probe_P=6,1,mobility,traffic_speed,static
5,uniform,1.151941348755674,0.982414167148568,1.0,0.2026179056754596,1.151941348755674,5.08273381294964,0.7841726618705036,0,True,1,r1_stop_local_optimum,1,mobility,traffic_speed,static
4,sample,0.2067262441761801,0.5204939909497053,0.1666666666666666,0.1988009592326139,0.3733929108428467,5.08273381294964,0.9676258992805756,695,True,0,seed,0,mobility,traffic_speed,static
3,sample,0.2067262441761801,0.5204939909497053,0.1666666666666666,0.1988009592326139,0.3733929108428467,5.08273381294964,0.998800959232614,695,True,1,probe_P=3,0,mobility,traffic_speed,static
5,sample,0.2067262441761801,0.5204939909497053,0.1666666666666666,0.1988009592326139,0.3733929108428467,5.08273381294964,0.7841726618705036,695,True,1,probe_P=5,0,mobility,traffic_speed,static
4,sample,0.2067262441761801,0.5204939909497053,0.1666666666666666,0.1988009592326139,0.3733929108428467,5.08273381294964,0.9676258992805756,695,True,1,stop_local_optimum,0,mobility,traffic_speed,static
5,sample,0.2067262441761801,0.5204939909497053,0.1666666666666666,0.1988009592326139,0.3733929108428467,5.08273381294964,0.7841726618705036,695,True,0,r1_seed,1,mobility,traffic_speed,static
4,sample,0.2067262441761801,0.5204939909497053,0.1666666666666666,0.1988009592326139,0.3733929108428467,5.08273381294964,0.9676258992805756,695,True,1,r1_probe_P=4,1,mobility,traffic_speed,static
6,sample,0.2067262441761801,0.5204939909497053,0.1666666666666666,0.1988009592326139,0.3733929108428467,5.08273381294964,0.3321342925659472,695,True,1,r1_probe_P=6,1,mobility,traffic_speed,static
5,sample,0.2067262441761801,0.5204939909497053,0.1666666666666666,0.1988009592326139,0.3733929108428467,5.08273381294964,0.7841726618705036,695,True,1,r1_stop_local_optimum,1,mobility,traffic_speed,static
4,budget_distribution,1.847977185977788,0.4203749132083698,0.657074340527578,0.2025851581508515,1.916562317872272,5.08273381294964,0.9676258992805756,286,True,0,seed,0,mobility,traffic_speed,static
3,budget_distribution,1.847977185977788,0.4203749132083698,0.657074340527578,0.2025851581508515,1.916562317872272,5.08273381294964,0.998800959232614,286,True,1,probe_P=3,0,mobility,traffic_speed,static
5,budget_distribution,1.847977185977788,0.4203749132083698,0.657074340527578,0.2025851581508515,1.916562317872272,5.08273381294964,0.7841726618705036,286,True,1,probe_P=5,0,mobility,traffic_speed,static
4,budget_distribution,1.847977185977788,0.4203749132083698,0.657074340527578,0.2025851581508515,1.916562317872272,5.08273381294964,0.9676258992805756,286,True,1,stop_local_optimum,0,mobility,traffic_speed,static
5,budget_distribution,1.847977185977788,0.4203749132083698,0.657074340527578,0.2025851581508515,1.916562317872272,5.08273381294964,0.7841726618705036,286,True,0,r1_seed,1,mobility,traffic_speed,static
4,budget_distribution,1.847977185977788,0.4203749132083698,0.657074340527578,0.2025851581508515,1.916562317872272,5.08273381294964,0.9676258992805756,286,True,1,r1_probe_P=4,1,mobility,traffic_speed,static
6,budget_distribution,1.847977185977788,0.4203749132083698,0.657074340527578,0.2025851581508515,1.916562317872272,5.08273381294964,0.3321342925659472,286,True,1,r1_probe_P=6,1,mobility,traffic_speed,static
5,budget_distribution,1.847977185977788,0.4203749132083698,0.657074340527578,0.2025851581508515,1.916562317872272,5.08273381294964,0.7841726618705036,286,True,1,r1_stop_local_optimum,1,mobility,traffic_speed,static
4,budget_absorption,1.5725601286031654,0.6281999469901033,0.5347721822541966,0.2026158445440956,1.665605692152326,5.08273381294964,0.9676258992805756,388,True,0,seed,0,mobility,traffic_speed,static
3,budget_absorption,1.5725601286031654,0.6281999469901033,0.5347721822541966,0.2026158445440956,1.665605692152326,5.08273381294964,0.998800959232614,388,True,1,probe_P=3,0,mobility,traffic_speed,static
5,budget_absorption,1.5725601286031654,0.6281999469901033,0.5347721822541966,0.2026158445440956,1.665605692152326,5.08273381294964,0.7841726618705036,388,True,1,probe_P=5,0,mobility,traffic_speed,static
4,budget_absorption,1.5725601286031654,0.6281999469901033,0.5347721822541966,0.2026158445440956,1.665605692152326,5.08273381294964,0.9676258992805756,388,True,1,stop_local_optimum,0,mobility,traffic_speed,static
5,budget_absorption,1.5725601286031654,0.6281999469901033,0.5347721822541966,0.2026158445440956,1.665605692152326,5.08273381294964,0.7841726618705036,388,True,0,r1_seed,1,mobility,traffic_speed,static
4,budget_absorption,1.5725601286031654,0.6281999469901033,0.5347721822541966,0.2026158445440956,1.665605692152326,5.08273381294964,0.9676258992805756,388,True,1,r1_probe_P=4,1,mobility,traffic_speed,static
6,budget_absorption,1.5725601286031654,0.6281999469901033,0.5347721822541966,0.2026158445440956,1.665605692152326,5.08273381294964,0.3321342925659472,388,True,1,r1_probe_P=6,1,mobility,traffic_speed,static
5,budget_absorption,1.5725601286031654,0.6281999469901033,0.5347721822541966,0.2026158445440956,1.665605692152326,5.08273381294964,0.7841726618705036,388,True,1,r1_stop_local_optimum,1,mobility,traffic_speed,static
4,p_gated_uniform,1.1379283694518654,0.7793265947487077,0.9676258992805756,0.1980380008261049,1.1444031895957505,5.08273381294964,0.9676258992805756,27,True,0,seed,0,mobility,traffic_speed,static
3,p_gated_uniform,1.1510457818740982,0.981190050949352,0.998800959232614,0.2022609043617447,1.1512855900275754,5.08273381294964,0.998800959232614,1,True,1,probe_P=3,0,mobility,traffic_speed,static
5,p_gated_uniform,1.0517917447719447,0.385120420606738,0.7841726618705036,0.1858817533129459,1.094957212397844,5.08273381294964,0.7841726618705036,180,True,1,probe_P=5,0,mobility,traffic_speed,static
5,p_gated_uniform,1.0517917447719447,0.385120420606738,0.7841726618705036,0.1858817533129459,1.094957212397844,5.08273381294964,0.7841726618705036,180,True,1,step_to_P=5,0,mobility,traffic_speed,static
6,p_gated_uniform,0.9340125837280284,0.653151073347164,0.3321342925659472,0.1666666666666666,1.067585725214839,5.08273381294964,0.3321342925659472,557,True,2,probe_P=6,0,mobility,traffic_speed,static
6,p_gated_uniform,0.9340125837280284,0.653151073347164,0.3321342925659472,0.1666666666666666,1.067585725214839,5.08273381294964,0.3321342925659472,557,True,2,step_to_P=6,0,mobility,traffic_speed,static
6,p_gated_uniform,0.9340125837280284,0.653151073347164,0.3321342925659472,0.1666666666666666,1.067585725214839,5.08273381294964,0.3321342925659472,557,True,3,stop_local_optimum,0,mobility,traffic_speed,static
5,p_gated_uniform,1.0517917447719447,0.385120420606738,0.7841726618705036,0.1858817533129459,1.094957212397844,5.08273381294964,0.7841726618705036,180,True,0,r1_seed,1,mobility,traffic_speed,static
4,p_gated_uniform,1.1379283694518654,0.7793265947487077,0.9676258992805756,0.1980380008261049,1.1444031895957505,5.08273381294964,0.9676258992805756,27,True,1,r1_probe_P=4,1,mobility,traffic_speed,static
6,p_gated_uniform,0.9340125837280284,0.653151073347164,0.3321342925659472,0.1666666666666666,1.067585725214839,5.08273381294964,0.3321342925659472,557,True,1,r1_probe_P=6,1,mobility,traffic_speed,static
6,p_gated_uniform,0.9340125837280284,0.653151073347164,0.3321342925659472,0.1666666666666666,1.067585725214839,5.08273381294964,0.3321342925659472,557,True,1,r1_step_to_P=6,1,mobility,traffic_speed,static
6,p_gated_uniform,0.9340125837280284,0.653151073347164,0.3321342925659472,0.1666666666666666,1.067585725214839,5.08273381294964,0.3321342925659472,557,True,2,r1_stop_local_optimum,1,mobility,traffic_speed,static
4,p_gated_sample,0.2149256931678412,0.5117333476364864,0.1606714628297362,0.1937810945273631,0.382791400601894,5.08273381294964,0.9676258992805756,700,True,0,seed,0,mobility,traffic_speed,static
3,p_gated_sample,0.2067262441761801,0.5204939909497053,0.1666666666666666,0.1988009592326139,0.3733929108428467,5.08273381294964,0.998800959232614,695,True,1,probe_P=3,0,mobility,traffic_speed,static
5,p_gated_sample,0.2049297807747314,0.5319048465997348,0.1342925659472422,0.1827380952380952,0.378071267585283,5.08273381294964,0.7841726618705036,722,True,1,probe_P=5,0,mobility,traffic_speed,static
3,p_gated_sample,0.2067262441761801,0.5204939909497053,0.1666666666666666,0.1988009592326139,0.3733929108428467,5.08273381294964,0.998800959232614,695,True,1,step_to_P=3,0,mobility,traffic_speed,static
2,p_gated_sample,0.2067262441761801,0.5204939909497053,0.1666666666666666,0.1988009592326139,0.3733929108428467,5.08273381294964,1.0,695,True,2,probe_P=2,0,mobility,traffic_speed,static
3,p_gated_sample,0.2067262441761801,0.5204939909497053,0.1666666666666666,0.1988009592326139,0.3733929108428467,5.08273381294964,0.998800959232614,695,True,2,stop_local_optimum,0,mobility,traffic_speed,static
5,p_gated_sample,0.2049297807747314,0.5319048465997348,0.1342925659472422,0.1827380952380952,0.378071267585283,5.08273381294964,0.7841726618705036,722,True,0,r1_seed,1,mobility,traffic_speed,static
4,p_gated_sample,0.2149256931678412,0.5117333476364864,0.1606714628297362,0.1937810945273631,0.382791400601894,5.08273381294964,0.9676258992805756,700,True,1,r1_probe_P=4,1,mobility,traffic_speed,static
6,p_gated_sample,0.1734940336945584,0.392141707869427,0.0695443645083932,0.1666666666666666,0.3595851607928798,5.08273381294964,0.3321342925659472,776,True,1,r1_probe_P=6,1,mobility,traffic_speed,static
6,p_gated_sample,0.1734940336945584,0.392141707869427,0.0695443645083932,0.1666666666666666,0.3595851607928798,5.08273381294964,0.3321342925659472,776,True,1,r1_step_to_P=6,1,mobility,traffic_speed,static
6,p_gated_sample,0.1734940336945584,0.392141707869427,0.0695443645083932,0.1666666666666666,0.3595851607928798,5.08273381294964,0.3321342925659472,776,True,2,r1_stop_local_optimum,1,mobility,traffic_speed,static
4,p_gated_ba,1.520559613611162,0.4966086250014043,0.5155875299760192,0.1978294573643411,1.6174421076159582,5.08273381294964,0.9676258992805756,404,True,0,seed,0,mobility,traffic_speed,static
3,p_gated_ba,1.5721334927498338,0.6269838463797185,0.5335731414868106,0.2019475655430711,1.6654188644524717,5.08273381294964,0.998800959232614,389,True,1,probe_P=3,0,mobility,traffic_speed,static
5,p_gated_ba,1.34240535743957,0.5896154414887287,0.4172661870503597,0.1851532567049808,1.458952120029498,5.08273381294964,0.7841726618705036,486,True,1,probe_P=5,0,mobility,traffic_speed,static
5,p_gated_ba,1.34240535743957,0.5896154414887287,0.4172661870503597,0.1851532567049808,1.458952120029498,5.08273381294964,0.7841726618705036,486,True,1,step_to_P=5,0,mobility,traffic_speed,static
6,p_gated_ba,1.4194767109087063,0.748744982666219,0.1618705035971223,0.1666666666666666,1.587102610189282,5.08273381294964,0.3321342925659472,699,True,2,probe_P=6,0,mobility,traffic_speed,static
5,p_gated_ba,1.34240535743957,0.5896154414887287,0.4172661870503597,0.1851532567049808,1.458952120029498,5.08273381294964,0.7841726618705036,486,True,2,stop_local_optimum,0,mobility,traffic_speed,static
5,p_gated_ba,1.34240535743957,0.5896154414887287,0.4172661870503597,0.1851532567049808,1.458952120029498,5.08273381294964,0.7841726618705036,486,True,0,r1_seed,1,mobility,traffic_speed,static
4,p_gated_ba,1.520559613611162,0.4966086250014043,0.5155875299760192,0.1978294573643411,1.6174421076159582,5.08273381294964,0.9676258992805756,404,True,1,r1_probe_P=4,1,mobility,traffic_speed,static
6,p_gated_ba,1.4194767109087063,0.748744982666219,0.1618705035971223,0.1666666666666666,1.587102610189282,5.08273381294964,0.3321342925659472,699,True,1,r1_probe_P=6,1,mobility,traffic_speed,static
5,p_gated_ba,1.34240535743957,0.5896154414887287,0.4172661870503597,0.1851532567049808,1.458952120029498,5.08273381294964,0.7841726618705036,486,True,1,r1_stop_local_optimum,1,mobility,traffic_speed,static
4,n_weighted,1.1654305785363206,0.7780002342544664,0.9676258992805756,0.1980380008261049,1.1719053986802055,5.08273381294964,0.9676258992805756,27,True,0,seed,0,mobility,traffic_speed,static
3,n_weighted,1.1906450673624998,0.9384598973990028,0.998800959232614,0.2022609043617447,1.1908848755159769,5.08273381294964,0.998800959232614,1,True,1,probe_P=3,0,mobility,traffic_speed,static
5,n_weighted,1.0697306553412955,0.8930195382146315,0.7841726618705036,0.1858817533129459,1.1128961229671948,5.08273381294964,0.7841726618705036,180,True,1,probe_P=5,0,mobility,traffic_speed,static
5,n_weighted,1.0697306553412955,0.8930195382146315,0.7841726618705036,0.1858817533129459,1.1128961229671948,5.08273381294964,0.7841726618705036,180,True,1,step_to_P=5,0,mobility,traffic_speed,static
6,n_weighted,0.9340125837280282,0.653151073347164,0.3321342925659472,0.1666666666666666,1.0675857252148389,5.08273381294964,0.3321342925659472,557,True,2,probe_P=6,0,mobility,traffic_speed,static
6,n_weighted,0.9340125837280282,0.653151073347164,0.3321342925659472,0.1666666666666666,1.0675857252148389,5.08273381294964,0.3321342925659472,557,True,2,step_to_P=6,0,mobility,traffic_speed,static
6,n_weighted,0.9340125837280282,0.653151073347164,0.3321342925659472,0.1666666666666666,1.0675857252148389,5.08273381294964,0.3321342925659472,557,True,3,stop_local_optimum,0,mobility,traffic_speed,static
5,n_weighted,1.0697306553412955,0.8930195382146315,0.7841726618705036,0.1858817533129459,1.1128961229671948,5.08273381294964,0.7841726618705036,180,True,0,r1_seed,1,mobility,traffic_speed,static
4,n_weighted,1.1654305785363206,0.7780002342544664,0.9676258992805756,0.1980380008261049,1.1719053986802055,5.08273381294964,0.9676258992805756,27,True,1,r1_probe_P=4,1,mobility,traffic_speed,static
6,n_weighted,0.9340125837280282,0.653151073347164,0.3321342925659472,0.1666666666666666,1.0675857252148389,5.08273381294964,0.3321342925659472,557,True,1,r1_probe_P=6,1,mobility,traffic_speed,static
6,n_weighted,0.9340125837280282,0.653151073347164,0.3321342925659472,0.1666666666666666,1.0675857252148389,5.08273381294964,0.3321342925659472,557,True,1,r1_step_to_P=6,1,mobility,traffic_speed,static
6,n_weighted,0.9340125837280282,0.653151073347164,0.3321342925659472,0.1666666666666666,1.0675857252148389,5.08273381294964,0.3321342925659472,557,True,2,r1_stop_local_optimum,1,mobility,traffic_speed,static
4,uniform,0.7837147921862203,0.5063664496651339,1.0,0.1323904414418026,0.7837147921862203,7.840303115352231,0.9789503227617176,0,True,0,seed,0,pune,pm10,static
3,uniform,0.7837147921862203,0.5063664496651339,1.0,0.1323904414418026,0.7837147921862203,7.840303115352231,0.9980353634577604,0,True,1,probe_P=3,0,pune,pm10,static
5,uniform,0.7837147921862203,0.5063664496651339,1.0,0.1323904414418026,0.7837147921862203,7.840303115352231,0.974459724950884,0,True,1,probe_P=5,0,pune,pm10,static
4,uniform,0.7837147921862203,0.5063664496651339,1.0,0.1323904414418026,0.7837147921862203,7.840303115352231,0.9789503227617176,0,True,1,stop_local_optimum,0,pune,pm10,static
8,uniform,0.7837147921862203,0.5063664496651339,1.0,0.1323904414418026,0.7837147921862203,7.840303115352231,0.7569463934886331,0,True,0,r1_seed,1,pune,pm10,static
7,uniform,0.7837147921862203,0.5063664496651339,1.0,0.1323904414418026,0.7837147921862203,7.840303115352231,0.9393769295537469,0,True,1,r1_probe_P=7,1,pune,pm10,static
9,uniform,0.7837147921862203,0.5063664496651339,1.0,0.1323904414418026,0.7837147921862203,7.840303115352231,0.226494527083918,0,True,1,r1_probe_P=9,1,pune,pm10,static
8,uniform,0.7837147921862203,0.5063664496651339,1.0,0.1323904414418026,0.7837147921862203,7.840303115352231,0.7569463934886331,0,True,1,r1_stop_local_optimum,1,pune,pm10,static
4,sample,0.1274525503139827,0.8139372529105371,0.1667134437271961,0.1320553417775639,0.2941098615685435,7.840303115352231,0.9789503227617176,2969,True,0,seed,0,pune,pm10,static
3,sample,0.1274525503139827,0.8139372529105371,0.1667134437271961,0.1320553417775639,0.2941098615685435,7.840303115352231,0.9980353634577604,2969,True,1,probe_P=3,0,pune,pm10,static
5,sample,0.1274525503139827,0.8139372529105371,0.1667134437271961,0.1320553417775639,0.2941098615685435,7.840303115352231,0.974459724950884,2969,True,1,probe_P=5,0,pune,pm10,static
4,sample,0.1274525503139827,0.8139372529105371,0.1667134437271961,0.1320553417775639,0.2941098615685435,7.840303115352231,0.9789503227617176,2969,True,1,stop_local_optimum,0,pune,pm10,static
8,sample,0.1274525503139827,0.8139372529105371,0.1667134437271961,0.1320553417775639,0.2941098615685435,7.840303115352231,0.7569463934886331,2969,True,0,r1_seed,1,pune,pm10,static
7,sample,0.1274525503139827,0.8139372529105371,0.1667134437271961,0.1320553417775639,0.2941098615685435,7.840303115352231,0.9393769295537469,2969,True,1,r1_probe_P=7,1,pune,pm10,static
9,sample,0.1274525503139827,0.8139372529105371,0.1667134437271961,0.1320553417775639,0.2941098615685435,7.840303115352231,0.226494527083918,2969,True,1,r1_probe_P=9,1,pune,pm10,static
8,sample,0.1274525503139827,0.8139372529105371,0.1667134437271961,0.1320553417775639,0.2941098615685435,7.840303115352231,0.7569463934886331,2969,True,1,r1_stop_local_optimum,1,pune,pm10,static
4,budget_distribution,1.1619599914718086,0.3471903212204252,0.6267190569744597,0.1329141165348062,1.2366161800769166,7.840303115352231,0.9789503227617176,1330,True,0,seed,0,pune,pm10,static
3,budget_distribution,1.1619599914718086,0.3471903212204252,0.6267190569744597,0.1329141165348062,1.2366161800769166,7.840303115352231,0.9980353634577604,1330,True,1,probe_P=3,0,pune,pm10,static
5,budget_distribution,1.1619599914718086,0.3471903212204252,0.6267190569744597,0.1329141165348062,1.2366161800769166,7.840303115352231,0.974459724950884,1330,True,1,probe_P=5,0,pune,pm10,static
4,budget_distribution,1.1619599914718086,0.3471903212204252,0.6267190569744597,0.1329141165348062,1.2366161800769166,7.840303115352231,0.9789503227617176,1330,True,1,stop_local_optimum,0,pune,pm10,static
8,budget_distribution,1.1619599914718086,0.3471903212204252,0.6267190569744597,0.1329141165348062,1.2366161800769166,7.840303115352231,0.7569463934886331,1330,True,0,r1_seed,1,pune,pm10,static
7,budget_distribution,1.1619599914718086,0.3471903212204252,0.6267190569744597,0.1329141165348062,1.2366161800769166,7.840303115352231,0.9393769295537469,1330,True,1,r1_probe_P=7,1,pune,pm10,static
9,budget_distribution,1.1619599914718086,0.3471903212204252,0.6267190569744597,0.1329141165348062,1.2366161800769166,7.840303115352231,0.226494527083918,1330,True,1,r1_probe_P=9,1,pune,pm10,static
8,budget_distribution,1.1619599914718086,0.3471903212204252,0.6267190569744597,0.1329141165348062,1.2366161800769166,7.840303115352231,0.7569463934886331,1330,True,1,r1_stop_local_optimum,1,pune,pm10,static
4,budget_absorption,0.9104815474640984,0.2810102084042615,0.5037889419028908,0.1325527258257063,1.0097237590835202,7.840303115352231,0.9789503227617176,1768,True,0,seed,0,pune,pm10,static
3,budget_absorption,0.9104815474640984,0.2810102084042615,0.5037889419028908,0.1325527258257063,1.0097237590835202,7.840303115352231,0.9980353634577604,1768,True,1,probe_P=3,0,pune,pm10,static
5,budget_absorption,0.9104815474640984,0.2810102084042615,0.5037889419028908,0.1325527258257063,1.0097237590835202,7.840303115352231,0.974459724950884,1768,True,1,probe_P=5,0,pune,pm10,static
4,budget_absorption,0.9104815474640984,0.2810102084042615,0.5037889419028908,0.1325527258257063,1.0097237590835202,7.840303115352231,0.9789503227617176,1768,True,1,stop_local_optimum,0,pune,pm10,static
8,budget_absorption,0.9104815474640984,0.2810102084042615,0.5037889419028908,0.1325527258257063,1.0097237590835202,7.840303115352231,0.7569463934886331,1768,True,0,r1_seed,1,pune,pm10,static
7,budget_absorption,0.9104815474640984,0.2810102084042615,0.5037889419028908,0.1325527258257063,1.0097237590835202,7.840303115352231,0.9393769295537469,1768,True,1,r1_probe_P=7,1,pune,pm10,static
9,budget_absorption,0.9104815474640984,0.2810102084042615,0.5037889419028908,0.1325527258257063,1.0097237590835202,7.840303115352231,0.226494527083918,1768,True,1,r1_probe_P=9,1,pune,pm10,static
8,budget_absorption,0.9104815474640984,0.2810102084042615,0.5037889419028908,0.1325527258257063,1.0097237590835202,7.840303115352231,0.7569463934886331,1768,True,1,r1_stop_local_optimum,1,pune,pm10,static
4,p_gated_uniform,0.7639617980168567,0.6247048739046756,0.9789503227617176,0.1274485310179117,0.7681717334645132,7.840303115352231,0.9789503227617176,75,True,0,seed,0,pune,pm10,static
3,p_gated_uniform,0.7796100132004978,0.554860588822412,0.9980353634577604,0.1313855857303551,0.7800029405089458,7.840303115352231,0.9980353634577604,7,True,1,probe_P=3,0,pune,pm10,static
5,p_gated_uniform,0.74538735869943,0.6276849692112045,0.974459724950884,0.1268837777046302,0.7504954137092531,7.840303115352231,0.974459724950884,91,True,1,probe_P=5,0,pune,pm10,static
5,p_gated_uniform,0.74538735869943,0.6276849692112045,0.974459724950884,0.1268837777046302,0.7504954137092531,7.840303115352231,0.974459724950884,91,True,1,step_to_P=5,0,pune,pm10,static
6,p_gated_uniform,0.7421756630973809,0.6272871196784507,0.9666011787819252,0.1262893368729605,0.7488554273409959,7.840303115352231,0.9666011787819252,119,True,2,probe_P=6,0,pune,pm10,static
6,p_gated_uniform,0.7421756630973809,0.6272871196784507,0.9666011787819252,0.1262893368729605,0.7488554273409959,7.840303115352231,0.9666011787819252,119,True,2,step_to_P=6,0,pune,pm10,static
7,p_gated_uniform,0.7296320087792343,0.5336731911982665,0.9393769295537469,0.1251191543244127,0.7417566228684849,7.840303115352231,0.9393769295537469,216,True,3,probe_P=7,0,pune,pm10,static
7,p_gated_uniform,0.7296320087792343,0.5336731911982665,0.9393769295537469,0.1251191543244127,0.7417566228684849,7.840303115352231,0.9393769295537469,216,True,3,step_to_P=7,0,pune,pm10,static
8,p_gated_uniform,0.668828571371214,0.608006073660168,0.7569463934886331,0.1208441478185638,0.7174392926734874,7.840303115352231,0.7569463934886331,866,True,4,probe_P=8,0,pune,pm10,static
8,p_gated_uniform,0.668828571371214,0.608006073660168,0.7569463934886331,0.1208441478185638,0.7174392926734874,7.840303115352231,0.7569463934886331,866,True,4,step_to_P=8,0,pune,pm10,static
9,p_gated_uniform,0.6972587138676137,0.8228033078970085,0.226494527083918,0.1111111111111111,0.8519598084508302,7.840303115352231,0.226494527083918,2756,True,5,probe_P=9,0,pune,pm10,static
8,p_gated_uniform,0.668828571371214,0.608006073660168,0.7569463934886331,0.1208441478185638,0.7174392926734874,7.840303115352231,0.7569463934886331,866,True,5,stop_local_optimum,0,pune,pm10,static
8,p_gated_uniform,0.668828571371214,0.608006073660168,0.7569463934886331,0.1208441478185638,0.7174392926734874,7.840303115352231,0.7569463934886331,866,True,0,r1_seed,1,pune,pm10,static
7,p_gated_uniform,0.7296320087792343,0.5336731911982665,0.9393769295537469,0.1251191543244127,0.7417566228684849,7.840303115352231,0.9393769295537469,216,True,1,r1_probe_P=7,1,pune,pm10,static
9,p_gated_uniform,0.6972587138676137,0.8228033078970085,0.226494527083918,0.1111111111111111,0.8519598084508302,7.840303115352231,0.226494527083918,2756,True,1,r1_probe_P=9,1,pune,pm10,static
8,p_gated_uniform,0.668828571371214,0.608006073660168,0.7569463934886331,0.1208441478185638,0.7174392926734874,7.840303115352231,0.7569463934886331,866,True,1,r1_stop_local_optimum,1,pune,pm10,static
4,p_gated_sample,0.1232030999479517,0.7377053720560673,0.1630648330058939,0.1272648416796437,0.2905901333467729,7.840303115352231,0.9789503227617176,2982,True,0,seed,0,pune,pm10,static
3,p_gated_sample,0.1271126175997176,0.7281720949798761,0.1664327813640191,0.1314348617468347,0.2938260613269138,7.840303115352231,0.9980353634577604,2970,True,1,probe_P=3,0,pune,pm10,static
5,p_gated_sample,0.1205861456982807,0.725127356097662,0.1627841706427168,0.1270532293377121,0.2880293115697374,7.840303115352231,0.974459724950884,2983,True,1,probe_P=5,0,pune,pm10,static
5,p_gated_sample,0.1205861456982807,0.725127356097662,0.1627841706427168,0.1270532293377121,0.2880293115697374,7.840303115352231,0.974459724950884,2983,True,1,step_to_P=5,0,pune,pm10,static
6,p_gated_sample,0.1215746138594348,0.8090484901494556,0.1616615211900084,0.1265466545414462,0.2892423096214332,7.840303115352231,0.9666011787819252,2987,True,2,probe_P=6,0,pune,pm10,static
5,p_gated_sample,0.1205861456982807,0.725127356097662,0.1627841706427168,0.1270532293377121,0.2880293115697374,7.840303115352231,0.974459724950884,2983,True,2,stop_local_optimum,0,pune,pm10,static
8,p_gated_sample,0.1173704454070575,0.4700792858443907,0.1257367387033398,0.1208767361111111,0.2922230976663895,7.840303115352231,0.7569463934886331,3115,True,0,r1_seed,1,pune,pm10,static
7,p_gated_sample,0.1205018942087869,0.8771200009091874,0.1563289362896435,0.1251781083468695,0.2892361069508582,7.840303115352231,0.9393769295537469,3006,True,1,r1_probe_P=7,1,pune,pm10,static
9,p_gated_sample,0.0760797815311506,0.820106181149822,0.037328094302554,0.1111111111111111,0.2686141626706398,7.840303115352231,0.226494527083918,3430,True,1,r1_probe_P=9,1,pune,pm10,static
9,p_gated_sample,0.0760797815311506,0.820106181149822,0.037328094302554,0.1111111111111111,0.2686141626706398,7.840303115352231,0.226494527083918,3430,True,1,r1_step_to_P=9,1,pune,pm10,static
9,p_gated_sample,0.0760797815311506,0.820106181149822,0.037328094302554,0.1111111111111111,0.2686141626706398,7.840303115352231,0.226494527083918,3430,True,2,r1_stop_local_optimum,1,pune,pm10,static
4,p_gated_ba,0.8782758135368194,0.3308421572262487,0.487229862475442,0.127530219076878,0.980829841041731,7.840303115352231,0.9789503227617176,1827,True,0,seed,0,pune,pm10,static
3,p_gated_ba,0.9071408304485143,0.2768731665377614,0.4995790064552343,0.1309983056893169,1.0072250291574676,7.840303115352231,0.9980353634577604,1783,True,1,probe_P=3,0,pune,pm10,static
5,p_gated_ba,0.8543784857961778,0.3052568714171531,0.4849845635700253,0.1268679269547325,0.9573815730821728,7.840303115352231,0.974459724950884,1835,True,1,probe_P=5,0,pune,pm10,static
5,p_gated_ba,0.8543784857961778,0.3052568714171531,0.4849845635700253,0.1268679269547325,0.9573815730821728,7.840303115352231,0.974459724950884,1835,True,1,step_to_P=5,0,pune,pm10,static
6,p_gated_ba,0.8824862592648888,0.7196325623367704,0.4849845635700253,0.1260517710170488,0.9854893465508836,7.840303115352231,0.9666011787819252,1835,True,2,probe_P=6,0,pune,pm10,static
5,p_gated_ba,0.8543784857961778,0.3052568714171531,0.4849845635700253,0.1268679269547325,0.9573815730821728,7.840303115352231,0.974459724950884,1835,True,2,stop_local_optimum,0,pune,pm10,static
8,p_gated_ba,0.7597752433002565,0.3513044498300014,0.3797361773786135,0.1211094686704443,0.8838280078245337,7.840303115352231,0.7569463934886331,2210,True,0,r1_seed,1,pune,pm10,static
7,p_gated_ba,0.8306160058550742,0.33172449256486,0.4709514454111703,0.1251903721361409,0.93642571677284,7.840303115352231,0.9393769295537469,1885,True,1,r1_probe_P=7,1,pune,pm10,static
9,p_gated_ba,1.346237656281475,0.4804155187106551,0.1187201796239124,0.1111111111111111,1.5224936203566926,7.840303115352231,0.226494527083918,3140,True,1,r1_probe_P=9,1,pune,pm10,static
8,p_gated_ba,0.7597752433002565,0.3513044498300014,0.3797361773786135,0.1211094686704443,0.8838280078245337,7.840303115352231,0.7569463934886331,2210,True,1,r1_stop_local_optimum,1,pune,pm10,static
4,n_weighted,0.7657784619240112,0.8282656959733824,0.9789503227617176,0.1274485310179117,0.7699883973716677,7.840303115352231,0.9789503227617176,75,True,0,seed,0,pune,pm10,static
3,n_weighted,0.7896851695823528,0.5723636543298812,0.9980353634577604,0.1313855857303551,0.7900780968908008,7.840303115352231,0.9980353634577604,7,True,1,probe_P=3,0,pune,pm10,static
5,n_weighted,0.7550699185500568,0.6322941734841093,0.974179062587707,0.1268723161981589,0.7602341060325154,7.840303115352231,0.974459724950884,92,True,1,probe_P=5,0,pune,pm10,static
5,n_weighted,0.7550699185500568,0.6322941734841093,0.974179062587707,0.1268723161981589,0.7602341060325154,7.840303115352231,0.974459724950884,92,True,1,step_to_P=5,0,pune,pm10,static
6,n_weighted,0.7483252255129551,0.6291588357426601,0.9663205164187484,0.1262776095044465,0.7550611222292054,7.840303115352231,0.9666011787819252,120,True,2,probe_P=6,0,pune,pm10,static
6,n_weighted,0.7483252255129551,0.6291588357426601,0.9663205164187484,0.1262776095044465,0.7550611222292054,7.840303115352231,0.9666011787819252,120,True,2,step_to_P=6,0,pune,pm10,static
7,n_weighted,0.7325929271587598,0.5357115289097485,0.9393769295537469,0.1251191543244127,0.7447175412480104,7.840303115352231,0.9393769295537469,216,True,3,probe_P=7,0,pune,pm10,static
7,n_weighted,0.7325929271587598,0.5357115289097485,0.9393769295537469,0.1251191543244127,0.7447175412480104,7.840303115352231,0.9393769295537469,216,True,3,step_to_P=7,0,pune,pm10,static
8,n_weighted,0.6696514506424542,0.613501554134923,0.7569463934886331,0.1208441478185638,0.7182621719447276,7.840303115352231,0.7569463934886331,866,True,4,probe_P=8,0,pune,pm10,static
8,n_weighted,0.6696514506424542,0.613501554134923,0.7569463934886331,0.1208441478185638,0.7182621719447276,7.840303115352231,0.7569463934886331,866,True,4,step_to_P=8,0,pune,pm10,static
9,n_weighted,0.697258713867614,0.8228033078970085,0.226494527083918,0.1111111111111111,0.8519598084508304,7.840303115352231,0.226494527083918,2756,True,5,probe_P=9,0,pune,pm10,static
8,n_weighted,0.6696514506424542,0.613501554134923,0.7569463934886331,0.1208441478185638,0.7182621719447276,7.840303115352231,0.7569463934886331,866,True,5,stop_local_optimum,0,pune,pm10,static
8,n_weighted,0.6696514506424542,0.613501554134923,0.7569463934886331,0.1208441478185638,0.7182621719447276,7.840303115352231,0.7569463934886331,866,True,0,r1_seed,1,pune,pm10,static
7,n_weighted,0.7325929271587598,0.5357115289097485,0.9393769295537469,0.1251191543244127,0.7447175412480104,7.840303115352231,0.9393769295537469,216,True,1,r1_probe_P=7,1,pune,pm10,static
9,n_weighted,0.697258713867614,0.8228033078970085,0.226494527083918,0.1111111111111111,0.8519598084508304,7.840303115352231,0.226494527083918,2756,True,1,r1_probe_P=9,1,pune,pm10,static
8,n_weighted,0.6696514506424542,0.613501554134923,0.7569463934886331,0.1208441478185638,0.7182621719447276,7.840303115352231,0.7569463934886331,866,True,1,r1_stop_local_optimum,1,pune,pm10,static
4,uniform,0.9969142291022616,0.8870029704864981,1.0,0.1723884976525821,0.9969142291022616,5.926056338028169,0.9841549295774648,0,True,0,seed,0,traffic,speed,static
3,uniform,0.9969142291022616,0.8870029704864981,1.0,0.1723884976525821,0.9969142291022616,5.926056338028169,0.9841549295774648,0,True,1,probe_P=3,0,traffic,speed,static
5,uniform,0.9969142291022616,0.8870029704864981,1.0,0.1723884976525821,0.9969142291022616,5.926056338028169,0.9788732394366196,0,True,1,probe_P=5,0,traffic,speed,static
4,uniform,0.9969142291022616,0.8870029704864981,1.0,0.1723884976525821,0.9969142291022616,5.926056338028169,0.9841549295774648,0,True,1,stop_local_optimum,0,traffic,speed,static
6,uniform,0.9969142291022616,0.8870029704864981,1.0,0.1723884976525821,0.9969142291022616,5.926056338028169,0.9788732394366196,0,True,0,r1_seed,1,traffic,speed,static
5,uniform,0.9969142291022616,0.8870029704864981,1.0,0.1723884976525821,0.9969142291022616,5.926056338028169,0.9788732394366196,0,True,1,r1_probe_P=5,1,traffic,speed,static
6,uniform,0.9969142291022616,0.8870029704864981,1.0,0.1723884976525821,0.9969142291022616,5.926056338028169,0.9788732394366196,0,True,1,r1_stop_local_optimum,1,traffic,speed,static
4,sample,0.1933754314901876,0.4160752594892253,0.1672535211267605,0.1736842105263158,0.3599247272648355,5.926056338028169,0.9841549295774648,473,True,0,seed,0,traffic,speed,static
3,sample,0.1933754314901876,0.4160752594892253,0.1672535211267605,0.1736842105263158,0.3599247272648355,5.926056338028169,0.9841549295774648,473,True,1,probe_P=3,0,traffic,speed,static
5,sample,0.1933754314901876,0.4160752594892253,0.1672535211267605,0.1736842105263158,0.3599247272648355,5.926056338028169,0.9788732394366196,473,True,1,probe_P=5,0,traffic,speed,static
4,sample,0.1933754314901876,0.4160752594892253,0.1672535211267605,0.1736842105263158,0.3599247272648355,5.926056338028169,0.9841549295774648,473,True,1,stop_local_optimum,0,traffic,speed,static
6,sample,0.1933754314901876,0.4160752594892253,0.1672535211267605,0.1736842105263158,0.3599247272648355,5.926056338028169,0.9788732394366196,473,True,0,r1_seed,1,traffic,speed,static
5,sample,0.1933754314901876,0.4160752594892253,0.1672535211267605,0.1736842105263158,0.3599247272648355,5.926056338028169,0.9788732394366196,473,True,1,r1_probe_P=5,1,traffic,speed,static
6,sample,0.1933754314901876,0.4160752594892253,0.1672535211267605,0.1736842105263158,0.3599247272648355,5.926056338028169,0.9788732394366196,473,True,1,r1_stop_local_optimum,1,traffic,speed,static
4,budget_distribution,1.5386034945172744,0.419657499261234,0.6390845070422535,0.173783287419651,1.6107865931088237,5.926056338028169,0.9841549295774648,205,True,0,seed,0,traffic,speed,static
3,budget_distribution,1.5386034945172744,0.419657499261234,0.6390845070422535,0.173783287419651,1.6107865931088237,5.926056338028169,0.9841549295774648,205,True,1,probe_P=3,0,traffic,speed,static
5,budget_distribution,1.5386034945172744,0.419657499261234,0.6390845070422535,0.173783287419651,1.6107865931088237,5.926056338028169,0.9788732394366196,205,True,1,probe_P=5,0,traffic,speed,static
4,budget_distribution,1.5386034945172744,0.419657499261234,0.6390845070422535,0.173783287419651,1.6107865931088237,5.926056338028169,0.9841549295774648,205,True,1,stop_local_optimum,0,traffic,speed,static
6,budget_distribution,1.5386034945172744,0.419657499261234,0.6390845070422535,0.173783287419651,1.6107865931088237,5.926056338028169,0.9788732394366196,205,True,0,r1_seed,1,traffic,speed,static
5,budget_distribution,1.5386034945172744,0.419657499261234,0.6390845070422535,0.173783287419651,1.6107865931088237,5.926056338028169,0.9788732394366196,205,True,1,r1_probe_P=5,1,traffic,speed,static
6,budget_distribution,1.5386034945172744,0.419657499261234,0.6390845070422535,0.173783287419651,1.6107865931088237,5.926056338028169,0.9788732394366196,205,True,1,r1_stop_local_optimum,1,traffic,speed,static
4,budget_absorption,1.3053480480040414,0.4156481141129584,0.5193661971830986,0.1725988700564971,1.4014748085674216,5.926056338028169,0.9841549295774648,273,True,0,seed,0,traffic,speed,static
3,budget_absorption,1.3053480480040414,0.4156481141129584,0.5193661971830986,0.1725988700564971,1.4014748085674216,5.926056338028169,0.9841549295774648,273,True,1,probe_P=3,0,traffic,speed,static
5,budget_absorption,1.3053480480040414,0.4156481141129584,0.5193661971830986,0.1725988700564971,1.4014748085674216,5.926056338028169,0.9788732394366196,273,True,1,probe_P=5,0,traffic,speed,static
4,budget_absorption,1.3053480480040414,0.4156481141129584,0.5193661971830986,0.1725988700564971,1.4014748085674216,5.926056338028169,0.9841549295774648,273,True,1,stop_local_optimum,0,traffic,speed,static
6,budget_absorption,1.3053480480040414,0.4156481141129584,0.5193661971830986,0.1725988700564971,1.4014748085674216,5.926056338028169,0.9788732394366196,273,True,0,r1_seed,1,traffic,speed,static
5,budget_absorption,1.3053480480040414,0.4156481141129584,0.5193661971830986,0.1725988700564971,1.4014748085674216,5.926056338028169,0.9788732394366196,273,True,1,r1_probe_P=5,1,traffic,speed,static
6,budget_absorption,1.3053480480040414,0.4156481141129584,0.5193661971830986,0.1725988700564971,1.4014748085674216,5.926056338028169,0.9788732394366196,273,True,1,r1_stop_local_optimum,1,traffic,speed,static
4,p_gated_uniform,0.9702434547431368,0.9305783962004432,0.9841549295774648,0.1671138938580799,0.973412468827644,5.926056338028169,0.9841549295774648,9,True,0,seed,0,traffic,speed,static
3,p_gated_uniform,0.9702434547431368,0.9305783962004432,0.9841549295774648,0.1671138938580799,0.973412468827644,5.926056338028169,0.9841549295774648,9,True,1,probe_P=3,0,traffic,speed,static
5,p_gated_uniform,0.9712746194942332,0.9297528550190324,0.9788732394366196,0.1666666666666666,0.9754999716069094,5.926056338028169,0.9788732394366196,12,True,1,probe_P=5,0,traffic,speed,static
4,p_gated_uniform,0.9702434547431368,0.9305783962004432,0.9841549295774648,0.1671138938580799,0.973412468827644,5.926056338028169,0.9841549295774648,9,True,1,stop_local_optimum,0,traffic,speed,static
6,p_gated_uniform,0.9712746194942332,0.9297528550190324,0.9788732394366196,0.1666666666666666,0.9754999716069094,5.926056338028169,0.9788732394366196,12,True,0,r1_seed,1,traffic,speed,static
5,p_gated_uniform,0.9712746194942332,0.9297528550190324,0.9788732394366196,0.1666666666666666,0.9754999716069094,5.926056338028169,0.9788732394366196,12,True,1,r1_probe_P=5,1,traffic,speed,static
6,p_gated_uniform,0.9712746194942332,0.9297528550190324,0.9788732394366196,0.1666666666666666,0.9754999716069094,5.926056338028169,0.9788732394366196,12,True,1,r1_stop_local_optimum,1,traffic,speed,static
4,p_gated_sample,0.1851175734365771,0.5388536329283455,0.1637323943661972,0.1666666666666666,0.3523710945633377,5.926056338028169,0.9841549295774648,475,True,0,seed,0,traffic,speed,static
3,p_gated_sample,0.1851175734365771,0.5388536329283455,0.1637323943661972,0.1666666666666666,0.3523710945633377,5.926056338028169,0.9841549295774648,475,True,1,probe_P=3,0,traffic,speed,static
5,p_gated_sample,0.1851175734365771,0.5388536329283455,0.1637323943661972,0.1666666666666666,0.3523710945633377,5.926056338028169,0.9788732394366196,475,True,1,probe_P=5,0,traffic,speed,static
4,p_gated_sample,0.1851175734365771,0.5388536329283455,0.1637323943661972,0.1666666666666666,0.3523710945633377,5.926056338028169,0.9841549295774648,475,True,1,stop_local_optimum,0,traffic,speed,static
6,p_gated_sample,0.1851175734365771,0.5388536329283455,0.1637323943661972,0.1666666666666666,0.3523710945633377,5.926056338028169,0.9788732394366196,475,True,0,r1_seed,1,traffic,speed,static
5,p_gated_sample,0.1851175734365771,0.5388536329283455,0.1637323943661972,0.1666666666666666,0.3523710945633377,5.926056338028169,0.9788732394366196,475,True,1,r1_probe_P=5,1,traffic,speed,static
6,p_gated_sample,0.1851175734365771,0.5388536329283455,0.1637323943661972,0.1666666666666666,0.3523710945633377,5.926056338028169,0.9788732394366196,475,True,1,r1_stop_local_optimum,1,traffic,speed,static
4,p_gated_ba,1.2707431681759922,0.4108064099110362,0.5052816901408451,0.1666666666666666,1.369686830147823,5.926056338028169,0.9841549295774648,281,True,0,seed,0,traffic,speed,static
3,p_gated_ba,1.2707431681759922,0.4108064099110362,0.5052816901408451,0.1666666666666666,1.369686830147823,5.926056338028169,0.9841549295774648,281,True,1,probe_P=3,0,traffic,speed,static
5,p_gated_ba,1.2707431681759922,0.4136065287280716,0.5052816901408451,0.1666666666666666,1.369686830147823,5.926056338028169,0.9788732394366196,281,True,1,probe_P=5,0,traffic,speed,static
4,p_gated_ba,1.2707431681759922,0.4108064099110362,0.5052816901408451,0.1666666666666666,1.369686830147823,5.926056338028169,0.9841549295774648,281,True,1,stop_local_optimum,0,traffic,speed,static
6,p_gated_ba,1.2707431681759922,0.4136065287280716,0.5052816901408451,0.1666666666666666,1.369686830147823,5.926056338028169,0.9788732394366196,281,True,0,r1_seed,1,traffic,speed,static
5,p_gated_ba,1.2707431681759922,0.4136065287280716,0.5052816901408451,0.1666666666666666,1.369686830147823,5.926056338028169,0.9788732394366196,281,True,1,r1_probe_P=5,1,traffic,speed,static
6,p_gated_ba,1.2707431681759922,0.4136065287280716,0.5052816901408451,0.1666666666666666,1.369686830147823,5.926056338028169,0.9788732394366196,281,True,1,r1_stop_local_optimum,1,traffic,speed,static
4,n_weighted,0.9702434547431368,0.9305783962004432,0.9841549295774648,0.1671138938580799,0.973412468827644,5.926056338028169,0.9841549295774648,9,True,0,seed,0,traffic,speed,static
3,n_weighted,0.9702434547431368,0.9305783962004432,0.9841549295774648,0.1671138938580799,0.973412468827644,5.926056338028169,0.9841549295774648,9,True,1,probe_P=3,0,traffic,speed,static
5,n_weighted,0.9712746194942332,0.9297528550190324,0.9788732394366196,0.1666666666666666,0.9754999716069094,5.926056338028169,0.9788732394366196,12,True,1,probe_P=5,0,traffic,speed,static
4,n_weighted,0.9702434547431368,0.9305783962004432,0.9841549295774648,0.1671138938580799,0.973412468827644,5.926056338028169,0.9841549295774648,9,True,1,stop_local_optimum,0,traffic,speed,static
6,n_weighted,0.9712746194942332,0.9297528550190324,0.9788732394366196,0.1666666666666666,0.9754999716069094,5.926056338028169,0.9788732394366196,12,True,0,r1_seed,1,traffic,speed,static
5,n_weighted,0.9712746194942332,0.9297528550190324,0.9788732394366196,0.1666666666666666,0.9754999716069094,5.926056338028169,0.9788732394366196,12,True,1,r1_probe_P=5,1,traffic,speed,static
6,n_weighted,0.9712746194942332,0.9297528550190324,0.9788732394366196,0.1666666666666666,0.9754999716069094,5.926056338028169,0.9788732394366196,12,True,1,r1_stop_local_optimum,1,traffic,speed,static
4,uniform,1.30237992386745,0.2536313029874666,1.0,0.2289082299586501,1.30237992386745,8.403361344537815,0.8403361344537815,0,True,0,seed,0,wearable,heart_rate,static
3,uniform,1.30237992386745,0.2536313029874666,1.0,0.2289082299586501,1.30237992386745,8.403361344537815,0.8487394957983193,0,True,1,probe_P=3,0,wearable,heart_rate,static
5,uniform,1.30237992386745,0.2536313029874666,1.0,0.2289082299586501,1.30237992386745,8.403361344537815,0.8319327731092437,0,True,1,probe_P=5,0,wearable,heart_rate,static
4,uniform,1.30237992386745,0.2536313029874666,1.0,0.2289082299586501,1.30237992386745,8.403361344537815,0.8403361344537815,0,True,1,stop_local_optimum,0,wearable,heart_rate,static
10,uniform,1.30237992386745,0.2536313029874666,1.0,0.2289082299586501,1.30237992386745,8.403361344537815,0.7563025210084033,0,True,0,r1_seed,1,wearable,heart_rate,static
9,uniform,1.30237992386745,0.2536313029874666,1.0,0.2289082299586501,1.30237992386745,8.403361344537815,0.7983193277310925,0,True,1,r1_probe_P=9,1,wearable,heart_rate,static
10,uniform,1.30237992386745,0.2536313029874666,1.0,0.2289082299586501,1.30237992386745,8.403361344537815,0.7563025210084033,0,True,1,r1_stop_local_optimum,1,wearable,heart_rate,static
4,sample,0.2268725721390105,0.0693771162566592,0.1680672268907563,0.2126984126984127,0.3932591267608593,8.403361344537815,0.8403361344537815,99,True,0,seed,0,wearable,heart_rate,static
3,sample,0.2268725721390105,0.0693771162566592,0.1680672268907563,0.2126984126984127,0.3932591267608593,8.403361344537815,0.8487394957983193,99,True,1,probe_P=3,0,wearable,heart_rate,static
5,sample,0.2268725721390105,0.0693771162566592,0.1680672268907563,0.2126984126984127,0.3932591267608593,8.403361344537815,0.8319327731092437,99,True,1,probe_P=5,0,wearable,heart_rate,static
4,sample,0.2268725721390105,0.0693771162566592,0.1680672268907563,0.2126984126984127,0.3932591267608593,8.403361344537815,0.8403361344537815,99,True,1,stop_local_optimum,0,wearable,heart_rate,static
10,sample,0.2268725721390105,0.0693771162566592,0.1680672268907563,0.2126984126984127,0.3932591267608593,8.403361344537815,0.7563025210084033,99,True,0,r1_seed,1,wearable,heart_rate,static
9,sample,0.2268725721390105,0.0693771162566592,0.1680672268907563,0.2126984126984127,0.3932591267608593,8.403361344537815,0.7983193277310925,99,True,1,r1_probe_P=9,1,wearable,heart_rate,static
10,sample,0.2268725721390105,0.0693771162566592,0.1680672268907563,0.2126984126984127,0.3932591267608593,8.403361344537815,0.7563025210084033,99,True,1,r1_stop_local_optimum,1,wearable,heart_rate,static
4,budget_distribution,3.4308426533358007,0.0576067565006206,0.6638655462184874,0.2627787823990355,3.4980695440921035,8.403361344537815,0.8403361344537815,40,True,0,seed,0,wearable,heart_rate,static
3,budget_distribution,3.4308426533358007,0.0576067565006206,0.6638655462184874,0.2627787823990355,3.4980695440921035,8.403361344537815,0.8487394957983193,40,True,1,probe_P=3,0,wearable,heart_rate,static
5,budget_distribution,3.4308426533358007,0.0576067565006206,0.6638655462184874,0.2627787823990355,3.4980695440921035,8.403361344537815,0.8319327731092437,40,True,1,probe_P=5,0,wearable,heart_rate,static
4,budget_distribution,3.4308426533358007,0.0576067565006206,0.6638655462184874,0.2627787823990355,3.4980695440921035,8.403361344537815,0.8403361344537815,40,True,1,stop_local_optimum,0,wearable,heart_rate,static
10,budget_distribution,3.4308426533358007,0.0576067565006206,0.6638655462184874,0.2627787823990355,3.4980695440921035,8.403361344537815,0.7563025210084033,40,True,0,r1_seed,1,wearable,heart_rate,static
9,budget_distribution,3.4308426533358007,0.0576067565006206,0.6638655462184874,0.2627787823990355,3.4980695440921035,8.403361344537815,0.7983193277310925,40,True,1,r1_probe_P=9,1,wearable,heart_rate,static
10,budget_distribution,3.4308426533358007,0.0576067565006206,0.6638655462184874,0.2627787823990355,3.4980695440921035,8.403361344537815,0.7563025210084033,40,True,1,r1_stop_local_optimum,1,wearable,heart_rate,static
4,budget_absorption,3.0484169628302977,0.2925629184239441,0.5630252100840336,0.2684671878701729,3.135811920813491,8.403361344537815,0.8403361344537815,52,True,0,seed,0,wearable,heart_rate,static
3,budget_absorption,3.0484169628302977,0.2925629184239441,0.5630252100840336,0.2684671878701729,3.135811920813491,8.403361344537815,0.8487394957983193,52,True,1,probe_P=3,0,wearable,heart_rate,static
5,budget_absorption,3.0484169628302977,0.2925629184239441,0.5630252100840336,0.2684671878701729,3.135811920813491,8.403361344537815,0.8319327731092437,52,True,1,probe_P=5,0,wearable,heart_rate,static
4,budget_absorption,3.0484169628302977,0.2925629184239441,0.5630252100840336,0.2684671878701729,3.135811920813491,8.403361344537815,0.8403361344537815,52,True,1,stop_local_optimum,0,wearable,heart_rate,static
10,budget_absorption,3.0484169628302977,0.2925629184239441,0.5630252100840336,0.2684671878701729,3.135811920813491,8.403361344537815,0.7563025210084033,52,True,0,r1_seed,1,wearable,heart_rate,static
9,budget_absorption,3.0484169628302977,0.2925629184239441,0.5630252100840336,0.2684671878701729,3.135811920813491,8.403361344537815,0.7983193277310925,52,True,1,r1_probe_P=9,1,wearable,heart_rate,static
10,budget_absorption,3.0484169628302977,0.2925629184239441,0.5630252100840336,0.2684671878701729,3.135811920813491,8.403361344537815,0.7563025210084033,52,True,1,r1_stop_local_optimum,1,wearable,heart_rate,static
4,p_gated_uniform,1.021117214743852,0.4764887526155516,0.8403361344537815,0.1040674603174602,1.053049987853096,8.403361344537815,0.8403361344537815,19,True,0,seed,0,wearable,heart_rate,static
3,p_gated_uniform,0.5584284382128735,0.4558585715858678,0.8487394957983193,0.1063374194562313,0.5886805390532096,8.403361344537815,0.8487394957983193,18,True,1,probe_P=3,0,wearable,heart_rate,static
5,p_gated_uniform,0.7757520955429896,0.4654127975274583,0.8319327731092437,0.1025933942600609,0.8093655409211409,8.403361344537815,0.8319327731092437,20,True,1,probe_P=5,0,wearable,heart_rate,static
3,p_gated_uniform,0.5584284382128735,0.4558585715858678,0.8487394957983193,0.1063374194562313,0.5886805390532096,8.403361344537815,0.8487394957983193,18,True,1,step_to_P=3,0,wearable,heart_rate,static
2,p_gated_uniform,0.930443366402292,0.6108728966099339,0.8739495798319328,0.1176930708180708,0.9556534504359055,8.403361344537815,0.8739495798319328,15,True,2,probe_P=2,0,wearable,heart_rate,static
3,p_gated_uniform,0.5584284382128735,0.4558585715858678,0.8487394957983193,0.1063374194562313,0.5886805390532096,8.403361344537815,0.8487394957983193,18,True,2,stop_local_optimum,0,wearable,heart_rate,static
10,p_gated_uniform,0.5348277664659422,0.4406378073111544,0.7563025210084033,0.0999999999999999,0.5835672622642616,8.403361344537815,0.7563025210084033,29,True,0,r1_seed,1,wearable,heart_rate,static
9,p_gated_uniform,0.6908923953352856,0.4961825616841467,0.7983193277310925,0.1005847953216373,0.731228529789067,8.403361344537815,0.7983193277310925,24,True,1,r1_probe_P=9,1,wearable,heart_rate,static
10,p_gated_uniform,0.5348277664659422,0.4406378073111544,0.7563025210084033,0.0999999999999999,0.5835672622642616,8.403361344537815,0.7563025210084033,29,True,1,r1_stop_local_optimum,1,wearable,heart_rate,static
4,p_gated_sample,0.1057729669143245,0.4547280295956507,0.1428571428571428,0.1031746031746031,0.2772015383428959,8.403361344537815,0.8403361344537815,102,True,0,seed,0,wearable,heart_rate,static
3,p_gated_sample,0.1057729669143245,0.4547280295956507,0.1428571428571428,0.1031746031746031,0.2772015383428959,8.403361344537815,0.8487394957983193,102,True,1,probe_P=3,0,wearable,heart_rate,static
5,p_gated_sample,0.1057729669143245,0.4547280295956507,0.1428571428571428,0.1031746031746031,0.2772015383428959,8.403361344537815,0.8319327731092437,102,True,1,probe_P=5,0,wearable,heart_rate,static
4,p_gated_sample,0.1057729669143245,0.4547280295956507,0.1428571428571428,0.1031746031746031,0.2772015383428959,8.403361344537815,0.8403361344537815,102,True,1,stop_local_optimum,0,wearable,heart_rate,static
10,p_gated_sample,0.0968045980669815,0.1026617241677732,0.1260504201680672,0.1,0.2715945140333681,8.403361344537815,0.7563025210084033,104,True,0,r1_seed,1,wearable,heart_rate,static
9,p_gated_sample,0.0967051076955932,0.0919390844953394,0.134453781512605,0.1006944444444444,0.2698143513930723,8.403361344537815,0.7983193277310925,103,True,1,r1_probe_P=9,1,wearable,heart_rate,static
9,p_gated_sample,0.0967051076955932,0.0919390844953394,0.134453781512605,0.1006944444444444,0.2698143513930723,8.403361344537815,0.7983193277310925,103,True,1,r1_step_to_P=9,1,wearable,heart_rate,static
8,p_gated_sample,0.0967051076955932,0.0919390844953394,0.134453781512605,0.1006944444444444,0.2698143513930723,8.403361344537815,0.8067226890756303,103,True,2,r1_probe_P=8,1,wearable,heart_rate,static
9,p_gated_sample,0.0967051076955932,0.0919390844953394,0.134453781512605,0.1006944444444444,0.2698143513930723,8.403361344537815,0.7983193277310925,103,True,2,r1_stop_local_optimum,1,wearable,heart_rate,static
4,p_gated_ba,0.9689259088547822,0.871599586890115,0.453781512605042,0.1016166960611404,1.0781696063337738,8.403361344537815,0.8403361344537815,65,True,0,seed,0,wearable,heart_rate,static
3,p_gated_ba,0.9689259088547822,0.8819782122459854,0.453781512605042,0.1016166960611404,1.0781696063337738,8.403361344537815,0.8487394957983193,65,True,1,probe_P=3,0,wearable,heart_rate,static
5,p_gated_ba,0.9689259088547822,0.8611339041626098,0.453781512605042,0.1016166960611404,1.0781696063337738,8.403361344537815,0.8319327731092437,65,True,1,probe_P=5,0,wearable,heart_rate,static
4,p_gated_ba,0.9689259088547822,0.871599586890115,0.453781512605042,0.1016166960611404,1.0781696063337738,8.403361344537815,0.8403361344537815,65,True,1,stop_local_optimum,0,wearable,heart_rate,static
10,p_gated_ba,0.7138005491702656,0.6026308482510591,0.4117647058823529,0.0999999999999999,0.831447607993795,8.403361344537815,0.7563025210084033,70,True,0,r1_seed,1,wearable,heart_rate,static
9,p_gated_ba,0.8390731493934864,0.8184270039953356,0.4453781512605042,0.10083857442348,0.9499975191413856,8.403361344537815,0.7983193277310925,66,True,1,r1_probe_P=9,1,wearable,heart_rate,static
10,p_gated_ba,0.7138005491702656,0.6026308482510591,0.4117647058823529,0.0999999999999999,0.831447607993795,8.403361344537815,0.7563025210084033,70,True,1,r1_stop_local_optimum,1,wearable,heart_rate,static
4,n_weighted,1.021117214743852,0.4764887526155516,0.8403361344537815,0.1040674603174602,1.053049987853096,8.403361344537815,0.8403361344537815,19,True,0,seed,0,wearable,heart_rate,static
3,n_weighted,0.5584284382128735,0.4558585715858678,0.8487394957983193,0.1063374194562313,0.5886805390532096,8.403361344537815,0.8487394957983193,18,True,1,probe_P=3,0,wearable,heart_rate,static
5,n_weighted,0.7757520955429894,0.4654127975274583,0.8319327731092437,0.1025933942600609,0.8093655409211407,8.403361344537815,0.8319327731092437,20,True,1,probe_P=5,0,wearable,heart_rate,static
3,n_weighted,0.5584284382128735,0.4558585715858678,0.8487394957983193,0.1063374194562313,0.5886805390532096,8.403361344537815,0.8487394957983193,18,True,1,step_to_P=3,0,wearable,heart_rate,static
2,n_weighted,0.9304433664022924,0.6108728966099339,0.8739495798319328,0.1176930708180708,0.9556534504359058,8.403361344537815,0.8739495798319328,15,True,2,probe_P=2,0,wearable,heart_rate,static
3,n_weighted,0.5584284382128735,0.4558585715858678,0.8487394957983193,0.1063374194562313,0.5886805390532096,8.403361344537815,0.8487394957983193,18,True,2,stop_local_optimum,0,wearable,heart_rate,static
10,n_weighted,0.5348277664659422,0.4406378073111544,0.7563025210084033,0.0999999999999999,0.5835672622642616,8.403361344537815,0.7563025210084033,29,True,0,r1_seed,1,wearable,heart_rate,static
9,n_weighted,0.6908923953352855,0.4961825616841467,0.7983193277310925,0.1005847953216373,0.7312285297890669,8.403361344537815,0.7983193277310925,24,True,1,r1_probe_P=9,1,wearable,heart_rate,static
10,n_weighted,0.5348277664659422,0.4406378073111544,0.7563025210084033,0.0999999999999999,0.5835672622642616,8.403361344537815,0.7563025210084033,29,True,1,r1_stop_local_optimum,1,wearable,heart_rate,static
