Device_ID,Timestamp,Heart_Rate,Steps,Activity_Label,Activity_Confidence,Temperature,Humidity,Location,Battery_Level,Calories_Burned
Device_5,02:47.1,57,102,Sedentary,0.86,22.6,35,Home,77,13.18
Device_1,07:47.1,104,102,Walking,0.92,21.8,40.2,Street,35,4.28
Device_8,12:47.1,81,102,Walking,0.95,20.2,32.5,Street,68,3.56
Device_10,17:47.1,57,102,Walking,0.94,21,45.6,Home,50,13.18
Device_8,22:47.1,123,10624.33,Running,0.96,22.4,45.3,Gym,64,5.01
Device_1,27:47.1,92,756,Walking,0.92,21.6,35,Office,40,3.88
Device_3,32:47.1,86,1831,Walking,0.9,22.9,30.3,Street,26,3.7
Device_7,37:47.1,138,3874,Running,0.97,47.34,35.3,Street,94,5.67
Device_7,42:47.1,148,3963,Running,0.87,31.1,40.7,Park,80,6.16
Device_7,47:47.1,62,68,Sedentary,0.98,17,35,Park,73,3.1
Device_5,52:47.1,105,2304,Walking,1,22.9,36.3,Office,91,4.32
Device_7,57:47.1,127,3042,Running,0.89,22.9,42.4,Gym,47,5.18
Device_5,02:47.1,66,15,Sedentary,0.94,25.2,48.5,Gym,85,3.19
Device_3,07:47.1,109,2276,Walking,0.92,22.6,46.3,Home,41,4.46
Device_8,12:47.1,119,4029,Running,0.89,17,47.8,Office,96,4.85
Device_7,17:47.1,103,1464,Walking,0.87,22.7,34.4,Park,73,4.24
Device_9,22:47.1,104,1940,Walking,0.96,18,35,Park,34,4.28
Device_3,27:47.1,86,703,Walking,0.85,25.1,32.7,Park,77,3.7
Device_5,32:47.1,65,102,Sedentary,0.93,23.2,35.1,Office,75,3.16
Device_6,37:47.1,106,625,Walking,0.97,24.3,35,Home,100,4.35
Device_8,42:47.1,87,1080,Walking,0.91,21.5,35.9,Street,58,3.73
Device_7,47:47.1,112,195,Cycling,0.86,17,77.4,Park,70,4.57
Device_4,52:47.1,98,1703,Walking,0.93,22.1,46.3,Gym,39,4.07
Device_6,57:47.1,86,2782,Walking,0.9,17,33.1,Street,36,3.7
Device_9,02:47.1,75,108,Sedentary,0.96,23.5,53.7,Office,89,3.4
Device_5,07:47.1,105,1634,Walking,0.92,17,35,Gym,38,4.32
Device_6,12:47.1,109,1584,Walking,0.87,17,44.6,Office,28,4.46
Device_4,17:47.1,82,108,Walking,0.89,22.4,56.7,Gym,24,3.59
Device_8,22:47.1,57,33,Sedentary,0.98,21.2,36.2,Office,43,13.18
Device_2,27:47.1,118,178,Cycling,0.87,20.7,40,Street,55,4.81
Device_9,32:47.1,91,108,Walking,0.91,22.4,54.9,Street,54,3.85
Device_3,37:47.1,57,1732,Walking,0.98,23.3,45.4,Gym,33,13.18
Device_7,42:47.1,105,281,Cycling,0.97,21,43.9,Office,43,4.32
Device_4,47:47.1,57,51,Sedentary,0.93,17,35,Park,78,13.18
Device_1,52:47.1,57,29,Sedentary,0.95,20.3,51.9,Street,98,13.18
Device_4,57:47.1,89,2225,Walking,0.93,24.9,33.9,Office,57,3.79
Device_10,02:47.1,85,150,Cycling,0.99,17,57.9,Gym,98,3.67
Device_5,07:47.1,86,1137,Walking,0.87,17,38.2,Home,85,3.7
Device_8,12:47.1,132,10452.95,Running,0.93,17,49,Home,46,5.4
Device_9,17:47.1,105,611,Walking,0.86,21.9,51.1,Street,99,4.32
Device_4,22:47.1,76,872,Walking,0.88,23.2,53.9,Gym,56,3.43
Device_6,27:47.1,86,1621,Walking,0.95,17,36.5,Home,100,3.7
Device_4,32:47.1,113,279,Cycling,0.89,23.6,32,Home,39,4.61
Device_5,37:47.1,129,108,Cycling,0.92,24.6,56.8,Gym,77,5.27
Device_6,42:47.1,57,2775,Walking,0.96,25.2,41.2,Gym,63,13.18
Device_4,47:47.1,94,965,Walking,0.9,20.5,35.4,Street,59,3.94
Device_5,52:47.1,82,108,Sedentary,0.89,18,39.3,Street,94,3.59
Device_5,57:47.1,57,4548,Running,0.88,22.9,31.9,Home,88,13.18
Device_9,02:47.1,70,27,Sedentary,0.91,18,54.9,Office,40,3.28
Device_5,07:47.1,135,108,Running,0.93,23.6,46,Gym,33,5.53
Device_2,12:47.1,64,40,Sedentary,0.86,20.3,36.2,Office,25,3.14
Device_7,17:47.1,71,15,Sedentary,0.94,18,69.9,Park,49,3.3
Device_2,22:47.1,197.5187806,108,Sedentary,0.9,20.3,44.2,Street,94,9.05
Device_7,27:47.1,57,108,Walking,0.95,20.6,32.5,Street,36,13.18
Device_1,32:47.1,200.38,29,Sedentary,0.96,22.7,52.5,Gym,61,9.24
Device_7,37:47.1,57,108,Sedentary,0.96,24.3,30.3,Office,81,13.18
Device_1,42:47.1,143,6998.34,Running,0.86,18,35,Park,84,5.91
Device_3,47:47.1,106,2014,Walking,0.89,23.3,53.1,Street,58,4.35
Device_5,52:47.1,130,409,Cycling,0.95,21.8,47.3,Office,51,5.31
Device_4,57:47.1,303.43,124,Cycling,0.88,23.2,53.9,Gym,30,18.03
Device_10,02:47.1,135,4757,Running,0.86,24.8,42,Office,38,5.53
Device_4,07:47.1,57,462,Cycling,0.99,24.2,71.76,Park,26,13.18
Device_7,12:47.1,74,75,Sedentary,1,23.8,46.4,Home,100,3.38
Device_9,17:47.1,75,8,Sedentary,0.93,24.4,37.8,Office,39,3.4
Device_2,22:47.1,97,1478,Walking,0.91,29.4,75.1,Park,59,4.04
Device_1,27:47.1,64,34,Sedentary,0.93,25.1,57.6,Gym,32,3.14
Device_9,32:47.1,223.28,59,Sedentary,0.86,20.4,53.2,Office,79,10.88
Device_1,37:47.1,58,52,Sedentary,0.88,21.6,60,Office,51,11.55
Device_8,42:47.1,89,2416,Walking,0.91,21.8,45.1,Street,95,3.79
Device_10,47:47.1,70,64,Sedentary,0.87,20.5,52.6,Home,64,3.28
Device_1,52:47.1,263.35,1040,Walking,0.92,23,43.8,Office,39,14.18
Device_5,57:47.1,68,75,Sedentary,0.99,46.78,42.9,Gym,98,3.23
Device_9,02:47.1,98,1339,Walking,0.86,22.6,47.5,Home,64,4.07
Device_5,07:47.1,129,4404,Running,0.86,19.8,37.6,Park,92,5.27
Device_10,12:47.1,82,2284,Walking,0.86,52.83,41.1,Office,45,3.59
Device_8,17:47.1,58,229,Cycling,0.96,25.4,45.1,Gym,72,11.55
Device_3,22:47.1,152,3845,Running,1,23.2,39.7,Office,83,6.36
Device_8,27:47.1,96,118,Walking,0.86,22.7,42,Gym,57,4.01
Device_9,32:47.1,58,2229,Walking,0.93,24.6,54.2,Street,70,11.55
Device_6,37:47.1,104,186,Cycling,0.9,21.3,38.9,Street,40,4.28
Device_8,42:47.1,150,2992,Running,0.88,25.3,54.41,Park,27,6.26
Device_8,47:47.1,70,56,Sedentary,0.93,24.9,51.9,Gym,34,3.28
Device_4,52:47.1,72,118,Sedentary,0.99,26.7,42,Park,98,3.33
Device_9,57:47.1,82,2579,Walking,0.95,22.8,41.1,Office,59,3.59
Device_10,02:47.1,58,12,Sedentary,0.9,20.6,42,Home,54,11.55
Device_5,07:47.1,64,60,Sedentary,0.96,18,30.4,Office,36,3.14
Device_3,12:47.1,58,6439.41,Walking,0.98,23.4,48.1,Street,46,11.55
Device_7,17:47.1,183.21,94,Sedentary,0.95,25.7,56.9,Gym,36,8.13
Device_9,22:47.1,76,67,Sedentary,0.88,22.2,43.5,Gym,61,3.43
Device_7,27:47.1,65,5,Sedentary,0.98,24.4,41.5,Gym,32,3.16
Device_1,32:47.1,100,1247,Walking,0.95,22.1,41.3,Park,70,4.14
Device_10,37:47.1,71,118,Sedentary,0.88,18,48.5,Home,88,3.3
Device_8,42:47.1,56,20,Sedentary,0.89,24.8,45.8,Home,79,2.98
Device_8,47:47.1,109,4177,Running,0.86,21.7,46.5,Street,94,4.46
Device_2,52:47.1,70,118,Sedentary,0.89,25.8,45,Gym,45,3.28
Device_2,57:47.1,107,118,Walking,0.94,23.1,52.6,Park,61,4.39
Device_5,02:47.1,76,82,Sedentary,0.96,23.4,90.64,Gym,100,3.43
Device_5,07:47.1,58,118,Walking,1,21.9,57.1,Park,20,11.55
Device_7,12:47.1,58,118,Sedentary,0.98,22.8,54.6,Park,45,11.55
Device_1,17:47.1,116,118,Running,0.94,20.7,52.2,Street,45,4.73
Device_9,22:47.1,92,118,Walking,0.96,20.6,40.7,Home,67,3.88
Device_1,27:47.1,58,3088,Running,0.87,21.9,58.3,Street,87,11.55
Device_8,32:47.1,73,127,Sedentary,0.89,22,42.4,Street,80,3.35
Device_4,37:47.1,79,34,Sedentary,0.89,24.1,31,Office,73,3.51
Device_7,42:47.1,58,4610,Running,0.98,22.7,43.7,Street,98,11.55
Device_2,47:47.1,87,127,Walking,0.86,21.7,30.6,Home,66,3.73
Device_7,52:47.1,81,1507,Walking,0.9,22.1,53.6,Gym,40,3.56
Device_7,57:47.1,116,4701,Running,0.92,24.9,45,Street,48,4.73
Device_9,02:47.1,73,127,Sedentary,0.99,21.1,37.8,Park,57,3.35
Device_10,07:47.1,159,127,Running,0.91,18,68.8,Park,86,6.73
Device_10,12:47.1,58,1357,Walking,0.99,23.1,48.2,Street,80,11.55
Device_6,17:47.1,58,65.75628313,Sedentary,0.96,22,57.6,Gym,81,11.55
Device_6,22:47.1,125,3224,Running,0.96,25,39.3,Home,35,5.09
Device_3,27:47.1,58,2527,Walking,0.97,25.8,45,Gym,42,11.55
Device_10,32:47.1,64,127,Sedentary,0.93,21.6,37.7,Home,31,3.14
Device_3,37:47.1,59,2071,Walking,0.96,22.6,40.2,Park,60,11.55
Device_2,42:47.1,96,1022,Walking,0.98,23.2,30.1,Street,30,4.01
Device_2,47:47.1,76,33,Sedentary,0.95,20.8,31.1,Home,33,3.43
Device_9,52:47.1,78,29,Sedentary,0.97,21.1,42,Office,77,3.48
Device_6,57:47.1,74,127,Sedentary,0.97,21.7,50,Office,67,3.38
Device_5,02:47.1,107,1061,Walking,0.94,28.1,72.5,Park,21,4.39
Device_1,07:47.1,61,57,Sedentary,0.92,24.5,42,Park,56,3.08
Device_6,12:47.1,96,127,Walking,0.88,21.1,52.9,Home,80,4.01
Device_2,17:47.1,125,3191,Running,0.96,19.8,75.3,Park,62,5.09
Device_3,22:47.1,87,1706,Walking,0.96,22.4,48.5,Gym,67,3.73
Device_7,27:47.1,122,3066,Running,0.96,24.1,51.3,Street,38,4.97
Device_8,32:47.1,122,372,Cycling,0.91,21.9,54.8,Home,87,4.97
Device_1,37:47.1,87,1926,Walking,0.92,22,31.7,Street,86,3.73
Device_5,42:47.1,59,4518,Running,0.86,18,32.6,Home,58,9.5
Device_10,47:47.1,112,127,Walking,0.97,23.9,35.4,Office,36,4.57
Device_2,52:47.1,86,4196.659927,Walking,0.93,23.3,37.8,Office,89,3.7
Device_3,57:47.1,99,543,Cycling,0.91,21.6,53.9,Street,75,4.11
Device_5,02:47.1,103,695,Walking,0.85,18,51.4,Gym,37,4.24
Device_7,07:47.1,59,45,Sedentary,0.85,22.5,61,Park,100,9.5
Device_4,12:47.1,59,2481,Walking,0.86,20.9,90.98,Street,51,9.5
Device_9,17:47.1,59,291,Cycling,0.87,22.2,47.2,Park,54,9.5
Device_5,22:47.1,97,1041,Walking,0.95,21.9,57.3,Home,68,4.04
Device_8,27:47.1,59,426,Cycling,0.88,47.97,42,Home,93,9.5
Device_10,32:47.1,59,127,Walking,0.96,23,51.4,Home,71,9.5
Device_1,37:47.1,105,842,Walking,0.97,20.5,55.9,Home,98,4.32
Device_5,42:47.1,79,2118,Walking,0.96,21.3,34.8,Street,26,3.51
Device_9,47:47.1,97,186,Cycling,0.92,23.8,37,Street,81,4.04
Device_7,52:47.1,88,1445,Walking,0.89,24.6,58.8,Gym,91,3.76
Device_2,57:47.1,59,1006,Walking,1,19,48,Home,93,9.5
Device_3,02:47.1,124,3191,Running,0.9,27.1,50.4,Park,34,5.05
Device_1,07:47.1,119,4393,Running,0.99,22.4,34.9,Office,43,4.85
Device_6,12:47.1,96,1852,Walking,0.87,23.1,34.4,Street,79,4.01
Device_6,17:47.1,85,619,Walking,0.89,19,36.5,Street,96,3.67
Device_8,22:47.1,59,1765,Walking,0.93,21,42,Home,82,9.5
Device_7,27:47.1,89,542,Walking,0.95,21.6,50.3,Home,26,3.79
Device_7,32:47.1,57,127,Sedentary,0.9,22.7,58,Home,25,3
Device_3,37:47.1,93,1058,Walking,0.89,22.3,57.9,Park,92,3.91
Device_1,42:47.1,226.14,2985,Walking,0.96,20,35.6,Office,85,11.1
Device_1,47:47.1,101,269,Cycling,0.88,21.2,92.68,Office,80,4.18
Device_6,52:47.1,150,4363,Running,0.9,47.34,31,Street,46,6.26
Device_4,57:47.1,145,127,Running,0.87,23.2,42.4,Office,91,6.01
Device_5,02:47.1,64,132,Sedentary,0.89,24.3,54.4,Gym,84,3.14
Device_3,07:47.1,85,1250,Walking,0.93,23.6,43.2,Park,33,3.67
Device_10,12:47.1,120,132,Running,1,22.1,52.37767154,Office,81,4.89
Device_9,17:47.1,94,2021,Walking,0.97,19,44.9,Home,72,3.94
Device_6,22:47.1,79,132,Sedentary,0.98,19,58,Gym,25,3.51
Device_5,27:47.1,59,436,Cycling,0.97,19,49.4,Home,48,9.5
Device_1,32:47.1,73,132,Sedentary,0.91,22.8,58,Street,59,3.35
Device_4,37:47.1,116,132,Running,0.93,19,59.6,Gym,22,4.73
Device_5,42:47.1,60,4671,Running,0.86,23.4,41.6,Park,35,9.5
Device_10,47:47.1,132,4967,Running,0.94,19,53.9,Street,50,5.4
Device_10,52:47.1,142,4663,Running,0.95,18.8,47.9,Park,98,5.86
Device_2,57:47.1,60,2940,Walking,0.97,23.3,45.8,Street,53,9.5
Device_4,02:47.1,89,1766,Walking,0.96,19,58,Office,52,3.79
Device_9,07:47.1,112,72,Cycling,0.92,21,30.4,Street,90,4.57
Device_2,12:47.1,203.24,132,Sedentary,0.91,23.7,86.38,Gym,75,9.44
Device_7,17:47.1,389.31,4071,Running,0.9,23.7,49.1,Gym,42,28.09
Device_8,22:47.1,97,1194,Walking,0.85,21.1,76.6,Park,97,4.04
Device_5,27:47.1,83,2891,Walking,0.9,22.9,58,Office,72,3.62
Device_8,32:47.1,60,132,Sedentary,0.93,40.57,37.4,Park,74,9.5
Device_10,37:47.1,93,2338,Walking,0.94,19.5,63.9,Park,58,3.91
Device_9,42:47.1,60,1709,Walking,0.92,22.3,39.2,Street,70,9.5
Device_4,47:47.1,124,3081,Running,0.86,21.8,58,Home,21,5.05
Device_4,52:47.1,124,4220,Running,0.91,19,30.3,Street,30,5.05
Device_10,57:47.1,95,132,Cycling,0.88,21.4,36.7,Office,29,3.98
Device_8,02:47.1,79,87,Sedentary,0.95,23.9,58,Street,22,3.51
Device_8,07:47.1,153,132,Running,0.85,24.4,58,Park,87,6.41
Device_7,12:47.1,104,788,Walking,0.86,24.7,32.5,Office,33,4.28
Device_5,17:47.1,60,166.7391465,Sedentary,0.99,20.4,45.1,Office,45,9.5
Device_10,22:47.1,60,132,Sedentary,0.99,23.1,50.8,Office,20,9.5
Device_3,27:47.1,106,2688,Walking,0.99,38.25,44.9,Park,95,4.35
Device_8,32:47.1,118,146,Cycling,0.87,24.2,46.3,Gym,81,4.81
Device_6,37:47.1,109,4294,Running,0.92,46.78,49.7,Gym,43,4.46
Device_8,42:47.1,94,2702,Walking,0.99,24.2,55.8,Home,89,3.94
Device_10,47:47.1,60,132,Sedentary,0.85,19,57.1,Park,63,3.06
Device_10,52:47.1,94,1133,Walking,0.88,24.1,52.2,Park,84,3.94
Device_8,57:47.1,84,18,Sedentary,0.92,19,63.3,Park,61,3.64
Device_6,02:47.1,80,1515,Walking,0.99,19,58,Park,83,3.53
Device_9,07:47.1,148,3592,Running,0.94,23.9,51.5,Office,82,6.16
Device_1,12:47.1,94,2343,Walking,0.92,22.5,39.5,Home,47,3.94
Device_3,17:47.1,109,4487,Running,0.97,21.9,45.6,Street,83,4.46
Device_6,22:47.1,133,3244,Running,0.88,19,55.5,Gym,93,5.44
Device_7,27:47.1,66,49,Sedentary,0.96,24.6,41.7,Street,22,3.19
Device_6,32:47.1,74,132,Sedentary,0.97,22.9,32,Street,64,3.38
Device_1,37:47.1,100,145,Walking,1,19.2,46.6,Park,23,4.14
Device_4,42:47.1,94,888,Walking,0.87,23.2,45.2,Office,81,3.94
Device_1,47:47.1,151,4673,Running,0.9,21.5,46.4,Street,78,6.31
Device_10,52:47.1,92,3142.210958,Walking,0.91,29.7,75.5,Park,93,3.88
Device_3,57:47.1,143,3880,Running,0.99,20,51.6,Park,26,5.91
Device_7,02:47.1,60,3311,Running,0.94,22.6,42.5,Gym,84,9.5
Device_7,07:47.1,85,1864,Walking,0.86,25.1,58,Park,22,3.67
Device_7,12:47.1,104,1285,Walking,0.99,23,59.5,Gym,54,4.28
Device_3,17:47.1,78,145,Sedentary,0.94,20,57.2,Street,68,3.48
Device_7,22:47.1,60,145,Cycling,0.98,22.3,39.3,Street,35,9.5
Device_1,27:47.1,60,3544,Running,0.95,20,44.9,Home,38,8.4
Device_4,32:47.1,62,54,Sedentary,0.94,20.8,42,Office,91,3.1
Device_3,37:47.1,86,1161,Walking,0.98,23.4,58,Home,64,3.7
Device_10,42:47.1,68,2,Sedentary,0.99,20.3,62,Home,70,3.23
Device_5,47:47.1,60,3633,Running,0.95,31.8,38.9,Park,100,8.4
Device_8,52:47.1,100,145,Cycling,0.88,31.6,64.2,Park,24,4.14
Device_9,57:47.1,73,145,Sedentary,0.9,31.2,72.2,Park,38,3.35
Device_9,02:47.1,183.24,145,Sedentary,0.86,23.4,55.7,Gym,62,8.13
Device_6,07:47.1,380.72,3381,Running,0.89,20.5,34.5,Street,92,26.97
Device_6,12:47.1,63,65,Sedentary,0.95,24.4,32.1,Street,57,3.12
Device_10,17:47.1,60,2171,Walking,0.91,24.9,37.8,Street,67,8.4
Device_10,22:47.1,87,547,Walking,0.96,22.2,37.4,Home,62,3.73
Device_7,27:47.1,109,2065,Walking,0.87,21.2,34.5,Office,32,4.46
Device_6,32:47.1,120,421,Cycling,0.99,20.2,62,Street,94,4.89
Device_1,37:47.1,83,727,Walking,0.99,23,55.68,Home,22,3.62
Device_6,42:47.1,94,145,Walking,0.95,20,48.7,Office,77,3.94
Device_2,47:47.1,77,145,Sedentary,0.98,28.5,61.5,Park,35,3.45
Device_2,52:47.1,61,462,Cycling,0.93,23.3,41.2,Office,81,8.4
Device_7,57:47.1,131,4978,Running,0.9,20,34.5,Park,66,5.35
Device_4,02:47.1,75,55,Sedentary,0.99,25,55.2,Gym,53,3.4
Device_8,07:47.1,103,145,Walking,0.97,21.5,49.2,Office,37,4.24
Device_5,12:47.1,73,34,Sedentary,0.86,20.2,62,Street,45,3.35
Device_3,17:47.1,69,145,Sedentary,0.87,20,62,Home,63,3.26
Device_7,22:47.1,89,148,Cycling,0.99,20.8,100.67,Home,89,3.79
Device_10,27:47.1,97,5753.67,Walking,0.93,20,50.1,Home,75,4.04
Device_8,32:47.1,94,2166,Walking,1,20.9,45.3,Office,89,3.94
Device_8,37:47.1,105,2328,Walking,0.87,24.9,58,Office,96,4.32
Device_3,42:47.1,127,4466,Running,0.87,20,30.2,Park,66,5.18
Device_10,47:47.1,115,2756,Walking,0.92,23.2,51.1,Office,87,4.69
Device_4,52:47.1,104,422,Cycling,0.85,23.5,44.6,Street,35,4.28
Device_5,57:47.1,94,2666,Walking,0.85,51.14,62,Home,58,3.94
Device_7,02:47.1,61,252,Cycling,0.88,24.6,54.4,Home,62,8.4
Device_8,07:47.1,107,433,Cycling,0.88,20.8,57.2,Street,58,4.39
Device_6,12:47.1,105,2318,Walking,0.96,23.6,53.5,Gym,79,4.32
Device_3,17:47.1,107,1914,Walking,0.99,22.9,35.2,Office,25,4.39
Device_9,22:47.1,114,534,Cycling,0.92,23.8,54.7,Home,23,4.65
Device_2,27:47.1,71,7,Sedentary,0.97,20,53.6,Home,41,3.3
Device_3,32:47.1,140,4310,Running,0.95,23.2,62,Street,94,5.77
Device_5,37:47.1,108,145,Walking,0.91,18.8,43.6,Park,26,4.42
Device_4,42:47.1,83,2694,Walking,0.87,23.7,53.9,Street,44,3.62
Device_3,47:47.1,61,86,Cycling,0.91,41.42,53.4,Park,72,8.4
Device_4,52:47.1,320.61,145,Running,0.95,21,64.6,Park,44,19.84
Device_9,57:47.1,87,2077,Walking,0.86,22.7,36.9,Street,48,3.73
Device_4,02:47.1,87,2733,Walking,0.98,22.2,62,Office,95,3.73
Device_4,07:47.1,64,145,Sedentary,0.91,21,45.9,Office,22,3.14
Device_8,12:47.1,128,4043,Running,0.95,30.2,71.7,Park,41,5.22
Device_7,17:47.1,95,2168,Walking,0.87,21.7,34.1,Office,64,3.98
Device_1,22:47.1,214.69,145,Sedentary,0.94,21.8,50.6,Street,61,10.25
Device_10,27:47.1,93,1337,Walking,0.94,25.6,59.6,Gym,91,3.91
Device_8,32:47.1,152,11105.76,Running,0.96,21.3,34.4,Office,76,6.36
Device_8,37:47.1,69,30,Sedentary,0.92,21,43.4,Street,89,3.26
Device_2,42:47.1,89,2929,Walking,0.89,24,49,Gym,30,3.79
Device_8,47:47.1,106,1634,Walking,0.95,23.1,51.8,Street,94,4.35
Device_6,52:47.1,94,2842,Walking,0.88,21.6,56.9,Office,44,3.94
Device_5,57:47.1,122,4606,Running,0.96,23.9,41.4,Gym,67,4.97
Device_9,02:47.1,81,774,Walking,0.86,21,50.3,Home,90,3.56
Device_6,07:47.1,84,2326,Walking,0.94,22.1,62,Gym,33,3.64
Device_10,12:47.1,83,1230,Walking,0.99,21,34,Office,20,3.62
Device_6,17:47.1,61,3910,Running,0.96,21.6,53.4,Home,31,8.4
Device_8,22:47.1,112,680,Walking,0.95,21,48.8,Office,91,4.57
Device_9,27:47.1,87,5669.13,Walking,0.86,21.1,52.1,Street,95,3.73
Device_5,32:47.1,130,483,Cycling,0.94,24.7,35.7,Street,95,5.31
Device_9,37:47.1,132,3525,Running,0.86,22.4,32.5,Office,20,5.4
Device_4,42:47.1,61,1665,Walking,0.9,21.9,62,Office,70,8.4
Device_9,47:47.1,76,157,Sedentary,0.85,22.7,38.6,Home,76,3.43
Device_6,52:47.1,61,48,Sedentary,0.87,25,47.9,Gym,93,8.4
Device_2,57:47.1,346.37,162,Cycling,0.92,18.1,32.8,Park,55,22.75
Device_3,02:47.1,75,619,Walking,0.97,21,50.9,Park,64,3.4
Device_1,07:47.1,61,157,Sedentary,0.9,26.9,47.6,Park,60,8.4
Device_3,12:47.1,99,749,Walking,0.95,22.1,72,Office,73,4.11
Device_1,17:47.1,108,157,Walking,0.9,21.5,42.2,Home,35,4.42
Device_1,22:47.1,61,1699,Walking,0.92,22.5,36.2,Office,40,8.4
Device_10,27:47.1,83,26,Sedentary,0.86,24.8,36.8,Office,64,3.62
Device_4,32:47.1,100,6650.77,Walking,0.87,20.9,72,Street,95,4.14
Device_3,37:47.1,92,1659,Walking,0.98,23.7,49.3,Gym,56,3.88
Device_2,42:47.1,90,1120,Walking,0.92,21.5,48,Office,58,3.82
Device_6,47:47.1,97,5650.34,Walking,0.95,23.2,49.8,Gym,27,4.04
Device_6,52:47.1,97,2811,Walking,0.89,20.9,34.4,Street,58,4.04
Device_3,57:47.1,100,1687,Walking,0.92,24.6,40.8,Park,97,4.14
Device_2,02:47.1,64,56,Sedentary,0.95,23.2,60.2,Park,89,3.14
Device_3,07:47.1,61,94,Sedentary,0.87,21.3,57.81,Office,76,8.4
Device_7,12:47.1,96,1781,Walking,1,23,30.1,Street,56,4.01
Device_6,17:47.1,61,18,Sedentary,0.92,21.6,31.8,Home,87,3.08
Device_6,22:47.1,266.22,2175,Walking,0.98,22.5,53,Home,75,14.44
Device_8,27:47.1,95,1446,Walking,0.88,21,72,Street,48,3.98
Device_9,32:47.1,69,38,Sedentary,0.94,22.3,49.5,Gym,63,3.26
Device_6,37:47.1,65,157,Sedentary,0.94,22.3,72,Gym,41,3.16
Device_10,42:47.1,72,10,Sedentary,0.9,21.2,39,Office,26,3.33
Device_2,47:47.1,82,51,Sedentary,0.92,21,55.8,Gym,93,3.59
Device_6,52:47.1,97,157,Walking,0.93,26,43.4,Gym,45,4.04
Device_10,57:47.1,84,1680,Walking,0.9,25.8,57.47,Park,27,3.64
Device_8,02:47.1,61,486,Cycling,0.87,29.4,72,Park,23,8.4
Device_2,07:47.1,61,1038,Walking,0.97,20.4,49,Street,68,8.4
Device_10,12:47.1,62,2515,Walking,0.95,21,72,Office,79,7.5
Device_4,17:47.1,62,2979,Walking,1,22,72,Park,98,7.5
Device_1,22:47.1,62,1886,Walking,0.99,24.2,54.2,Street,56,7.5
Device_4,27:47.1,62,39,Sedentary,1,22.9,32.4,Home,27,7.5
Device_6,32:47.1,106,2172,Walking,0.86,22,55.7,Street,72,4.35
Device_1,37:47.1,60,2,Sedentary,1,21.2,33.2,Park,25,3.06
Device_4,42:47.1,62,3709,Running,0.88,21.1,70.43,Street,48,7.5
Device_8,47:47.1,91,2009,Walking,0.87,30.5,46.9,Park,27,3.85
Device_1,52:47.1,94,638,Walking,0.87,21.5,53.5,Park,22,3.94
Device_2,57:47.1,141,4322,Running,0.96,21.8,56.4,Office,29,5.81
Device_8,02:47.1,86,2649,Walking,0.94,31.1,78.8,Park,36,3.7
Device_2,07:47.1,151,3131,Running,0.85,24.9,41.8,Gym,84,6.31
Device_7,12:47.1,153,3601,Running,0.88,20.4,35.2,Street,45,6.41
Device_4,17:47.1,125,157,Running,0.89,22.8,57.2,Home,40,5.09
Device_3,22:47.1,114,4506,Running,0.94,25.5,59.6,Gym,57,4.65
Device_1,27:47.1,75,157,Sedentary,0.93,22,34.8,Park,22,3.4
Device_4,32:47.1,62,157,Sedentary,0.96,24.2,51.7,Street,97,7.5
Device_6,37:47.1,62,1409.06321,Walking,0.97,47.13,72,Gym,74,7.5
Device_7,42:47.1,122,3249,Running,0.93,22.3,38.7,Office,90,4.97
Device_1,47:47.1,62,14,Sedentary,0.94,31.9,69.1,Park,94,7.5
Device_4,52:47.1,104,1147,Walking,0.95,24,72,Gym,68,4.28
Device_1,57:47.1,82,9,Sedentary,0.94,20.8,33.4,Office,33,3.59
Device_8,02:47.1,111,771,Walking,0.89,22.3,57,Office,94,4.53
Device_2,07:47.1,105,1837,Walking,0.97,22,66.8,Park,67,4.32
Device_7,12:47.1,105,157,Cycling,0.91,23.5,38.7,Office,56,4.32
Device_7,17:47.1,62,4029,Running,0.95,22,72,Park,31,7.5
Device_6,22:47.1,83,1316,Walking,0.89,25.4,72,Gym,51,3.62
Device_7,27:47.1,105,2301,Walking,0.98,24.3,82,Street,45,4.32
Device_5,32:47.1,62,58.71096708,Sedentary,0.92,19,44,Park,75,7.5
Device_1,37:47.1,105,1219,Walking,0.9,22,35.6,Office,70,4.32
Device_10,42:47.1,69,23,Sedentary,0.92,21.5,53.7,Street,32,3.26
Device_2,47:47.1,62,157,Walking,0.93,48.61,55.8,Street,63,7.5
Device_1,52:47.1,108,2790,Walking,0.87,23.6,82,Home,59,4.42
Device_6,57:47.1,110,1564,Walking,0.96,24.6,55.7,Gym,65,4.5
Device_6,02:47.1,120,332,Cycling,0.99,22.8,56.6,Gym,72,4.89
Device_8,07:47.1,104,1386,Walking,0.91,23.3,41.7,Office,52,4.28
Device_6,12:47.1,73,39,Sedentary,0.97,22,32.6,Home,40,3.35
Device_4,17:47.1,108,487,Cycling,0.87,20.5,55.9,Street,43,4.42
Device_10,22:47.1,114,723,Walking,0.88,23.1,82,Park,97,4.65
Device_7,27:47.1,103,3001,Walking,0.96,25.2,64.1,Park,23,4.24
Device_4,32:47.1,59,3,Sedentary,0.9,41.21,82,Park,85,3.04
Device_6,37:47.1,78,1101,Walking,0.86,22.8,53,Gym,48,3.48
Device_3,42:47.1,99,1404.366332,Walking,0.94,22.1,41.5,Gym,84,4.11
Device_9,47:47.1,63,10,Sedentary,0.93,24,82,Street,86,3.12
Device_3,52:47.1,89,2961,Walking,0.94,22,58.6,Gym,36,3.79
Device_3,57:47.1,177.48,75,Sedentary,0.96,20.9,82,Street,67,7.78
Device_3,02:47.1,120,310,Cycling,0.87,21,44,Home,53,4.89
Device_6,07:47.1,112,244,Cycling,0.92,22.3,43,Gym,76,4.57
Device_6,12:47.1,136,4560,Running,0.87,22,59.2,Office,64,5.58
Device_7,17:47.1,116,4320,Running,0.93,24.3,78.05,Street,70,4.73
Device_9,22:47.1,69,157,Sedentary,0.9,29.5,43,Park,45,3.26
Device_7,27:47.1,254.77,1635,Walking,0.96,22,82,Gym,60,13.43
Device_1,32:47.1,71,5,Sedentary,1,29.7,70.7,Park,66,3.3
Device_4,37:47.1,303.43,2906,Walking,0.9,21,73.1,Park,47,18.03
Device_5,42:47.1,102,157,Cycling,0.87,24,35.4,Home,71,4.21
Device_6,47:47.1,97,1253,Walking,0.99,20.7,44.2,Home,70,4.04
Device_2,52:47.1,62,3522,Running,0.98,22.6,37,Office,91,7.5
Device_8,57:47.1,62,1208,Walking,0.86,24.2,59.5,Home,51,7.5
Device_4,02:47.1,65,157,Sedentary,0.98,21.9,30,Home,56,3.16
Device_7,07:47.1,62,4790,Running,0.99,22,61.39,Home,24,7.5
Device_5,12:47.1,63,157,Sedentary,0.89,20.5,47.2,Home,35,7.5
Device_2,17:47.1,89,1751,Walking,0.89,52.41,49.2,Office,92,3.79
Device_1,22:47.1,104,1876,Walking,0.93,46.49,72.44,Office,34,4.28
Device_2,27:47.1,101,157,Walking,0.94,24.4,38.6,Street,78,4.18
Device_1,32:47.1,63,2627,Walking,0.88,22.4,57.7,Street,39,7.5
Device_5,37:47.1,92,771,Walking,0.88,25,98.12,Home,27,3.88
Device_10,42:47.1,263.35,580,Walking,0.87,20.7,43.2,Street,32,14.18
Device_3,47:47.1,109,167,Walking,0.91,20.7,49.3,Street,82,4.46
Device_6,52:47.1,63,849,Walking,0.97,23.1,44.9,Home,49,8.4
Device_4,57:47.1,109,80,Cycling,0.93,22,55.7,Office,69,4.46
Device_8,02:47.1,88,291,Cycling,0.9,21.5,45.6,Office,32,3.76
Device_3,07:47.1,99,2954,Walking,0.86,20.6,30.2,Street,67,4.11
Device_3,12:47.1,63,167,Sedentary,0.92,21.9,30.2,Home,34,8.4
Device_6,17:47.1,57,14,Sedentary,0.86,22.3,37.6,Home,42,3
Device_8,22:47.1,60,88,Sedentary,0.86,31.8,32.1,Park,86,3.06
Device_6,27:47.1,63,167,Cycling,0.92,23,82,Park,93,8.4
Device_9,32:47.1,106,1125,Walking,0.96,22.4,48.7,Home,100,4.35
Device_9,37:47.1,286.25,394,Cycling,0.91,25.6,43.2,Gym,74,16.31
Device_8,42:47.1,116,3044,Running,0.92,24,51.2,Gym,57,4.73
Device_4,47:47.1,127,3689,Running,0.97,30,57.9,Park,52,5.18
Device_6,52:47.1,84,167,Walking,0.92,23.4,43.1,Gym,94,3.64
Device_10,57:47.1,160,3248,Running,0.88,25.8,54.6,Gym,74,6.78
Device_10,02:47.1,145,3234,Running,0.93,22,59.5,Home,57,6.01
Device_1,07:47.1,395.03,3201,Running,0.93,23.4,62.75,Street,35,28.85
Device_2,12:47.1,110,167,Running,0.93,22.4,38.5,Home,87,4.5
Device_8,17:47.1,116,498,Cycling,0.89,23.2,55.9,Street,96,4.73
Device_10,22:47.1,119,4596,Running,0.94,24.7,37.7,Office,23,4.85
Device_1,27:47.1,76,2542,Walking,0.93,22.6,43.6,Home,29,3.43
Device_10,32:47.1,132,445,Cycling,0.96,23,43.5,Gym,69,5.4
Device_7,37:47.1,87,1771,Walking,0.92,24.9,39,Office,67,3.73
Device_5,42:47.1,63,396.8861374,Cycling,0.99,25.7,51.4,Gym,100,8.4
Device_1,47:47.1,63,59,Sedentary,0.9,22.1,82,Office,23,8.4
Device_4,52:47.1,118,3735,Running,0.88,21.6,82,Park,46,4.81
Device_3,57:47.1,100,1904,Walking,0.99,52.41,54.3,Gym,24,4.14
Device_9,02:47.1,71,18,Sedentary,0.93,21.8,31.6,Home,98,3.3
Device_8,07:47.1,63,3433,Running,0.99,22,31.1,Office,70,8.4
Device_8,12:47.1,128,7249.63,Running,0.87,20.5,32,Street,84,5.22
Device_3,17:47.1,60,167,Sedentary,0.99,25.9,51.6,Gym,23,3.06
Device_10,22:47.1,62,62,Sedentary,0.9,23,58.2,Office,56,3.1
Device_5,27:47.1,63,3070,Running,0.91,23.3,50.2,Street,96,8.4
Device_10,32:47.1,93,290,Cycling,0.92,24.4,57.2,Gym,37,3.91
Device_5,37:47.1,77,2190,Walking,0.96,22.1,57.6,Gym,67,3.45
Device_3,42:47.1,115,373,Cycling,0.95,23.5,58.7,Gym,61,4.69
Device_1,47:47.1,63,167,Running,0.88,28,36.6,Park,85,8.4
Device_3,52:47.1,79,2701,Walking,0.88,23.1,82,Park,38,3.51
Device_8,57:47.1,101,190,Cycling,0.98,23.1,35.6,Street,83,4.18
Device_4,02:47.1,98,1140,Walking,0.96,23,54,Park,73,4.07
Device_3,07:47.1,83,1882,Walking,0.9,22,54.8,Office,85,3.62
Device_9,12:47.1,99,2560,Walking,0.98,24.1,30.8,Office,40,4.11
Device_5,17:47.1,109,1596,Walking,0.87,19.2,49.2,Park,47,4.46
Device_10,22:47.1,76,5,Sedentary,0.92,24,49.9,Office,97,3.43
Device_9,27:47.1,70,79,Sedentary,0.89,23,41.9,Office,88,3.28
Device_7,32:47.1,63,68,Sedentary,0.92,25.2,44.6,Gym,35,3.12
Device_5,37:47.1,66,167,Sedentary,0.91,22.6,54,Gym,98,3.19
Device_3,42:47.1,107,167,Cycling,0.94,20.6,43.5,Home,31,4.39
Device_6,47:47.1,59,56,Sedentary,0.97,50.51,53.3,Gym,26,3.04
Device_2,52:47.1,80,2260,Walking,0.93,20,48.4,Park,52,3.53
Device_5,57:47.1,89,1133,Walking,0.96,25.6,54,Gym,24,3.79
Device_5,02:47.1,110,3308,Running,0.95,22.3,54,Gym,70,4.5
Device_1,07:47.1,63,1520,Walking,0.85,21.7,54,Street,49,8.4
Device_6,12:47.1,91,2571,Walking,0.93,23.1,41.5,Gym,97,3.85
Device_6,17:47.1,63,2271,Walking,0.92,22.3,54,Gym,51,8.4
Device_3,22:47.1,89,1009,Walking,0.89,20.8,49.7,Street,51,3.79
Device_10,27:47.1,63,167,Sedentary,0.89,21.8,33.6,Office,93,8.4
Device_8,32:47.1,127,3157,Running,0.86,21.5,34.4,Home,33,5.18
Device_8,37:47.1,217.55,38,Sedentary,0.89,23.3,54,Office,59,10.46
Device_4,42:47.1,85,2756,Walking,1,23,33.2,Office,90,3.67
Device_10,47:47.1,69,172,Sedentary,1,23,54.7,Gym,67,3.26
Device_3,52:47.1,76,172,Sedentary,0.91,22.5,54,Office,91,3.43
Device_8,57:47.1,84,646,Walking,0.94,21.1,48.2,Home,80,3.64
Device_2,02:47.1,271.94,172,Walking,0.98,21.7,40.1,Home,59,14.96
Device_6,07:47.1,75,21,Sedentary,0.98,21.8,42.2,Street,34,3.4
Device_8,12:47.1,122,4644,Running,0.88,20.6,54,Street,62,4.97
Device_6,17:47.1,111,2256,Walking,0.93,21.8,40.4,Office,98,4.53
Device_5,22:47.1,114,214,Cycling,0.93,24.1,41.5,Park,46,4.65
Device_9,27:47.1,109,1801,Walking,0.95,29.7,54,Park,26,4.46
Device_3,32:47.1,146,172,Running,0.9,29.1,52,Park,73,6.06
Device_3,37:47.1,138,172,Running,0.95,23,54.4,Office,67,5.67
Device_8,42:47.1,97,467,Cycling,0.97,23.5,71.6,Park,23,4.04
Device_6,47:47.1,115,4174,Running,0.94,20.4,53.22,Home,91,4.69
Device_10,52:47.1,112,3178,Running,0.94,22.1,97.17,Gym,82,4.57
Device_2,57:47.1,118,172,Running,0.87,21.4,57.7,Office,71,4.81
Device_2,02:47.1,135,9067.32,Running,0.91,20.2,57,Park,71,5.53
Device_4,07:47.1,112,4920,Running,0.91,23.6,37.7,Office,36,4.57
Device_10,12:47.1,134,4262,Running,0.85,23.1,37.3,Home,56,5.49
Device_7,17:47.1,85,2793,Walking,0.88,20.5,57,Street,65,3.67
Device_1,22:47.1,117,192,Cycling,0.99,28.8,57,Park,76,4.77
Device_5,27:47.1,58,172,Sedentary,0.86,29.1,33.2,Park,63,3.02
Device_3,32:47.1,82,57,Sedentary,0.93,29.3,45.8,Park,65,3.59
Device_4,37:47.1,63,172,Sedentary,0.89,23.3,36.7,Home,33,8.4
Device_7,42:47.1,98,400,Cycling,0.98,24.5,57,Office,51,4.07
Device_7,47:47.1,61,14.0906321,Sedentary,0.99,19.1,35.2,Park,68,3.08
Device_3,52:47.1,121,122,Cycling,0.91,20.4,49.8,Office,60,4.93
Device_7,57:47.1,63,172,Sedentary,0.94,23,79.4,Park,92,3.12
Device_9,02:47.1,260.49,563,Walking,0.91,27.3,56.2,Park,93,13.93
Device_3,07:47.1,135,3019,Running,0.95,27.7,37.6,Park,94,5.53
Device_10,12:47.1,77,15,Sedentary,0.96,24.6,55.3,Home,49,3.45
Device_8,17:47.1,78,14.0906321,Sedentary,0.96,20.9,39,Street,21,3.48
Device_5,22:47.1,63,66,Sedentary,0.93,22.7,57,Street,79,8.4
Device_1,27:47.1,64,52,Sedentary,0.91,22.2,55.1,Gym,70,9.2
Device_1,32:47.1,77,172,Sedentary,0.91,23.3,46,Office,45,3.45
Device_1,37:47.1,89,172,Walking,0.95,23,40.1,Gym,53,3.79
Device_1,42:47.1,76,184,Sedentary,0.98,22.9,45.6,Office,82,3.43
Device_9,47:47.1,95,1155,Walking,0.98,20.8,47.1,Home,41,3.98
Device_2,52:47.1,122,4605,Running,0.87,20.5,57,Office,31,4.97
Device_9,57:47.1,92,2198,Walking,0.98,23.4,42.1,Gym,54,3.88
Device_4,02:47.1,68,184,Sedentary,0.96,23,30.9,Office,57,3.23
Device_3,07:47.1,110,1697,Walking,0.92,20.9,39.2,Home,45,4.5
Device_4,12:47.1,105,2489,Walking,0.87,24.1,41.1,Home,82,4.32
Device_2,17:47.1,68,30,Sedentary,0.91,21.7,57,Office,91,3.23
Device_6,22:47.1,63,33,Sedentary,0.95,24.2,47.2,Home,80,3.12
Device_5,27:47.1,64,4124,Running,0.91,22.2,58.7,Gym,68,9.2
Device_8,32:47.1,115,448,Cycling,0.9,23,89.11,Home,98,4.69
Device_5,37:47.1,93,957,Walking,0.86,23.3,52.2,Gym,56,3.91
Device_1,42:47.1,115,293,Cycling,0.9,25.7,66.6,Park,84,4.69
Device_9,47:47.1,87,2523,Walking,0.91,20.7,36,Office,43,3.73
Device_4,52:47.1,266.22,2745,Walking,1,20.2,35.7,Street,99,14.44
Device_10,57:47.1,71,184,Sedentary,0.87,23.4,31.9,Home,32,3.3
Device_5,02:47.1,64,38,Sedentary,0.98,24.6,42.1,Gym,69,9.2
Device_4,07:47.1,58,62,Sedentary,0.97,19.6,62.7,Park,76,3.02
Device_10,12:47.1,64,3946,Running,0.85,24.1,47.5,Street,44,9.2
Device_6,17:47.1,108,2162,Walking,0.91,20.6,47.3,Office,21,4.42
Device_8,22:47.1,64,3533,Running,0.94,24.7,58,Office,67,9.2
Device_9,27:47.1,145,3213,Running,0.91,24.9,34.7,Home,41,6.01
Device_2,32:47.1,86,1025,Walking,0.87,23.5,51,Street,49,3.7
Device_7,37:47.1,78,78,Sedentary,0.95,20.2,48,Home,37,3.48
Device_6,42:47.1,69,184,Sedentary,0.91,30.5,37.1,Park,80,3.26
Device_10,47:47.1,150,3089,Running,0.92,23.4,47.6,Gym,83,6.26
Device_5,52:47.1,64,184,Sedentary,0.99,22.7,57.4,Street,77,9.2
Device_8,57:47.1,101,825,Walking,0.95,22.9,45.9,Home,49,4.18
Device_2,02:47.1,130,139,Cycling,0.87,23,57,Park,55,5.31
Device_1,07:47.1,85,1113,Walking,1,21.1,48.9,Street,83,3.67
Device_5,12:47.1,57,21,Sedentary,0.94,21,50.3,Office,59,3
Device_1,17:47.1,87,2858,Walking,0.88,23,58.8,Office,91,3.73
Device_6,22:47.1,109,184,Walking,0.91,19.9,37,Park,66,4.46
Device_7,27:47.1,65,43,Sedentary,0.97,23,52.1,Gym,55,3.16
Device_2,32:47.1,109,1231,Walking,0.88,23.8,43.3,Gym,42,4.46
Device_3,37:47.1,180.34,45,Sedentary,0.89,31.7,45.6,Park,46,7.95
Device_4,42:47.1,85,184,Walking,0.85,24.3,57.8,Home,61,3.67
Device_2,47:47.1,69,184,Sedentary,0.88,23.4,88.94,Gym,78,3.26
Device_7,52:47.1,64,184,Sedentary,0.86,24,57,Office,87,9.2
Device_7,57:47.1,64,52,Sedentary,0.97,22.1,45.2,Park,56,9.2
Device_8,02:47.1,105,1374,Walking,0.94,20.3,51.3,Office,24,4.32
Device_5,07:47.1,67,43,Sedentary,0.92,21.4,39.1,Street,78,3.21
Device_5,12:47.1,82,67,Sedentary,0.98,23.5,36.9,Street,42,3.59
Device_6,17:47.1,75,184,Sedentary,0.88,24.9,38.5,Street,70,3.4
Device_10,22:47.1,88,1377,Walking,0.91,20.6,31.8,Home,23,3.76
Device_8,27:47.1,123,516.6565103,Cycling,0.99,24.2,67.85,Home,78,5.01
Device_9,32:47.1,68,74,Sedentary,0.88,14,32.4,Street,32,3.23
Device_7,37:47.1,95,655,Walking,0.88,14,48.3,Street,74,3.98
Device_3,42:47.1,64,1761,Walking,0.91,47.76,45.8,Gym,54,9.2
Device_2,47:47.1,97,4281.203719,Walking,0.85,21.9,42,Home,70,4.04
Device_8,52:47.1,107,184,Walking,0.86,23,40.7,Street,88,4.39
Device_5,57:47.1,70,15,Sedentary,0.89,51.56,35.9,Park,68,3.28
Device_7,02:47.1,306.29,846,Walking,0.9,14,47.6,Street,59,18.32
Device_10,07:47.1,109,5001,Running,0.9,14,57,Park,47,4.46
Device_9,12:47.1,108,589,Walking,0.97,23.7,33.7,Office,25,4.42
Device_10,17:47.1,64,184,Running,0.96,14,57,Office,70,9.2
Device_3,22:47.1,64,395,Cycling,0.93,21.8,62,Park,98,9.2
Device_1,27:47.1,106,1676,Walking,0.94,27.8,76.7,Park,58,4.35
Device_9,32:47.1,79,1603,Walking,0.93,14,30.5,Park,87,3.51
Device_9,37:47.1,97,1239,Walking,0.91,25.3,49.2,Gym,88,4.04
Device_5,42:47.1,106,184,Walking,0.99,22.2,41.6,Gym,83,4.35
Device_4,47:47.1,143,4283,Running,0.86,24.3,62,Office,86,5.91
Device_5,52:47.1,77,195,Sedentary,0.92,23,62,Home,95,3.45
Device_2,57:47.1,116,4090,Running,0.87,22.5,56.8,Home,89,4.73
Device_4,02:47.1,147,3903,Running,0.85,14,62,Home,39,6.11
Device_4,07:47.1,96,116,Cycling,0.92,20.5,52.1,Street,29,4.01
Device_10,12:47.1,145,4507,Running,0.87,14,65.2,Park,55,6.01
Device_4,17:47.1,101,1541,Walking,0.98,23.7,44.1,Gym,36,4.18
Device_4,22:47.1,64,49,Sedentary,0.93,22.4,62,Street,31,3.14
Device_3,27:47.1,64,2070,Walking,0.95,24.2,62,Gym,28,9.2
Device_5,32:47.1,103,1126,Walking,0.96,20.4,52.5,Park,34,4.24
Device_2,37:47.1,141,3063,Running,0.94,27.5,30.6,Park,63,5.81
Device_8,42:47.1,122,3206,Running,0.87,24.1,70.1,Park,100,4.97
Device_10,47:47.1,64,2417,Walking,0.98,20.9,30.9,Office,89,9.2
Device_5,52:47.1,64,195,Walking,0.88,14,62,Street,63,9.2
Device_8,57:47.1,64,2076,Walking,0.99,21.3,44.9,Office,96,4.5
Device_9,02:47.1,77,48,Sedentary,0.88,14,44.3,Gym,33,3.45
Device_9,07:47.1,92,195,Walking,0.88,26,60,Gym,70,3.88
Device_3,12:47.1,64,884,Walking,0.94,23.5,48.7,Home,21,4.5
Device_4,17:47.1,102,1912,Walking,0.92,25.4,62,Gym,96,4.21
Device_2,22:47.1,100,1758,Walking,0.86,24.9,49.8,Home,53,4.14
Device_10,27:47.1,108,1339,Walking,0.86,50.09,31.7,Office,22,4.42
Device_10,32:47.1,105,2505,Walking,0.86,23.5,44.5,Home,100,4.32
Device_8,37:47.1,103,1753,Walking,0.87,26.4,77.1,Park,60,4.24
Device_4,42:47.1,113,195,Running,0.94,29.8,71.3,Park,39,4.61
Device_8,47:47.1,64,159,Cycling,0.98,21.9,47.3,Office,93,4.5
Device_4,52:47.1,114,199,Cycling,0.88,20.8,62,Home,34,4.65
Device_9,57:47.1,84,195,Sedentary,0.91,14,69.38,Gym,38,3.64
Device_2,02:47.1,85,2032,Walking,0.86,23,37.7,Home,93,3.67
Device_9,07:47.1,116,4406,Running,0.93,13,50.2,Park,82,4.73
Device_1,12:47.1,86,1396,Walking,0.91,20.2,59.8,Office,37,3.7
Device_2,17:47.1,85,2406,Walking,0.96,22.6,45.3,Gym,72,3.67
Device_3,22:47.1,88,2430,Walking,1,22.1,36.6,Home,77,3.76
Device_1,27:47.1,59,59,Sedentary,0.99,22.9,58.4,Gym,37,3.04
Device_9,32:47.1,249.04,1627,Walking,0.88,13,62,Gym,68,12.94
Device_5,37:47.1,137,4033,Running,0.96,24.2,48.5,Gym,30,5.63
Device_3,42:47.1,136,4243,Running,0.87,22.9,41.5,Home,91,5.58
Device_4,47:47.1,69,195,Sedentary,0.86,23.4,41,Gym,90,3.26
Device_1,52:47.1,59,195,Sedentary,0.98,20.5,45.4,Park,69,3.04
Device_6,57:47.1,128,7362.35,Running,0.96,22.3,46.5,Street,59,5.22
Device_5,02:47.1,77,784,Walking,0.94,24.8,45.7,Home,86,3.45
Device_4,07:47.1,162,3154,Running,0.9,23.8,62,Street,95,6.89
Device_1,12:47.1,101,2641,Walking,0.97,23.8,71.7,Park,66,4.18
Device_6,17:47.1,124,3648,Running,0.98,25.2,56.6,Gym,20,5.05
Device_6,22:47.1,66,13,Sedentary,0.99,24.3,45.5,Gym,54,3.19
Device_9,27:47.1,122,4430,Running,1,20.4,33.5,Office,53,4.97
Device_3,32:47.1,66,77,Sedentary,0.94,24.5,64,Gym,80,3.19
Device_4,37:47.1,75,195,Sedentary,0.94,24.9,48.6,Street,38,3.4
Device_6,42:47.1,124,3391,Running,0.86,46.76,42.7,Gym,27,5.05
Device_2,47:47.1,109,4550,Running,0.99,13,45.6,Gym,64,4.46
Device_9,52:47.1,88,1100,Walking,0.9,22.1,50.3,Street,88,3.76
Device_2,57:47.1,123,74,Cycling,0.96,20.8,64.7,Park,65,5.01
Device_6,02:47.1,102,279,Cycling,0.93,24.4,32.5,Home,44,4.21
Device_10,07:47.1,66,43,Sedentary,0.95,22.6,33.1,Home,84,3.19
Device_6,12:47.1,127,4703,Running,0.93,13,44.6,Street,79,5.18
Device_1,17:47.1,92,195,Walking,0.95,21.7,38.3,Home,85,3.88
Device_7,22:47.1,109,1628,Walking,0.94,24.1,48.6,Gym,94,4.46
Device_5,27:47.1,71,195,Sedentary,0.98,23.7,47,Street,43,3.3
Device_1,32:47.1,69,110.3766181,Sedentary,0.96,24.9,58.5,Office,99,3.26
Device_6,37:47.1,81,195,Sedentary,0.95,49.35,49.1,Gym,42,3.56
Device_9,42:47.1,60,24,Sedentary,0.94,22.7,51.8,Gym,56,3.06
Device_8,47:47.1,97,384,Cycling,0.86,20.7,42.9,Home,45,4.04
Device_10,52:47.1,145,3656,Running,0.89,21.8,37.3,Street,68,6.01
Device_8,57:47.1,271.94,195,Walking,0.93,22.8,41.6,Gym,67,14.96
Device_9,02:47.1,76,25,Sedentary,0.93,13,46.8,Park,29,3.43
Device_3,07:47.1,65,210,Sedentary,0.9,20.6,34.6,Home,71,4.5
Device_1,12:47.1,90,2232,Walking,0.88,25.3,56.8,Gym,100,3.82
Device_5,17:47.1,124,4497,Running,0.99,23,40.1,Street,37,5.05
Device_7,22:47.1,108,3020,Walking,0.97,25.4,44.2,Gym,43,4.42
Device_9,27:47.1,76,2879,Walking,0.91,20.8,44.7,Park,88,3.43
Device_9,32:47.1,85,3325.389175,Walking,0.91,25.9,64,Gym,20,3.67
Device_2,37:47.1,78,492,Walking,0.97,21.6,46,Office,65,3.48
Device_3,42:47.1,155,4360,Running,0.86,23.6,39.9,Street,26,6.51
Device_3,47:47.1,80,69,Sedentary,0.91,21.9,52.4,Home,57,3.53
Device_10,52:47.1,79,6,Sedentary,0.95,13,49,Office,67,3.51
Device_5,57:47.1,107,530,Walking,0.87,25.7,49.2,Gym,25,4.39
Device_2,02:47.1,79,152.6485144,Sedentary,0.99,31.3,64,Park,48,3.51
Device_7,07:47.1,103,450,Cycling,0.88,50.93,46.4,Home,66,4.24
Device_1,12:47.1,118,3930,Running,0.96,13,52.1,Gym,67,4.81
Device_4,17:47.1,81,5,Sedentary,0.98,22.1,64,Office,36,3.56
Device_10,22:47.1,65,1332,Walking,0.95,25,34,Street,30,4.5
Device_7,27:47.1,81,2170,Walking,0.94,13,31.9,Park,34,3.56
Device_10,32:47.1,65,814,Walking,0.98,23.2,53.2,Gym,79,4.5
Device_8,37:47.1,94,1171,Walking,0.99,23,56.5,Gym,87,3.94
Device_7,42:47.1,65,2944,Walking,0.91,31.2,51.9,Park,45,4.5
Device_3,47:47.1,71,210,Sedentary,0.98,27.2,32.4,Park,73,3.3
Device_9,52:47.1,106,1013,Walking,0.88,23.7,64,Home,96,4.35
Device_2,57:47.1,65,1837,Walking,0.99,25.7,46.7,Park,97,4.5
Device_1,02:47.1,67,35,Sedentary,0.96,22.9,53.5,Office,21,3.21
Device_10,07:47.1,106,1148,Walking,0.88,24.4,64,Gym,80,4.35
Device_6,12:47.1,83,1384,Walking,0.85,23.7,64,Home,26,3.62
Device_3,17:47.1,90,172,Cycling,0.99,25.4,37.7,Park,79,3.82
Device_6,22:47.1,96,2482,Walking,0.88,13,51.9,Home,94,4.01
Device_8,27:47.1,104,946,Walking,0.9,13,51.1,Street,61,4.28
Device_9,32:47.1,107,2675,Walking,0.98,21.5,37.5,Office,44,4.39
Device_6,37:47.1,65,210,Sedentary,0.86,23.2,31.3,Office,86,4.5
Device_2,42:47.1,251.94,2093,Walking,0.96,23.5,38.9,Street,57,13.18
Device_4,47:47.1,65,276,Cycling,0.88,22.7,42.7,Gym,51,3.8
Device_5,52:47.1,55,21,Sedentary,0.88,20.4,34.2,Street,69,2.96
Device_3,57:47.1,107,2833,Walking,0.98,22.8,34.5,Street,60,4.39
Device_9,02:47.1,65,210,Sedentary,0.95,44.17,37.5,Street,52,3.16
Device_5,07:47.1,103,2790,Walking,0.88,23.3,56.8,Gym,44,4.24
Device_9,12:47.1,126,3301,Running,0.88,13,78.2,Park,20,5.14
Device_3,17:47.1,92,862,Walking,0.9,21.2,40.5,Home,73,3.88
Device_2,22:47.1,65,1904,Walking,0.95,20,45.7,Street,47,3.8
Device_1,27:47.1,152,4942,Running,0.86,23.7,56.5,Gym,69,6.36
Device_2,32:47.1,65,4773,Running,0.87,20.3,64,Office,26,3.8
Device_7,37:47.1,280.53,2132,Walking,0.97,23.3,40,Street,71,15.76
Device_8,42:47.1,80,25,Sedentary,1,23.6,54.4,Gym,74,3.53
Device_5,47:47.1,74,210,Sedentary,0.97,24.2,64,Office,47,3.38
Device_10,52:47.1,87,1078,Walking,0.92,24.6,42.3,Gym,59,3.73
Device_9,57:47.1,65,18,Sedentary,0.94,22,62.8,Park,44,3.8
Device_9,02:47.1,63,15,Sedentary,0.89,21,35.6,Street,68,3.12
Device_6,07:47.1,108,2389,Walking,0.99,20.1,64,Office,40,4.42
Device_5,12:47.1,74,63,Sedentary,0.96,22.9,40.4,Gym,70,3.38
Device_6,17:47.1,65,64,Sedentary,0.95,26.5,38.1,Park,26,3.8
Device_3,22:47.1,81,210,Sedentary,1,13,33.4,Street,21,3.56
Device_2,27:47.1,157,3886,Running,0.88,20.9,53.2,Office,51,6.62
Device_1,32:47.1,66,24,Sedentary,0.86,13,56.6,Home,86,3.19
Device_6,37:47.1,71,210,Sedentary,0.95,20.3,55.6,Street,61,3.3
Device_1,42:47.1,126,3370,Running,0.88,18.4,40.2,Park,87,5.14
Device_6,47:47.1,65,1971,Walking,0.9,23.9,56.2,Home,100,3.8
Device_2,52:47.1,65,3112,Running,0.87,22,49.3,Gym,94,3.8
Device_4,57:47.1,148,3186,Running,0.89,23,55.4,Street,51,6.16
Device_6,02:47.1,97,210,Walking,0.92,12,53.8,Park,26,4.04
Device_3,07:47.1,79,31,Sedentary,0.96,20.8,53.8,Street,55,3.51
Device_3,12:47.1,93,1590,Walking,0.92,18.3,73.6,Park,58,3.91
Device_8,17:47.1,126,3832,Running,0.85,22.7,59.1,Gym,59,5.14
Device_10,22:47.1,66,4010,Running,0.93,23.3,40,Home,34,3.8
Device_3,27:47.1,94,481,Walking,0.9,31.2,45.4,Park,36,3.94
Device_4,32:47.1,73,112.72,Sedentary,0.99,25,46.9,Gym,39,3.35
Device_9,37:47.1,98,2582,Walking,0.89,25,64,Gym,68,4.07
Device_1,42:47.1,66,210,Sedentary,0.87,20.6,31.8,Street,43,3.8
Device_6,47:47.1,139,210,Running,0.87,18.3,68,Park,88,5.72
Device_8,52:47.1,83,53,Sedentary,0.99,23.2,53.6,Office,88,3.62
Device_2,57:47.1,72,210,Sedentary,0.87,22.9,36.4,Office,94,3.33
Device_2,02:47.1,66,968,Walking,0.94,46.76,36.4,Street,49,3.8
Device_8,07:47.1,66,1233,Walking,0.98,24.4,45.7,Street,52,3.8
Device_10,12:47.1,97,926,Walking,0.98,24.5,49.8,Street,20,4.04
Device_3,17:47.1,71,224,Sedentary,0.92,23.6,50.6,Gym,64,3.3
Device_8,22:47.1,104,2570,Walking,0.93,23.6,30.9,Office,40,4.28
Device_9,27:47.1,66,15,Sedentary,0.86,24.4,34.9,Street,97,2.4
Device_8,32:47.1,108,829,Walking,0.97,29.7,68,Park,25,4.42
Device_2,37:47.1,104,2513,Walking,0.94,21.9,58.4,Street,63,4.28
Device_2,42:47.1,352.09,454,Cycling,0.97,25.9,57.4,Gym,93,23.42
Device_5,47:47.1,66,6275.02,Walking,0.99,24.8,31.3,Home,49,2.4
Device_7,52:47.1,220.41,224,Sedentary,0.98,18.8,68,Park,59,10.67
Device_6,57:47.1,76,44,Sedentary,0.87,23.1,37.5,Street,26,3.43
Device_2,02:47.1,62,10,Sedentary,0.89,12,103.22,Park,55,3.1
Device_1,07:47.1,91,2675,Walking,0.95,20.8,45.8,Home,53,3.85
Device_5,12:47.1,66,11,Sedentary,0.96,22.2,48.3,Home,59,2.4
Device_5,17:47.1,88,2442,Walking,0.9,12,78.2,Park,29,3.76
Device_10,22:47.1,159,224,Running,0.87,12,56.7,Gym,37,6.73
Device_10,27:47.1,266.22,224,Walking,0.88,12,56.1,Street,92,14.44
Device_6,32:47.1,111,597,Walking,0.85,23.5,68,Home,60,4.53
Device_7,37:47.1,133,3122,Running,0.92,23.6,59.7,Street,52,5.44
Device_3,42:47.1,66,49,Sedentary,0.91,62.13,75.7,Park,61,2.4
Device_2,47:47.1,97,698,Walking,0.96,24,73.7,Park,96,4.04
Device_1,52:47.1,66,11,Sedentary,0.95,22.2,32.7,Home,22,2.4
Device_6,57:47.1,263.35,2526,Walking,0.91,22.2,50.9,Street,26,14.18
Device_6,02:47.1,72,224,Sedentary,0.97,25.8,68,Gym,31,3.33
Device_6,07:47.1,104,1930,Walking,0.99,20.2,61.39,Office,82,4.28
Device_10,12:47.1,94,242,Cycling,0.94,24,34.1,Street,67,3.94
Device_6,17:47.1,147,3702,Running,0.95,23.5,42.9,Street,49,6.11
Device_6,22:47.1,93,2575,Walking,0.86,23.8,68,Office,84,3.91
Device_1,27:47.1,78,224,Sedentary,0.97,12,30.6,Park,31,3.48
Device_2,32:47.1,109,2482,Walking,0.94,24.6,53,Home,71,4.46
Device_6,37:47.1,72,12,Sedentary,0.94,12,63.8,Park,98,3.33
Device_2,42:47.1,90,2291,Walking,0.95,21.6,68,Office,53,3.82
Device_6,47:47.1,100,2747,Walking,0.96,29.6,66.7,Park,70,4.14
Device_5,52:47.1,99,2252.15,Walking,0.86,47.97,51.5,Home,55,4.11
Device_2,57:47.1,109,394,Cycling,0.91,22.1,56.6,Gym,59,4.46
Device_4,02:47.1,111,843,Walking,0.87,22.3,51.6,Office,52,4.53
Device_8,07:47.1,122,524,Cycling,0.98,28.7,48.6,Park,58,4.97
Device_4,12:47.1,111,1470,Walking,0.93,42.27,49,Street,94,4.53
Device_9,17:47.1,94,1362,Walking,0.94,24.4,34.9,Park,35,3.94
Device_1,22:47.1,108,144,Cycling,0.94,30.8,35.4,Park,78,4.42
Device_6,27:47.1,88,808,Walking,0.88,22.9,38.6,Home,60,3.76
Device_9,32:47.1,66,224,Walking,0.95,22.3,50.7,Gym,84,2.4
Device_4,37:47.1,93,2930,Walking,1,22.5,69.9,Park,35,3.91
Device_8,42:47.1,66,1588,Walking,1,12,43.1,Park,33,2.4
Device_1,47:47.1,83,2174,Walking,0.9,20.6,53.2,Park,27,3.62
Device_4,52:47.1,106,1798,Walking,0.98,22.7,66.1,Park,37,4.35
Device_1,57:47.1,75,3,Sedentary,0.86,23.5,73.97,Gym,90,3.4
Device_6,02:47.1,82,50,Sedentary,0.95,24.8,54.5,Gym,88,3.59
Device_7,07:47.1,94,1227,Walking,0.86,22.5,40.1,Office,20,3.94
Device_1,12:47.1,84,1428,Walking,0.89,24.3,47,Gym,37,3.64
Device_6,17:47.1,89,719,Walking,0.98,24.5,45,Office,26,3.79
Device_9,22:47.1,77,54,Sedentary,0.89,23.7,34.7,Home,84,3.45
Device_1,27:47.1,112,327,Cycling,1,12,57,Street,50,4.57
Device_4,32:47.1,90,1788,Walking,0.95,21.1,50.5,Home,87,3.82
Device_1,37:47.1,88,224,Walking,0.97,20.1,43.9,Home,21,3.76
Device_8,42:47.1,95,224,Cycling,0.88,23.5,54.4,Gym,85,3.98
Device_2,47:47.1,59,8,Sedentary,0.93,24.3,31.4,Street,56,3.04
Device_8,52:47.1,106,1480,Walking,0.87,21.5,38.5,Office,27,4.35
Device_4,57:47.1,66,40,Sedentary,0.94,23.6,37.7,Street,81,2.4
Device_7,02:47.1,60,50,Sedentary,0.89,51.99,31.9,Office,99,3.06
Device_10,07:47.1,66,711,Walking,0.95,22.2,53.9,Gym,65,2.4
Device_9,12:47.1,64,224,Sedentary,0.94,24.3,43.2,Gym,84,3.14
Device_1,17:47.1,113,224,Cycling,0.87,20.5,53.8,Office,50,4.61
Device_8,22:47.1,93,224,Walking,0.92,24.5,51.1,Gym,85,3.91
Device_1,27:47.1,101,2041,Walking,0.96,20.8,52.3,Home,49,4.18
Device_9,32:47.1,91,952,Walking,0.92,31.3,45.9,Park,24,3.85
Device_1,37:47.1,423.66,3875,Running,0.99,20.6,41.3,Home,76,32.81
Device_5,42:47.1,140,3163,Running,0.99,25,47.5,Gym,87,5.77
Device_10,47:47.1,80,224,Sedentary,0.92,24.3,34.6,Home,65,3.53
Device_9,52:47.1,72,44.62033498,Sedentary,0.99,29.4,61.9,Park,39,3.33
Device_4,57:47.1,109,1759,Walking,0.87,23.3,68,Home,66,4.46
Device_2,02:47.1,76,16,Sedentary,0.89,23.5,58.6,Gym,47,3.43
Device_6,07:47.1,79,237,Sedentary,0.97,27.4,75.9,Park,64,3.51
Device_6,12:47.1,88,2260,Walking,0.94,24.6,48.9,Home,56,3.76
Device_3,17:47.1,84,237,Walking,0.87,12,68,Home,23,3.64
Device_10,22:47.1,129,4345,Running,0.89,25.1,48.8,Gym,43,5.27
Device_1,27:47.1,101,237,Walking,0.88,12,39.9,Street,60,4.18
Device_10,32:47.1,89,2475,Walking,0.99,25.5,79.6,Park,75,3.79
Device_8,37:47.1,73,5,Sedentary,0.9,23.1,53.1,Street,61,3.35
Device_1,42:47.1,118,182,Cycling,0.94,20.6,46,Street,77,4.81
Device_2,47:47.1,75,824,Walking,0.99,12,58.2,Office,47,3.4
Device_10,52:47.1,101,1480,Walking,0.92,22.9,59.6,Street,89,4.18
Device_4,57:47.1,300.57,2404,Walking,1,23.3,48.2,Home,59,17.73
Device_4,02:47.1,66,667,Walking,0.86,24.3,55.3,Gym,37,2.4
Device_4,07:47.1,60,237,Sedentary,0.96,24.7,68,Home,29,3.06
Device_3,12:47.1,86,3773.940964,Walking,0.96,23,45.3,Gym,21,3.7
Device_5,17:47.1,60,39,Sedentary,0.99,22.2,51.9,Gym,39,3.06
Device_6,22:47.1,66,64,Sedentary,0.95,21.9,36.3,Street,30,2.4
Device_8,27:47.1,90,861,Walking,0.92,12,30.2,Street,55,3.82
Device_7,32:47.1,280.5339203,2061,Walking,0.92,12,59.5,Gym,69,15.76
Device_8,37:47.1,90,1692,Walking,1,21.6,68,Office,62,3.82
Device_5,42:47.1,91,1304,Walking,0.86,25.4,45.4,Gym,97,3.85
Device_2,47:47.1,67,3971,Running,0.93,23.6,54,Gym,80,2.4
Device_4,52:47.1,92,1668,Walking,0.9,24.3,45.6,Office,95,3.88
Device_10,57:47.1,111,1366,Walking,0.99,22.1,68,Gym,49,4.53
Device_7,02:47.1,149,237,Running,0.94,22,39,Home,88,6.21
Device_9,07:47.1,66,49,Sedentary,0.98,21,32,Home,69,3.19
Device_5,12:47.1,83,1570,Walking,0.9,23.3,46.9,Office,36,3.62
Device_8,17:47.1,67,2127,Walking,0.91,21.6,45.7,Park,70,1.6
Device_6,22:47.1,97,2778,Walking,0.92,22,31,Home,59,4.04
Device_2,27:47.1,67,14,Sedentary,0.98,21.7,59.9,Office,27,1.6
Device_5,32:47.1,67,237,Cycling,0.92,22.5,59.1,Street,45,1.6
Device_5,37:47.1,111,175,Cycling,0.9,24.6,58.7,Gym,75,4.53
Device_7,42:47.1,67,237,Sedentary,0.87,12,58.9,Gym,80,1.6
Device_7,47:47.1,74,237,Sedentary,0.88,18.1,31.1,Park,53,3.38
Device_4,52:47.1,67,237,Sedentary,0.93,22.7,58.3,Home,60,1.6
Device_4,57:47.1,106,467,Cycling,0.88,20.8,54.6,Office,90,4.35
Device_7,02:47.1,69,237,Sedentary,0.91,20.7,45.4,Office,84,3.26
Device_6,07:47.1,67,45,Sedentary,0.93,23.1,45,Office,56,1.6
Device_1,12:47.1,106,209,Cycling,0.9,24.9,52.1,Gym,78,4.35
Device_10,17:47.1,103,2904,Walking,0.87,25.8,49.2,Gym,21,4.24
Device_4,22:47.1,107,2290,Walking,0.88,20,52.4,Street,38,4.39
Device_2,27:47.1,67,606,Walking,0.98,22.3,36.7,Office,61,1.6
Device_5,32:47.1,67,245,Sedentary,0.99,20.5,70,Street,93,1.6
Device_6,37:47.1,60,25,Sedentary,1,24.7,70,Gym,52,3.06
Device_7,42:47.1,127,307,Cycling,1,21.1,75.16,Home,66,5.18
Device_8,47:47.1,67,4566,Running,1,20.5,51.7,Office,85,1.6
Device_1,52:47.1,77,1302,Walking,0.85,21.4,55.5,Office,84,3.45
Device_7,57:47.1,99,245,Cycling,0.86,24.3,70,Street,35,4.11
Device_5,02:47.1,55,245,Sedentary,0.96,22.3,70,Street,62,2.96
Device_8,07:47.1,104,2938,Walking,0.92,21.4,53.8,Street,34,4.28
Device_8,12:47.1,75,60,Sedentary,0.93,48.18,50.1,Street,25,3.4
Device_5,17:47.1,63,245,Sedentary,0.93,12,32.7,Office,80,3.12
Device_4,22:47.1,71,245,Sedentary,0.86,23.7,51.6,Street,94,3.3
Device_7,27:47.1,144,3867,Running,0.87,21.8,57.8,Park,73,5.96
Device_10,32:47.1,111,88,Cycling,0.96,20.4,47,Home,41,4.53
Device_2,37:47.1,118,289,Cycling,0.91,22.1,46.2,Street,53,4.81
Device_9,42:47.1,73,72,Sedentary,0.95,22.8,70,Street,96,3.35
Device_9,47:47.1,93,2079,Walking,0.89,31.5,70,Park,84,3.91
Device_9,52:47.1,119,3110,Running,0.85,21.8,44.3,Home,59,4.85
Device_5,57:47.1,69,64,Sedentary,0.86,24.6,54.5,Gym,83,3.26
Device_3,02:47.1,109,245,Running,0.87,24.5,57.1,Office,40,4.46
Device_6,07:47.1,93,1926,Walking,0.92,24.8,77.37,Gym,33,3.91
Device_9,12:47.1,82,43,Sedentary,0.97,27.1,78.6,Park,97,3.59
Device_2,17:47.1,67,2839,Walking,0.85,22.6,60.54,Street,27,1.6
Device_7,22:47.1,89,1635,Walking,0.86,25.2,58.6,Gym,44,3.79
Device_8,27:47.1,118,4524,Running,0.99,11,70,Home,32,4.81
Device_4,32:47.1,231.86,16,Sedentary,0.93,24.8,46,Gym,98,11.55
Device_6,37:47.1,85,1402.01,Walking,0.88,24.4,35.4,Home,47,3.67
Device_3,42:47.1,81,970,Walking,0.99,11,37.4,Street,69,3.56
Device_3,47:47.1,114,245,Walking,0.93,22.8,42.6,Gym,26,4.65
Device_10,52:47.1,94,2072,Walking,0.98,11,45.7,Office,69,3.94
Device_6,57:47.1,81,63,Sedentary,0.98,23.9,31.8,Home,97,3.56
Device_3,02:47.1,67,3777,Running,0.92,20.4,37.2,Home,52,1.6
Device_2,07:47.1,107,245,Walking,0.86,20.2,31.4,Office,59,4.39
Device_1,12:47.1,67,56,Sedentary,0.87,20.2,70,Park,82,1.6
Device_8,17:47.1,84,2671,Walking,0.92,23.2,70,Gym,51,3.64
Device_1,22:47.1,123,4284,Running,0.92,24.8,46.1,Street,89,5.01
Device_10,27:47.1,229.72,13,Sedentary,0.92,24.5,58.6,Park,71,11.32
Device_10,32:47.1,68,36,Sedentary,0.9,22.5,45.7,Street,48,1.6
Device_1,37:47.1,220.41,245,Walking,0.98,24.7,50.7,Office,35,10.67
Device_5,42:47.1,260.49,1717,Walking,0.87,11,51.6,Home,98,13.93
Device_6,47:47.1,75,35,Sedentary,0.92,11,52.1,Park,59,3.4
Device_3,52:47.1,65,245,Sedentary,0.96,11,53.1,Home,66,3.16
Device_4,57:47.1,108,3036,Walking,0.92,25.3,54,Park,80,4.42
Device_4,02:47.1,68,4136,Running,0.87,23.2,31.7,Home,48,1.6
Device_5,07:47.1,68,1128,Walking,0.86,11,58.6,Park,85,2.8
Device_9,12:47.1,119,245,Cycling,0.94,49.66,56.2,Office,52,4.85
Device_2,17:47.1,138,3596,Running,0.96,23.6,48.2,Office,25,5.67
Device_1,22:47.1,68,10,Sedentary,0.89,11,53.7,Office,43,3.23
Device_3,27:47.1,148,10816.98,Running,0.92,23.5,36.1,Office,61,6.16
Device_6,32:47.1,137,245,Running,0.87,11,30.4,Street,59,5.63
Device_6,37:47.1,92,805,Walking,0.9,21.3,35.9,Home,22,3.88
Device_4,42:47.1,58,47,Sedentary,0.85,30.4,31.3,Park,25,3.02
Device_3,47:47.1,105,1434,Walking,0.85,11,59.6,Office,57,4.32
Device_10,52:47.1,76,35,Sedentary,0.91,21.7,59.8,Street,98,3.43
Device_5,57:47.1,104,556,Walking,0.95,22,53.22,Street,48,4.28
Device_6,02:47.1,70,52,Sedentary,0.87,51.99,33.7,Home,83,3.28
Device_1,07:47.1,68,3370,Running,1,23.7,43.5,Gym,65,2.8
Device_7,12:47.1,73,26,Sedentary,1,24.4,33.9,Office,41,3.35
Device_1,17:47.1,68,257,Walking,0.91,23.7,41.9,Street,63,2.8
Device_5,22:47.1,77,33,Sedentary,0.9,20.2,52.8,Office,54,3.45
Device_7,27:47.1,70,257,Sedentary,0.99,11,64.2,Park,23,3.28
Device_7,32:47.1,68,4619,Running,0.97,22.2,70,Street,41,2.8
Device_4,37:47.1,109,1485,Walking,0.87,11,45.4,Gym,45,4.46
Device_2,42:47.1,108,2336,Walking,0.93,24.5,43.8,Gym,78,4.42
Device_9,47:47.1,67,257,Sedentary,0.96,25,45.4,Gym,67,3.21
Device_8,52:47.1,80,33,Sedentary,0.85,25.1,58.5,Gym,65,3.53
Device_5,57:47.1,80,257,Sedentary,0.98,20.6,70,Home,23,3.53
Device_6,02:47.1,62,43,Sedentary,0.95,22.3,49.5,Gym,57,3.1
Device_5,07:47.1,100,1045,Walking,0.92,24.9,75,Home,68,4.14
Device_6,12:47.1,82,257,Sedentary,0.97,23.4,100.67,Gym,85,3.59
Device_7,17:47.1,97,1449,Walking,0.86,28.3,38.9,Park,87,4.04
Device_8,22:47.1,90,257,Walking,0.94,23.8,46.3,Street,29,3.82
Device_6,27:47.1,57,18,Sedentary,0.89,21.4,31.7,Office,40,3
Device_10,32:47.1,136,4791,Running,0.85,22.5,36.4,Office,60,5.58
Device_5,37:47.1,132,3827,Running,0.92,21.5,41.9,Office,83,5.4
Device_6,42:47.1,87,1264,Walking,0.9,22.6,75,Gym,41,3.73
Device_7,47:47.1,122,378,Cycling,0.99,22.5,55.1,Gym,65,4.97
Device_1,52:47.1,63,257,Sedentary,0.9,22.8,48.5,Gym,31,3.12
Device_3,57:47.1,83,2296.77,Walking,0.91,21,45.5,Home,99,3.62
Device_10,02:47.1,103,1224,Walking,0.98,43.11,53.8,Home,24,4.24
Device_6,07:47.1,68,722,Walking,0.87,11,43,Gym,80,2.8
Device_4,12:47.1,100,402,Cycling,0.97,23,49.1,Gym,47,4.14
Device_2,17:47.1,68,4167,Running,0.85,23.4,54.7,Office,74,2.8
Device_3,22:47.1,137,3183,Running,0.96,23.8,75,Home,51,5.63
Device_7,27:47.1,69,50,Sedentary,0.93,20.1,41.9,Home,84,3.26
Device_6,32:47.1,68,1702,Walking,0.89,50.93,43.7,Office,65,2.8
Device_8,37:47.1,79,257,Walking,0.86,24.7,58.1,Street,51,3.51
Device_8,42:47.1,85,2892,Walking,0.92,23.8,69.5,Park,31,3.67
Device_9,47:47.1,68,28,Sedentary,0.87,21.8,37.8,Home,42,2.8
Device_3,52:47.1,133,329,Cycling,0.95,20.8,45.4,Office,55,5.44
Device_3,57:47.1,95,1628,Walking,0.87,24.7,30.9,Office,76,3.98
Device_6,02:47.1,75,108.02,Sedentary,0.93,11,40.4,Street,81,3.4
Device_6,07:47.1,68,2518,Walking,0.99,24,49.8,Home,59,2.8
Device_8,12:47.1,66,257,Sedentary,0.87,11,75,Park,71,3.19
Device_7,17:47.1,64,257,Sedentary,0.91,18.1,75,Park,95,3.14
Device_1,22:47.1,143,3723,Running,0.85,20.9,75,Home,73,5.91
Device_4,27:47.1,67,257,Sedentary,0.91,11,40.7,Home,21,3.21
Device_2,32:47.1,81,530,Walking,0.94,11,67.4,Park,68,3.56
Device_1,37:47.1,94,1269,Walking,0.94,11,58.3,Office,34,3.94
Device_2,42:47.1,81,10,Sedentary,0.91,11,75,Gym,100,3.56
Device_6,47:47.1,102,497,Cycling,0.91,20.6,54.2,Office,51,4.21
Device_9,52:47.1,131,444,Cycling,0.89,22.4,35.4,Office,54,5.35
Device_9,57:47.1,141,3311,Running,0.9,25.2,75,Gym,26,5.81
Device_5,02:47.1,96,2906,Walking,0.97,21.9,33.1,Street,37,4.01
Device_9,07:47.1,86,591,Walking,0.89,24.8,75,Office,35,3.7
Device_6,12:47.1,108,257,Cycling,0.92,21,43.2,Home,70,4.42
Device_2,17:47.1,145,3782,Running,0.97,18,75,Gym,67,6.01
Device_7,22:47.1,68,1931,Walking,0.96,24,42.3,Gym,57,2.8
Device_2,27:47.1,148,3721,Running,0.91,24.6,44.3,Street,62,6.16
Device_1,32:47.1,78,528,Walking,0.87,22.5,75,Office,56,3.48
Device_8,37:47.1,102,1034,Walking,0.92,25,36.9,Park,40,4.21
Device_1,42:47.1,82,44,Sedentary,0.86,23.8,75,Street,63,3.59
Device_2,47:47.1,85,2115,Walking,0.91,23.9,48.5,Gym,48,3.67
Device_4,52:47.1,90,783,Walking,0.96,20.5,52.8,Office,43,3.82
Device_4,57:47.1,90,744,Walking,0.92,20.7,58.1,Home,36,3.82
Device_5,02:47.1,68,2033,Walking,0.9,18,46.8,Home,60,3.4
Device_1,07:47.1,183.25,7,Sedentary,0.86,23,75,Office,99,8.13
Device_8,12:47.1,100,1534,Walking,0.98,22.2,38.9,Office,90,4.14
Device_10,17:47.1,146,262,Running,0.93,19.6,68.9,Park,94,6.06
Device_8,22:47.1,80,2428,Walking,0.91,18,38.9,Street,65,3.53
Device_6,27:47.1,97,1243,Walking,1,20.3,78,Home,53,4.04
Device_7,32:47.1,121,262,Running,0.86,21.9,40.4,Street,39,4.93
Device_1,37:47.1,83,652,Walking,0.95,23.1,41.3,Gym,62,3.62
Device_2,42:47.1,78,262,Sedentary,1,18,58.1,Home,91,3.48
Device_9,47:47.1,80,2500,Walking,0.9,24.8,45.9,Street,99,3.53
Device_4,52:47.1,137,3791,Running,0.95,24.3,33.4,Office,84,5.63
Device_9,57:47.1,158,4140,Running,0.92,18,42,Park,81,6.67
Device_9,02:47.1,68,262,Sedentary,0.96,18,49.3,Park,54,3.4
Device_8,07:47.1,89,262,Walking,0.91,28.1,48.6,Park,20,3.79
Device_10,12:47.1,111,2376,Walking,0.96,24.8,53.9,Street,88,4.53
Device_6,17:47.1,114,3089,Running,0.9,22.9,42.3,Gym,46,4.65
Device_10,22:47.1,108,2722,Walking,0.85,27.9,57.6,Park,68,4.42
Device_8,27:47.1,145,4974,Running,0.91,21.3,58.3,Office,30,6.01
Device_3,32:47.1,97,1564,Walking,0.99,22.8,57,Street,84,4.04
Device_10,37:47.1,129,262,Cycling,0.87,43.53,42.5,Home,94,5.27
Device_5,42:47.1,69,66,Sedentary,0.9,23.9,78,Office,32,3.26
Device_2,47:47.1,72,87,Sedentary,0.96,51.99,78,Gym,37,3.33
Device_7,52:47.1,140,4772,Running,0.86,18,36.3,Park,86,5.77
Device_7,57:47.1,211.83,23,Sedentary,0.96,23.9,34.2,Office,58,10.04
Device_4,02:47.1,79,86,Sedentary,0.89,29.7,78,Park,95,3.51
Device_2,07:47.1,74,48,Sedentary,0.9,22.9,54.3,Home,49,3.38
Device_10,12:47.1,140,4826,Running,0.91,25.6,51.5,Gym,43,5.77
Device_10,17:47.1,84,2762,Walking,0.86,60.23,53.6,Park,86,3.64
Device_7,22:47.1,64,5,Sedentary,0.87,25.1,59.9,Gym,51,3.14
Device_6,27:47.1,110,1002,Walking,0.94,24.7,30.4,Office,46,4.5
Device_10,32:47.1,86,2873,Walking,0.92,21.2,43.1,Office,29,3.7
Device_6,37:47.1,113,68,Cycling,0.94,18,35.3,Street,55,4.61
Device_2,42:47.1,132,3541,Running,0.9,26,45.7,Gym,32,5.4
Device_2,47:47.1,97,1241,Walking,0.89,18,48,Gym,36,4.04
Device_6,52:47.1,68,2423,Walking,0.97,18,34.7,Home,98,3.4
Device_2,57:47.1,107,490,Cycling,0.87,24.3,41.8,Office,41,4.39
Device_1,02:47.1,69,49,Sedentary,0.87,24.6,65.64,Home,26,3.4
Device_7,07:47.1,139,4222,Running,0.95,24.1,58.9,Gym,73,5.72
Device_9,12:47.1,99,864,Walking,0.86,19.6,78,Park,57,4.11
Device_2,17:47.1,99,750,Walking,0.87,22.5,51.2,Office,23,4.11
Device_1,22:47.1,98,2808,Walking,0.92,23.7,49.4,Gym,80,4.07
Device_10,27:47.1,85,1454,Walking,0.86,24.5,39.5,Street,61,3.67
Device_5,32:47.1,72,34,Sedentary,0.88,18,43.1,Gym,77,3.33
Device_2,37:47.1,69,4729,Running,0.91,23.7,50.9,Street,54,3.4
Device_9,42:47.1,117,3268,Running,0.9,22.3,52.6,Home,53,4.77
Device_3,47:47.1,117,262,Cycling,0.92,18,46.2,Gym,54,4.77
Device_10,52:47.1,263.35,262,Walking,0.93,18,54.1,Gym,100,14.18
Device_6,57:47.1,69,91.58910864,Sedentary,0.94,23.6,59.6,Office,100,3.4
Device_5,02:47.1,151,3157,Running,0.91,18,55.2,Street,66,6.31
Device_8,07:47.1,115,4656,Running,0.86,24.2,54,Street,90,4.69
Device_10,12:47.1,81,262,Sedentary,0.9,23.4,78,Street,64,3.56
Device_4,17:47.1,114,386,Cycling,0.98,24.1,38.3,Street,47,4.65
Device_9,22:47.1,60,262,Sedentary,0.86,19,45.9,Home,58,3.06
Device_5,27:47.1,126,4686,Running,0.9,46.76,30.8,Home,36,5.14
Device_2,32:47.1,81,2558,Walking,1,21.8,78,Office,63,3.56
Device_5,37:47.1,92,1838,Walking,0.99,19,43.1,Office,29,3.88
Device_5,42:47.1,63,2,Sedentary,0.9,21.7,45.7,Home,43,3.12
Device_9,47:47.1,76,274,Sedentary,0.87,30.4,54.8,Park,79,3.43
Device_7,52:47.1,443.71,3971,Running,0.86,19,54.9,Park,26,35.75
Device_9,57:47.1,118,3683,Running,0.95,23.7,32.1,Street,30,4.81
Device_2,02:47.1,68,10,Sedentary,0.93,25.9,78,Gym,72,3.23
Device_9,07:47.1,140,4006,Running,0.92,26.1,78.5,Park,90,5.77
Device_7,12:47.1,61,36,Sedentary,0.97,21.9,41.3,Street,50,3.08
Device_8,17:47.1,69,274,Running,0.9,23.1,52.3,Street,20,4.6
Device_7,22:47.1,138,10152.34,Running,0.87,22.2,31.7,Office,33,5.67
Device_1,27:47.1,61,7,Sedentary,0.87,21.1,68.2,Park,60,3.08
Device_10,32:47.1,71,43,Sedentary,0.86,27.8,70.6,Park,33,3.3
Device_7,37:47.1,107,274,Walking,0.89,50.09,78,Gym,77,4.39
Device_10,42:47.1,138,11044.77,Running,0.98,21.3,33.6,Street,80,5.67
Device_5,47:47.1,76,30,Sedentary,0.88,22.8,36.3,Street,83,3.43
Device_9,52:47.1,58,52,Sedentary,0.98,22.8,78,Office,20,3.02
Device_2,57:47.1,83,7,Sedentary,0.97,22.2,79,Office,44,3.62
Device_6,02:47.1,105,303,Cycling,0.99,20.2,58.5,Home,89,4.32
Device_8,07:47.1,128,7738.15,Running,0.87,19,51.9,Office,75,5.22
Device_4,12:47.1,88,1325,Walking,0.92,26.7,45.6,Park,96,3.76
Device_5,17:47.1,64,21,Sedentary,0.94,24.4,37.8,Street,96,3.14
Device_7,22:47.1,117,329,Cycling,0.92,24,32.5,Street,75,4.77
Device_4,27:47.1,69,274,Sedentary,0.89,22.9,79,Park,49,4.6
Device_8,32:47.1,206.16,1,Sedentary,0.93,31.9,34.2,Park,98,9.64
Device_6,37:47.1,110,3346,Running,0.91,23,54,Gym,63,4.5
Device_3,42:47.1,126,326,Cycling,0.95,19,37.2,Home,87,5.14
Device_7,47:47.1,69,1,Sedentary,0.89,24.7,43.3,Gym,54,3.26
Device_6,52:47.1,69,1039,Walking,0.97,22.1,47.1,Gym,58,4.6
Device_9,57:47.1,68,274,Sedentary,0.95,22.8,35.4,Home,82,3.23
Device_2,02:47.1,83,1508,Walking,0.87,24,43.5,Gym,91,3.62
Device_9,07:47.1,85,524,Walking,0.98,21.1,39,Street,20,3.67
Device_8,12:47.1,69,274,Sedentary,0.9,24.1,31,Park,87,3.26
Device_1,17:47.1,69,274,Walking,0.91,22.7,79,Park,24,4.6
Device_5,22:47.1,82,1403,Walking,0.9,24.2,32.2,Home,72,3.59
Device_2,27:47.1,104,274,Walking,0.88,24.4,79,Home,21,4.28
Device_7,32:47.1,106,2694,Walking,0.94,28.1,76,Park,71,4.35
Device_8,37:47.1,136,3935,Running,0.92,19,53.3,Gym,36,5.58
Device_10,42:47.1,58,36,Sedentary,0.87,21.1,58.7,Street,34,3.02
Device_9,47:47.1,75,274,Sedentary,0.86,22.6,59.7,Home,86,3.4
Device_2,52:47.1,76,16,Sedentary,0.87,49.35,48.2,Gym,79,3.43
Device_3,57:47.1,63,59,Sedentary,0.86,25,37.8,Home,85,3.12
Device_9,02:47.1,112,106,Cycling,0.97,48.61,59.2,Street,22,4.57
Device_4,07:47.1,71,75,Sedentary,0.97,23.8,48.2,Office,77,3.3
Device_1,12:47.1,70,14,Sedentary,0.86,25.8,56.9,Gym,99,3.28
Device_5,17:47.1,78,1124,Walking,0.94,21.4,50.6,Home,66,3.48
Device_1,22:47.1,93,2753,Walking,0.88,24.2,48.6,Street,51,3.91
Device_10,27:47.1,69,4086,Running,0.91,24.4,56.6,Street,69,4.6
Device_2,32:47.1,102,2187,Walking,0.96,26,79,Gym,92,4.21
Device_10,37:47.1,69,2113,Walking,0.9,45.86,57.5,Office,26,4.6
Device_6,42:47.1,83,2044,Walking,0.92,22,50.7,Home,64,3.62
Device_7,47:47.1,108,274,Cycling,0.97,22.7,53.4,Office,66,4.42
Device_4,52:47.1,118,4449,Running,0.92,24.2,55.5,Gym,34,4.81
Device_7,57:47.1,65,19,Sedentary,0.88,19,47.9,Gym,84,3.16
Device_3,02:47.1,69,4213.098997,Walking,0.87,23.2,50.9,Home,68,4.6
Device_2,07:47.1,93,1517,Walking,0.99,19,50.4,Street,97,3.91
Device_5,12:47.1,121,3988,Running,0.9,23.5,56.9,Street,46,4.93
Device_10,17:47.1,88,608,Walking,0.95,22.7,52.7,Office,89,3.76
