w,epsilon,S,strategy,sensor,kl,kl_global,mae
4,1.0,1,budget_absorption,humidity,5.586539155948248,3.496355924540337,100.9915646000378
4,1.0,1,budget_absorption,power_draw,5.77192287848993,3.5559047407806834,1204.708461817171
4,1.0,1,budget_absorption,temperature,4.070247381244158,3.232952783401038,83.6205971172789
4,1.0,1,budget_absorption,vibration,3.3299976498738992,3.218653125377541,44.58612200508463
4,1.0,1,sample,humidity,0.9414019893228933,1.7706429824678689,63.647904761072255
4,1.0,1,sample,power_draw,0.6575361028699617,1.5859046751737462,388.0237614157201
4,1.0,1,sample,temperature,0.33568010907481244,1.4889798087590784,121.5536598149609
4,1.0,1,sample,vibration,0.3690286480740108,1.319202732882323,48.848002756698556
4,1.0,1,uniform,humidity,0.7673113138966946,0.8766069760363284,391.32568231501756
4,1.0,1,uniform,power_draw,0.9297680380096003,0.8863608877914259,1974.7186645761801
4,1.0,1,uniform,temperature,1.0670183817200034,0.6356137024444019,413.11341413489095
4,1.0,1,uniform,vibration,0.9109789235037431,0.8088053933096744,193.40227738659857
4,1.0,2,budget_absorption,humidity,5.620904266531046,3.5680893869041053,237.96016044223367
4,1.0,2,budget_absorption,power_draw,0.03228510090801312,2.505227860168634,92.61730587043836
4,1.0,2,budget_absorption,temperature,4.617512582832593,3.155631278326812,158.02657304094038
4,1.0,2,budget_absorption,vibration,0.3991526577706689,2.394037896649472,29.835782798390852
4,1.0,2,sample,humidity,0.6683717323966265,1.0230057803947568,65.45627747254933
4,1.0,2,sample,power_draw,0.6471455135579552,2.047986886763618,177.673285492566
4,1.0,2,sample,temperature,0.7368507071338973,1.6747580757901472,47.36256777905646
4,1.0,2,sample,vibration,0.6234281660518931,1.9626099578587104,18.798645414537283
4,1.0,2,uniform,humidity,0.9764519148121611,0.7593122073642762,182.2571312683716
4,1.0,2,uniform,power_draw,0.9086685946488902,0.7641430940363161,987.6151328538211
4,1.0,2,uniform,temperature,0.7441506523317791,0.6617562880204356,206.74406804088787
4,1.0,2,uniform,vibration,0.778707181135165,0.705272293618571,100.9973894754798
4,1.0,4,budget_absorption,humidity,0.20142169078402156,2.7342268953753246,31.465396194840036
4,1.0,4,budget_absorption,power_draw,0.16000593934054963,2.1228814664032023,204.83085886875554
4,1.0,4,budget_absorption,temperature,0.06456667739168304,2.6650361252346073,35.22229433702817
4,1.0,4,budget_absorption,vibration,0.514575105586588,1.2300849518831163,31.980508617808297
4,1.0,4,sample,humidity,0.7402680377265491,1.6941838487415992,23.456240080334343
4,1.0,4,sample,power_draw,0.7488835988832722,1.3177606522271494,151.3388814175097
4,1.0,4,sample,temperature,0.5529639967934491,2.0703373751879783,24.442735918775078
4,1.0,4,sample,vibration,0.5950573642418343,1.5497105082990144,18.652994419287324
4,1.0,4,uniform,humidity,0.2603800237145493,0.7818737278456176,92.71978147320638
4,1.0,4,uniform,power_draw,0.9004308990789522,0.8738757652661847,583.4705439180693
4,1.0,4,uniform,temperature,0.6571753234906199,0.7292657542112196,109.74658292778702
4,1.0,4,uniform,vibration,0.9735519699372982,0.7965624548454107,46.714186667330395
4,2.0,1,budget_absorption,humidity,5.468846449920799,3.43606659144562,133.2205445781802
4,2.0,1,budget_absorption,power_draw,3.4977380606207333,2.51873797523517,51.29761037638531
4,2.0,1,budget_absorption,temperature,3.310310981870518,3.1985121572327198,107.13764780221409
4,2.0,1,budget_absorption,vibration,0.11586738528209273,1.7649787304565794,6.8658777276044045
4,2.0,1,sample,humidity,0.37064401634157623,1.7451563644427874,55.724267557634704
4,2.0,1,sample,power_draw,0.08836984700518323,1.313557313362158,349.35920508391024
4,2.0,1,sample,temperature,0.48804334431456786,1.6111608296988613,63.80793506252001
4,2.0,1,sample,vibration,0.8453986657935805,1.8175875163268824,23.05525861923753
4,2.0,1,uniform,humidity,0.7172639432681227,0.7778718231567009,169.60298018352697
4,2.0,1,uniform,power_draw,0.9244614742454467,0.7984957000553226,832.1591094059114
4,2.0,1,uniform,temperature,0.9001574457264353,0.661121853355906,218.02520092053908
4,2.0,1,uniform,vibration,0.8836338981682996,0.7772688776969957,102.8387044590215
4,2.0,2,budget_absorption,humidity,0.9362653983437934,3.2780569461090954,29.036109344250562
4,2.0,2,budget_absorption,power_draw,3.972033876074575,3.183360698202819,201.3082232565608
4,2.0,2,budget_absorption,temperature,4.071202575921713,3.2464096436745704,80.80035065146552
4,2.0,2,budget_absorption,vibration,0.052396146843438976,2.101063685462516,16.060066759120613
4,2.0,2,sample,humidity,0.4428537646849615,1.3047972507724488,22.353489528348643
4,2.0,2,sample,power_draw,0.8880197089077573,1.7921490614848181,123.77669655718873
4,2.0,2,sample,temperature,0.7569547618072554,1.2865342156509316,29.71230300560435
4,2.0,2,sample,vibration,0.6630123138958348,1.4281679983836493,13.861445311611343
4,2.0,2,uniform,humidity,0.8256807244323607,0.6918181698990963,80.42408555505315
4,2.0,2,uniform,power_draw,0.7294859325372071,0.8169457213147694,543.9112787978228
4,2.0,2,uniform,temperature,0.7482570861022606,0.5430213291896223,101.60908368599166
4,2.0,2,uniform,vibration,0.44647715074564087,0.5386277018509805,58.77048730765614
4,2.0,4,budget_absorption,humidity,0.30661420273788065,1.8821371633408883,12.853076298652761
4,2.0,4,budget_absorption,power_draw,0.17627939626764766,1.9660191513795715,89.1077043571602
4,2.0,4,budget_absorption,temperature,0.10185955075827656,1.7537451684205747,10.235149759396483
4,2.0,4,budget_absorption,vibration,0.14354498898634752,1.599654050382684,13.742976598256796
4,2.0,4,sample,humidity,0.49770148207403686,1.348438490919551,10.904430154406477
4,2.0,4,sample,power_draw,0.4168624105749285,0.80086644943619,81.20760219069153
4,2.0,4,sample,temperature,0.23866713445097062,1.4203306040751882,17.61937019664129
4,2.0,4,sample,vibration,0.17205312202183445,1.3339338265760754,5.248542212151634
4,2.0,4,uniform,humidity,1.0252749905462153,0.8895450161825437,38.58329640453305
4,2.0,4,uniform,power_draw,0.6031061455404606,0.5534911831532081,219.2632735287455
4,2.0,4,uniform,temperature,0.6277363294629088,0.6205507312645039,52.92100263407646
4,2.0,4,uniform,vibration,0.972714368658312,0.6838050638851108,25.644392115434695
4,3.0,1,budget_absorption,humidity,5.430521259514783,3.4020046030323607,36.30643437260717
4,3.0,1,budget_absorption,power_draw,3.728533762155974,3.1253007919454294,270.86927822521034
4,3.0,1,budget_absorption,temperature,5.561405713209316,3.3753625597065495,174.0040938043651
4,3.0,1,budget_absorption,vibration,0.03381998538731433,1.803107935666038,6.735650502903044
4,3.0,1,sample,humidity,1.2654183284838736,2.360633806295319,39.99562434662748
4,3.0,1,sample,power_draw,0.5592641188656094,1.2353652311631718,125.26885776154067
4,3.0,1,sample,temperature,0.10163593756656214,1.2147794421455966,23.471403230945985
4,3.0,1,sample,vibration,0.8181144725866139,1.8297479824161493,17.49258237238778
4,3.0,1,uniform,humidity,1.13993193716991,0.7710764405788739,116.94057833400024
4,3.0,1,uniform,power_draw,0.6886186472244975,0.7632756319805217,704.3066027611561
4,3.0,1,uniform,temperature,0.6447966284104986,0.6204792658797893,147.47709484591107
4,3.0,1,uniform,vibration,0.5155121907539375,0.7756304573484988,65.51994416499512
4,3.0,2,budget_absorption,humidity,3.0156700599783886,3.266662516169458,158.8608316247006
4,3.0,2,budget_absorption,power_draw,3.4753556755448707,3.1784479126486733,289.3657014370122
4,3.0,2,budget_absorption,temperature,5.513009366224104,3.39281366735932,39.426710505920916
4,3.0,2,budget_absorption,vibration,0.3038060953992998,2.6421336754774023,10.365299252432896
4,3.0,2,sample,humidity,0.6623365845182422,2.1874347174968025,14.71144789160637
4,3.0,2,sample,power_draw,0.24422485637072275,1.179929448742084,87.51003850745906
4,3.0,2,sample,temperature,0.6320759466472706,1.6597232325956632,17.32303667599617
4,3.0,2,sample,vibration,0.24315197237726455,1.30609731659378,6.390643194399918
4,3.0,2,uniform,humidity,0.7032443602519053,0.769910025356194,57.8721936098286
4,3.0,2,uniform,power_draw,0.774329675852861,0.7230856063852187,335.61704144290263
4,3.0,2,uniform,temperature,0.8547854846142011,0.9676950593302752,63.21355594766512
4,3.0,2,uniform,vibration,0.41706500706214245,0.6805690851171144,31.178915112491676
4,3.0,4,budget_absorption,humidity,0.2572048901258487,2.82997618807911,18.192753725959868
4,3.0,4,budget_absorption,power_draw,0.25168911107636815,1.852321836893533,124.4582387739849
4,3.0,4,budget_absorption,temperature,0.08778467533182727,1.7950321721666773,20.409593852803088
4,3.0,4,budget_absorption,vibration,0.08770778641026565,1.4549011101025113,8.723467002891582
4,3.0,4,sample,humidity,0.4750743623937642,1.4916541190308457,7.1466719321945735
4,3.0,4,sample,power_draw,0.5183702818720911,1.5468291126945088,51.49016025477689
4,3.0,4,sample,temperature,0.2564910741454154,0.9865508788155901,10.243222231360896
4,3.0,4,sample,vibration,0.23772937625199578,1.3475848627961202,4.947005814912607
4,3.0,4,uniform,humidity,0.6442015266573761,0.7474640525389561,25.17021597424242
4,3.0,4,uniform,power_draw,0.6113443752521095,0.6624309731746493,153.18517475430042
4,3.0,4,uniform,temperature,0.7890287010641309,0.713568311692081,36.369146952516246
4,3.0,4,uniform,vibration,0.49738994381242974,0.6722065862906984,14.494043285910939
4,4.0,1,budget_absorption,humidity,0.026608074811698336,2.7037042457975518,16.210359271851008
4,4.0,1,budget_absorption,power_draw,0.026751675867615194,2.4891488296003255,70.48690212825262
4,4.0,1,budget_absorption,temperature,3.360892629034358,3.1601299861132937,28.58029881365207
4,4.0,1,budget_absorption,vibration,5.660701563747894,3.07990280930196,15.373727130672846
4,4.0,1,sample,humidity,0.31371492062637135,1.042632833470972,16.821264265033737
4,4.0,1,sample,power_draw,0.6649688708081724,1.701875704878127,102.08186030716719
4,4.0,1,sample,temperature,0.7489924626466131,2.055821891645865,24.273138155491544
4,4.0,1,sample,vibration,0.2939695690534594,1.730608892269048,12.454066214874556
4,4.0,1,uniform,humidity,0.7820133460071534,0.8308774720524211,89.70608277573955
4,4.0,1,uniform,power_draw,0.7609659612817989,0.7680708799330894,436.30348011328897
4,4.0,1,uniform,temperature,0.6309951661754393,0.8999042472430484,99.00408285797992
4,4.0,1,uniform,vibration,0.49184840569768984,0.7933394385474754,47.58014520494025
4,4.0,2,budget_absorption,humidity,5.3154349120294375,2.980268450654857,18.564819547255382
4,4.0,2,budget_absorption,power_draw,3.755183369406276,3.2743327648581855,488.6147671092033
4,4.0,2,budget_absorption,temperature,3.5134794349597778,3.2704931935104677,63.26478267341778
4,4.0,2,budget_absorption,vibration,0.4322195455954463,1.926105215996241,18.43726457679075
4,4.0,2,sample,humidity,0.25098032227135425,1.051754788126937,10.853907879146561
4,4.0,2,sample,power_draw,0.9156326761275038,1.7628511233265256,50.989705060530504
4,4.0,2,sample,temperature,0.5692039516157502,1.374848210165504,10.08137488563726
4,4.0,2,sample,vibration,0.1538987369076981,1.0746771691453432,6.220467538154731
4,4.0,2,uniform,humidity,0.3481143595318473,0.6190529820059715,41.44898545016965
4,4.0,2,uniform,power_draw,0.7874624047292679,0.7632592946455791,309.31065506101595
4,4.0,2,uniform,temperature,0.5154613526274702,0.664255352990637,54.646700668882076
4,4.0,2,uniform,vibration,0.9856837169494593,0.8821129334771941,26.29804581640493
4,4.0,4,budget_absorption,humidity,0.17668142987309263,2.6627731073895085,11.639609241825873
4,4.0,4,budget_absorption,power_draw,0.2121055822784227,1.2437765999810912,52.272655052552416
4,4.0,4,budget_absorption,temperature,0.48719964840980445,2.7677566889181757,19.934994240534365
4,4.0,4,budget_absorption,vibration,0.518800763024024,1.7675008655525069,6.954380896599175
4,4.0,4,sample,humidity,0.027566451865800326,1.285117827016476,4.4318067622566675
4,4.0,4,sample,power_draw,0.6414012956842243,1.8961581652423958,35.46758657407095
4,4.0,4,sample,temperature,0.07769882736255909,0.9273705810047482,6.173733782736302
4,4.0,4,sample,vibration,0.05407048032670696,1.2015406306165985,2.6096458103376685
4,4.0,4,uniform,humidity,0.6885413449895514,0.7794490160575877,25.959647049272252
4,4.0,4,uniform,power_draw,0.7274059921661369,0.7054249749056432,128.76294742532932
4,4.0,4,uniform,temperature,0.7784807130072564,0.7626471636418338,27.333854880301015
4,4.0,4,uniform,vibration,0.7573377192319524,0.6911298999799048,14.072017761543917
8,1.0,1,budget_absorption,humidity,3.1775618919247797,3.3592086663419347,300.70034151177634
8,1.0,1,budget_absorption,power_draw,3.8718796518439254,3.39076253156842,1685.9322418488737
8,1.0,1,budget_absorption,temperature,3.6693613818701434,3.1931500316124106,84.83686161125205
8,1.0,1,budget_absorption,vibration,5.845144104663467,3.6453498023756707,441.3046545757729
8,1.0,1,sample,humidity,0.5884043854662692,2.906048947119492,59.63970970121455
8,1.0,1,sample,power_draw,0.7645158481295339,2.501263927433705,423.6327053477964
8,1.0,1,sample,temperature,0.7812940026941022,2.433496880908025,151.82426113489646
8,1.0,1,sample,vibration,0.9519896329609479,2.474457393873501,47.62790016655065
8,1.0,1,uniform,humidity,0.9100230917044079,0.8361229405790057,705.7451196746883
8,1.0,1,uniform,power_draw,0.8477574165241735,0.6392068812404665,3922.2950115130434
8,1.0,1,uniform,temperature,1.2044436919238388,0.8971433683058988,735.0855402160041
8,1.0,1,uniform,vibration,0.7541128500614417,0.6558983636899,469.3286644314849
8,1.0,2,budget_absorption,humidity,3.4071597378711744,3.301976353293047,526.7166830852042
8,1.0,2,budget_absorption,power_draw,5.838611467543897,3.629017487847629,1198.112494609935
8,1.0,2,budget_absorption,temperature,0.05221928382073835,2.9226460247973467,33.207880668338596
8,1.0,2,budget_absorption,vibration,0.42772871443716676,3.395553375410627,43.96945681804182
8,1.0,2,sample,humidity,0.4408107131305751,1.7291622265031188,21.89387767457001
8,1.0,2,sample,power_draw,0.1692617053428122,1.4359288419834482,173.5205883171206
8,1.0,2,sample,temperature,0.3386515064623328,1.590807194984535,67.64877629364786
8,1.0,2,sample,vibration,0.33066688149775686,1.4618696139548828,26.691248794183288
8,1.0,2,uniform,humidity,1.0583992562080367,0.8822487837568531,304.379554309224
8,1.0,2,uniform,power_draw,0.61554241073836,0.6523355071262098,2165.240628544376
8,1.0,2,uniform,temperature,0.8306530903122218,0.8329251953631868,425.19277062793697
8,1.0,2,uniform,vibration,0.8894338562751324,0.7364656615379321,212.86438439362
8,1.0,4,budget_absorption,humidity,0.22215868805747016,3.074913970101712,31.612610287800454
8,1.0,4,budget_absorption,power_draw,0.7589513481129944,2.494554237872099,92.582103535856
8,1.0,4,budget_absorption,temperature,0.2788541309335846,2.261210214948565,71.07128116144253
8,1.0,4,budget_absorption,vibration,0.6022190627215144,1.9396430273448642,34.51684861066614
8,1.0,4,sample,humidity,2.3875847085849307,3.1454344198404343,14.8657189682096
8,1.0,4,sample,power_draw,0.3415287831979609,1.735808495086262,98.44747795504867
8,1.0,4,sample,temperature,0.47376720498644553,2.2826975992301457,32.0234616696357
8,1.0,4,sample,vibration,0.23476061776803925,2.323249016089908,14.490639316729753
8,1.0,4,uniform,humidity,0.8162988724630671,0.7697227528542061,173.96959026057954
8,1.0,4,uniform,power_draw,0.7854194667202373,0.648058530823787,976.5798664914083
8,1.0,4,uniform,temperature,0.8321895961365116,0.8168795108984431,207.09167462710147
8,1.0,4,uniform,vibration,0.8853868158628415,0.8179642420401813,92.88720435675317
8,2.0,1,budget_absorption,humidity,2.980602007041469,3.244740399110522,32.68717864447161
8,2.0,1,budget_absorption,power_draw,1.2663323606790848,3.1935240941858756,208.8843544178829
8,2.0,1,budget_absorption,temperature,4.195789326367155,3.3972559496776644,356.6024382442695
8,2.0,1,budget_absorption,vibration,5.464542501511008,3.2095439633458924,321.80587142047267
8,2.0,1,sample,humidity,0.7779826561366792,2.8413013901551465,45.62859198588642
8,2.0,1,sample,power_draw,0.446435015941697,2.676733841965,252.1431634404335
8,2.0,1,sample,temperature,0.616242888340746,2.011054544433787,56.41130118230057
8,2.0,1,sample,vibration,0.5839454708356022,2.8951550262932177,16.92030687290587
8,2.0,1,uniform,humidity,0.8082193030770217,0.7671162955811569,333.5861636077505
8,2.0,1,uniform,power_draw,0.9508475222393917,0.8626767201573189,2011.0078366728576
8,2.0,1,uniform,temperature,0.7122613320939174,0.8196088051362651,418.97823477518995
8,2.0,1,uniform,vibration,0.7224806303772626,0.8412913177009866,183.59255146806274
8,2.0,2,budget_absorption,humidity,5.428723773909374,3.2462967400991003,76.34727347665412
8,2.0,2,budget_absorption,power_draw,4.159786794418048,3.2823187564292167,454.70800566442284
8,2.0,2,budget_absorption,temperature,0.14657742172977037,2.5308371277669686,18.634279707557575
8,2.0,2,budget_absorption,vibration,0.6771463784078643,3.0966537177111824,20.071301046417517
8,2.0,2,sample,humidity,0.64560284445096,1.8822370551036072,12.742582667691838
8,2.0,2,sample,power_draw,0.45689429655307995,1.7006387080273104,109.57615936315784
8,2.0,2,sample,temperature,0.1753794576241023,2.022902021731802,10.00038197079515
8,2.0,2,sample,vibration,0.7645158481295339,2.709841354914816,16.231961403469363
8,2.0,2,uniform,humidity,0.5770493309601092,0.6566045855480993,147.28376299003708
8,2.0,2,uniform,power_draw,0.9813251925143143,0.8771459768681986,1137.078049329896
8,2.0,2,uniform,temperature,0.8181625108767484,0.6906790729489397,201.39718080297695
8,2.0,2,uniform,vibration,0.670609866897583,0.7384936960962731,107.96804034778283
8,2.0,4,budget_absorption,humidity,0.5835845876245533,2.539903097750275,65.72488338101417
8,2.0,4,budget_absorption,power_draw,0.19446685590470822,1.806028205499569,237.44444380883107
8,2.0,4,budget_absorption,temperature,0.39792094896138275,2.786114000665778,32.81018489126908
8,2.0,4,budget_absorption,vibration,0.4269060459793057,1.7042929945544252,14.616133746657288
8,2.0,4,sample,humidity,0.2700380338254493,2.0748448659182586,8.933299715483196
8,2.0,4,sample,power_draw,0.6408280513100008,2.0432686192601643,65.07238485851731
8,2.0,4,sample,temperature,0.3386515064623328,2.8448213931145516,24.797354902572124
8,2.0,4,sample,vibration,0.272682338084305,1.478448537653157,7.249566812012009
8,2.0,4,uniform,humidity,0.6869843293640561,0.545002199857128,86.05440966628268
8,2.0,4,uniform,power_draw,0.9529440188638824,0.8009923863757342,428.85008157440126
8,2.0,4,uniform,temperature,0.8049989425688329,0.7134674144243043,113.61223402986968
8,2.0,4,uniform,vibration,0.293438443472131,0.6922070333515722,49.458507936002235
8,3.0,1,budget_absorption,humidity,3.8572486269875674,3.431161344004986,580.0875047612793
8,3.0,1,budget_absorption,power_draw,3.850204878787221,3.2204039910801394,266.1021683096156
8,3.0,1,budget_absorption,temperature,0.0650120929522567,3.2842234711479357,48.52689600968286
8,3.0,1,budget_absorption,vibration,0.1263228789443575,3.1508418869989168,26.543746496721337
8,3.0,1,sample,humidity,0.3336862780019374,2.307815621324958,24.866329282708115
8,3.0,1,sample,power_draw,0.22364226280592986,1.7479305736497697,181.99139070721228
8,3.0,1,sample,temperature,0.7615743493353254,1.9855878439171832,43.03269820960261
8,3.0,1,sample,vibration,0.6162428883407461,2.551607605712515,11.542057155577346
8,3.0,1,uniform,humidity,0.8655759340358109,0.7469995246340042,249.53799134818757
8,3.0,1,uniform,power_draw,0.6267375014506037,0.7764702294946945,1401.704529028277
8,3.0,1,uniform,temperature,1.1505469060290676,0.9049113521083041,286.9725225995511
8,3.0,1,uniform,vibration,0.8923140120211073,0.9378678503004972,150.16206561186291
8,3.0,2,budget_absorption,humidity,4.5490420472386734,3.366136009641688,26.07211612174261
8,3.0,2,budget_absorption,power_draw,3.791030567364069,2.4211012938504384,70.58551329177764
8,3.0,2,budget_absorption,temperature,4.535291309521667,3.335892799835481,106.84945852769613
8,3.0,2,budget_absorption,vibration,0.3261127270821774,2.1596741661015235,13.189264218747521
8,3.0,2,sample,humidity,0.7446627553380073,1.8732525982845962,18.237026830321614
8,3.0,2,sample,power_draw,0.1009677460002278,2.0340310573088067,132.26708963674446
8,3.0,2,sample,temperature,1.4795045076941722,3.0155287490892566,23.79421765302651
8,3.0,2,sample,vibration,0.8493896919994076,1.7969877422812666,5.431329304524969
8,3.0,2,uniform,humidity,0.8767601197431815,0.6844655410917905,120.25339486889484
8,3.0,2,uniform,power_draw,0.6044147927806153,0.6309253669614431,700.1909608210295
8,3.0,2,uniform,temperature,0.8458323805274349,0.6858450263114386,139.55232614087384
8,3.0,2,uniform,vibration,0.8370987025263514,0.8421490299230131,75.96597644999102
8,3.0,4,budget_absorption,humidity,0.2398789076031357,2.847339557143811,26.57753283804209
8,3.0,4,budget_absorption,power_draw,0.0818830350350584,2.1318937056834955,65.39374521665444
8,3.0,4,budget_absorption,temperature,0.2423123867774576,2.4399721208012686,11.926212149624616
8,3.0,4,budget_absorption,vibration,0.3329819398883196,1.0169765617029025,7.608125832090019
8,3.0,4,sample,humidity,0.6408280513100008,1.8918054717321178,8.30421016105706
8,3.0,4,sample,power_draw,0.46707137345959393,1.3256461185359145,31.74013948655561
8,3.0,4,sample,temperature,0.15956843043617944,1.9969788764299636,8.365926364923295
8,3.0,4,sample,vibration,0.446435015941697,1.299598865431437,5.954980244194482
8,3.0,4,uniform,humidity,0.8993795129651714,0.7512080330529344,53.955430870544205
8,3.0,4,uniform,power_draw,0.7567247395313846,0.7995850338931292,327.1424998412193
8,3.0,4,uniform,temperature,0.6126155494041977,0.5625175968540582,59.89606284197394
8,3.0,4,uniform,vibration,0.7315061545236698,0.6483830030559603,31.915134492378538
8,4.0,1,budget_absorption,humidity,2.969137775755801,3.209790242186314,59.061754998044364
8,4.0,1,budget_absorption,power_draw,0.030885131364904946,2.2176114540269674,55.328325930878094
8,4.0,1,budget_absorption,temperature,4.2017713284001275,3.431064568296122,308.4392352679189
8,4.0,1,budget_absorption,vibration,5.492423028066846,3.2698899396760113,36.2170177714716
8,4.0,1,sample,humidity,1.442326522097259,2.3541225895831928,18.823541492991552
8,4.0,1,sample,power_draw,1.0333818118196691,2.516779302067032,160.59522976047745
8,4.0,1,sample,temperature,0.11471321232213134,2.5849318252321054,23.963772517828694
8,4.0,1,sample,vibration,0.322567923039828,1.9333598432329344,11.835623242192026
8,4.0,1,uniform,humidity,0.5679603848835113,0.6391073097638934,174.02411137563635
8,4.0,1,uniform,power_draw,0.8784129491530112,0.7453230187746419,965.9567732318817
8,4.0,1,uniform,temperature,0.8670291684277336,0.8341367585425215,204.70565138737882
8,4.0,1,uniform,vibration,0.7512499676711517,0.855179210484494,112.79120475798207
8,4.0,2,budget_absorption,humidity,3.436617123534808,3.2850532897276876,28.305761513313335
8,4.0,2,budget_absorption,power_draw,0.04607913441963133,1.7676083082488976,36.834585507188116
8,4.0,2,budget_absorption,temperature,3.7650553935246176,3.276509715134249,166.23815260355087
8,4.0,2,budget_absorption,vibration,0.42772871443716676,2.3500092163317694,21.503796423164694
8,4.0,2,sample,humidity,0.34715308600908273,2.334340564616065,13.990186922901685
8,4.0,2,sample,power_draw,0.5027500205093842,2.2641983519178273,63.857717159092736
8,4.0,2,sample,temperature,0.3632366694315875,2.04647366194196,14.820116590673768
8,4.0,2,sample,vibration,0.21197683747870194,1.8088454388640747,5.41939860375763
8,4.0,2,uniform,humidity,0.7269593706069878,0.570374706971092,82.29638159033279
8,4.0,2,uniform,power_draw,0.845680000389518,0.8291108569334803,475.28141701236643
8,4.0,2,uniform,temperature,0.8756581753648061,0.6896101206809768,104.81332185751609
8,4.0,2,uniform,vibration,0.6250081116776733,0.7517745635847999,51.21670923651823
8,4.0,4,budget_absorption,humidity,0.11614356519722949,2.528704107303965,35.97406031142286
8,4.0,4,budget_absorption,power_draw,0.04441722863945045,1.8581307118228585,90.40779561285527
8,4.0,4,budget_absorption,temperature,0.49127122860261907,2.5347807204960455,37.05849759880015
8,4.0,4,budget_absorption,vibration,0.17366035013675307,1.6217928499152878,4.024207593635566
8,4.0,4,sample,humidity,0.24013991751494831,1.7353165460453834,4.560106559797819
8,4.0,4,sample,power_draw,0.1359790810568042,0.9619131865945922,29.371546221679285
8,4.0,4,sample,temperature,0.0886902182640433,1.9086102684169537,7.672798107927529
8,4.0,4,sample,vibration,0.035766624561792,1.9650302974364047,3.3549556977609494
8,4.0,4,uniform,humidity,0.6633804066803495,0.5836218483108189,42.740193618160355
8,4.0,4,uniform,power_draw,0.9355152219618421,0.5452249640534598,243.4229855503005
8,4.0,4,uniform,temperature,0.743283764180215,0.7824415299067929,59.23554792631742
8,4.0,4,uniform,vibration,0.8773223443802545,0.6245034316439622,24.108336854516388
10,1.0,1,budget_absorption,humidity,5.850068830109027,3.66088855675025,249.08890184443035
10,1.0,1,budget_absorption,power_draw,5.841109392354488,3.3344807605516085,8035.924222512611
10,1.0,1,budget_absorption,temperature,4.26721300170388,3.4214628594135004,3721.570755541211
10,1.0,1,budget_absorption,vibration,3.3319958339391116,2.8959760625005,77.02925156008861
10,1.0,1,sample,humidity,0.52557178871895,2.612566869237298,64.62578050725415
10,1.0,1,sample,power_draw,0.5248833114910852,1.8672484613854792,234.07633323827545
10,1.0,1,sample,temperature,0.2457521339437259,1.8048682576858615,103.85850778620883
10,1.0,1,sample,vibration,0.7266233313436748,2.8302525727301293,37.12788055552647
10,1.0,1,uniform,humidity,0.7417114018680596,0.6429931773681704,847.6602408793362
10,1.0,1,uniform,power_draw,0.8425858973567143,0.7703231321084897,4493.077452336334
10,1.0,1,uniform,temperature,0.9825785705409057,0.7968249637728877,1028.8685578813595
10,1.0,1,uniform,vibration,0.7343561042292697,0.6924356700695089,458.59024816956645
10,1.0,2,budget_absorption,humidity,3.3309129928090297,3.357401166714964,371.2213468180035
10,1.0,2,budget_absorption,power_draw,3.2782243715127937,3.284906132556816,1745.6190007939213
10,1.0,2,budget_absorption,temperature,4.509898204275197,3.3262784594298425,730.2727347894272
10,1.0,2,budget_absorption,vibration,0.15720036488797276,2.254966235532206,88.37255587292327
10,1.0,2,sample,humidity,1.0012331822870075,2.7792404850491015,43.84377079392721
10,1.0,2,sample,power_draw,1.3739760175715618,2.880956760091244,294.95987664989946
10,1.0,2,sample,temperature,0.5318574469768763,2.1017733206253473,66.59681575109722
10,1.0,2,sample,vibration,0.25057488782917164,1.198032736625407,24.176615199005088
10,1.0,2,uniform,humidity,0.6237417642646171,0.5503318046134702,430.6846947443469
10,1.0,2,uniform,power_draw,0.9758232310220913,0.8119196543198247,2199.542959254173
10,1.0,2,uniform,temperature,0.7922105996877419,0.7518004020325629,544.7852971680512
10,1.0,2,uniform,vibration,0.6762436854081276,0.616420973510609,247.37956563431132
10,1.0,4,budget_absorption,humidity,0.33618008900924357,2.3555027983877954,62.90619218948086
10,1.0,4,budget_absorption,power_draw,0.33245695737980874,1.9837100535388072,470.1495655646438
10,1.0,4,budget_absorption,temperature,0.31432171082754023,2.158149991452277,52.66795306053993
10,1.0,4,budget_absorption,vibration,0.5961125915118481,1.1440170931540634,39.785500142232685
10,1.0,4,sample,humidity,0.2876629483321307,2.3074671459326024,11.869025477365968
10,1.0,4,sample,power_draw,0.3543173709482364,2.2340999444849667,128.04323570693822
10,1.0,4,sample,temperature,1.105269421082897,2.512541869946125,20.834668723438817
10,1.0,4,sample,vibration,0.7671433218583587,2.3628058592014693,11.081682334531585
10,1.0,4,uniform,humidity,0.7298145827224256,0.7590574324470668,227.13591248990733
10,1.0,4,uniform,power_draw,1.0474746676973201,0.746468666832814,1347.1565563953452
10,1.0,4,uniform,temperature,0.9679867589879058,0.757878469374079,242.93507530821557
10,1.0,4,uniform,vibration,0.9909127829754799,0.7033111036549436,121.96707805658352
10,2.0,1,budget_absorption,humidity,5.565502820959082,3.4062301272569013,761.3820972771724
10,2.0,1,budget_absorption,power_draw,3.271253256741121,3.3881408455067525,1557.044226713332
10,2.0,1,budget_absorption,temperature,3.150436122195494,3.3450015106177595,279.6094454274044
10,2.0,1,budget_absorption,vibration,0.16599338072642328,1.7154409563309743,33.110004756141684
10,2.0,1,sample,humidity,0.0896106555870049,2.641134175797724,30.977029804630256
10,2.0,1,sample,power_draw,0.38480297303011224,1.9360806856170132,227.9481820371957
10,2.0,1,sample,temperature,0.3134354470546885,3.181977042583665,66.04348707503567
10,2.0,1,sample,vibration,0.52557178871895,2.5622342878835096,17.91956294662705
10,2.0,1,uniform,humidity,0.6199323484520012,0.6755405058028146,372.9563100965335
10,2.0,1,uniform,power_draw,0.8826740432418098,0.7805755462856064,2823.0852520108365
10,2.0,1,uniform,temperature,0.7303318770516962,0.782802589684691,546.0048135718861
10,2.0,1,uniform,vibration,0.7303288318042116,0.7432333090841525,263.8250650984368
10,2.0,2,budget_absorption,humidity,0.03643827366857371,1.7000403410511473,9.809622519935715
10,2.0,2,budget_absorption,power_draw,3.83515741625132,3.3130376431470734,2872.977883662074
10,2.0,2,budget_absorption,temperature,4.525740811282545,3.4307809973717323,142.6204998117276
10,2.0,2,budget_absorption,vibration,0.4277287144371667,2.688465457167548,81.0710601005888
10,2.0,2,sample,humidity,0.5831039446975591,3.104576937438165,18.60594632292813
10,2.0,2,sample,power_draw,0.7671433218583587,2.275095973685592,123.25572502664292
10,2.0,2,sample,temperature,0.7601691863725676,2.966647682609987,28.713018565884713
10,2.0,2,sample,vibration,0.40215755633530675,2.165462616692891,18.50816884298568
10,2.0,2,uniform,humidity,0.7239497333595911,0.7610785384700391,227.8904416846939
10,2.0,2,uniform,power_draw,0.8233191001556694,0.8444429346061277,1568.9369434327475
10,2.0,2,uniform,temperature,0.708622125687583,0.8842433363833216,271.6537445399343
10,2.0,2,uniform,vibration,0.7293937387650754,0.8221072332813865,128.42360494195617
10,2.0,4,budget_absorption,humidity,0.0295059899034573,2.5883284542531735,21.802605876183993
10,2.0,4,budget_absorption,power_draw,0.29180693061521856,2.1575228427229325,104.39343872441674
10,2.0,4,budget_absorption,temperature,0.4128806604334274,2.441519144342189,37.92627840753845
10,2.0,4,budget_absorption,vibration,0.4444078442910977,1.543420287204352,29.333351400830626
10,2.0,4,sample,humidity,0.18009010445163837,2.391564464693466,12.503479433278937
10,2.0,4,sample,power_draw,0.1800901044516384,1.7102661000611163,41.494290816684305
10,2.0,4,sample,temperature,0.14610961629992256,1.61628977966709,8.611387810045965
10,2.0,4,sample,vibration,1.621396333400267,2.8342806262620295,6.028122688058287
10,2.0,4,uniform,humidity,0.7301837234901251,0.7174696163945165,107.42064911892409
10,2.0,4,uniform,power_draw,0.8567573231919556,0.8312003732989862,549.7070442777319
10,2.0,4,uniform,temperature,0.7763564477815705,0.6640810635511156,110.38530027090621
10,2.0,4,uniform,vibration,0.8183622986597502,0.6655417699254471,52.99832481544514
10,3.0,1,budget_absorption,humidity,3.8201066793384606,3.3003561589102723,498.1491972450225
10,3.0,1,budget_absorption,power_draw,5.6426223059855465,3.20668947134627,221.42087980200827
10,3.0,1,budget_absorption,temperature,4.07604551988294,3.3778338635940997,343.6650244431164
10,3.0,1,budget_absorption,vibration,5.495828401322537,3.4497310436285518,38.862416829564985
10,3.0,1,sample,humidity,0.814983507245429,2.0506888879852077,28.79273376527518
10,3.0,1,sample,power_draw,0.26310671724892043,2.1603552722243062,317.7507457604525
10,3.0,1,sample,temperature,1.0946478270922873,3.261718680750745,58.15306975939059
10,3.0,1,sample,vibration,0.518597653233159,2.051731646809682,19.40026581688829
10,3.0,1,uniform,humidity,0.7468583990985564,0.6201438328590743,262.9060384474379
10,3.0,1,uniform,power_draw,0.8375129752059207,0.7378095107842675,1751.90302070007
10,3.0,1,uniform,temperature,1.015255594571818,0.763653085169319,339.9968951965408
10,3.0,1,uniform,vibration,1.0506153300658565,0.8758837196700272,179.04171520114184
10,3.0,2,budget_absorption,humidity,0.049168347190499825,2.7002405360837076,17.024322767177733
10,3.0,2,budget_absorption,power_draw,5.673366241036083,3.291200758824002,882.9275007374068
10,3.0,2,budget_absorption,temperature,5.569413776826262,3.3534851400759247,108.03492249811745
10,3.0,2,budget_absorption,vibration,0.22313147597219596,2.2735994184963153,23.317158973630917
10,3.0,2,sample,humidity,0.16943622179526113,2.7260895242165875,15.439855755084801
10,3.0,2,sample,power_draw,0.7402255429286616,2.7067580145082992,136.16842706338548
10,3.0,2,sample,temperature,0.5727234968781556,2.255192780234278,18.45879944844872
10,3.0,2,sample,vibration,0.6910980820534802,2.491334892551439,11.379381273895406
10,3.0,2,uniform,humidity,1.1209253308661022,0.8025908900883449,137.94969480435063
10,3.0,2,uniform,power_draw,0.5488822470713536,0.6812274904837488,779.8028441618411
10,3.0,2,uniform,temperature,0.5615164357067548,0.5765562572635903,182.34260563260125
10,3.0,2,uniform,vibration,0.7205795694296957,0.7660364102559603,79.67450675445758
10,3.0,4,budget_absorption,humidity,0.12093073430914647,2.9093521932821433,23.02349018518213
10,3.0,4,budget_absorption,power_draw,0.3005921484969216,1.8939954140000665,52.49436732371964
10,3.0,4,budget_absorption,temperature,0.38106001180023896,2.675877887787464,23.555975159827764
10,3.0,4,budget_absorption,vibration,0.1496350020374999,1.1099206274541233,9.311068147609788
10,3.0,4,sample,humidity,0.6190216084257973,2.1974609531197995,10.106104606721386
10,3.0,4,sample,power_draw,0.16479333729323584,2.3207496007600406,56.10439029874427
10,3.0,4,sample,temperature,0.19157629732402098,2.409157056005321,9.714983504873048
10,3.0,4,sample,vibration,0.2773098535502456,1.7084627810751798,3.0763892005542965
10,3.0,4,uniform,humidity,0.8562743222280462,0.8894201508143015,71.17048821875903
10,3.0,4,uniform,power_draw,0.8267655452508897,0.8377699767779854,410.15227061648613
10,3.0,4,uniform,temperature,0.8573532793183144,0.5771543997106154,84.80899474803532
10,3.0,4,uniform,vibration,0.8354682069170167,0.7803010369959862,47.357189254142696
10,4.0,1,budget_absorption,humidity,3.942009282067762,3.2042299488841635,950.7570007460896
10,4.0,1,budget_absorption,power_draw,3.7647579951604566,3.343802644232747,434.76348299581326
10,4.0,1,budget_absorption,temperature,5.557760488063729,3.50241123823765,71.76866215657338
10,4.0,1,budget_absorption,vibration,5.433734335471735,2.6459479771641115,19.43893301422213
10,4.0,1,sample,humidity,0.34816048765734614,2.370902665709263,27.028793429502688
10,4.0,1,sample,power_draw,0.5460176195540061,2.9807094047676186,126.9080197809654
10,4.0,1,sample,temperature,0.39518342084951563,2.3530087149081695,28.060673544266525
10,4.0,1,sample,vibration,0.5727234968781556,1.866503859896759,9.447133267936902
10,4.0,1,uniform,humidity,1.1054862297233385,0.8661381445279573,190.21309444489177
10,4.0,1,uniform,power_draw,0.6195136700335782,0.6872934782137045,1253.7492650278207
10,4.0,1,uniform,temperature,1.0812957788671969,0.790323864100447,266.35530377160643
10,4.0,1,uniform,vibration,0.8019050933174258,0.7079280683415643,118.07226457309007
10,4.0,2,budget_absorption,humidity,3.576783758445347,2.8991164805116973,14.829715524580733
10,4.0,2,budget_absorption,power_draw,3.597598249817443,3.2582541223999506,232.080620098611
10,4.0,2,budget_absorption,temperature,0.5652133695896688,2.9242264496144648,25.924412778375707
10,4.0,2,budget_absorption,vibration,0.13407246527606334,2.453370173982967,78.24615632350087
10,4.0,2,sample,humidity,0.5727234968781556,2.2349988105050076,14.588816371934074
10,4.0,2,sample,power_draw,0.20316693792489998,1.45253377370304,60.025855473507484
10,4.0,2,sample,temperature,0.09087931709102393,2.0907849430332734,13.185372341775189
10,4.0,2,sample,vibration,0.5284511346432641,2.069449070916248,6.819026794090863
10,4.0,2,uniform,humidity,0.8064581608442698,0.719464104929287,103.74792340204463
10,4.0,2,uniform,power_draw,0.7421095681425525,0.6054737480532901,543.6712965730815
10,4.0,2,uniform,temperature,0.5393859966019678,0.7397280705205993,123.61695133787532
10,4.0,2,uniform,vibration,1.0677311082659937,0.7504683057532225,59.66759760797172
10,4.0,4,budget_absorption,humidity,0.10615150645949595,2.7826193978391753,22.480134660879163
10,4.0,4,budget_absorption,power_draw,0.1240303396124473,1.795154747452892,77.47381675975862
10,4.0,4,budget_absorption,temperature,0.26386365491792596,2.2226698234504307,35.917027122750206
10,4.0,4,budget_absorption,vibration,0.4029070905615222,0.9263019923764825,10.831176286594532
10,4.0,4,sample,humidity,0.5276174330804377,1.469707383519426,8.753233837725869
10,4.0,4,sample,power_draw,0.44457816274103096,1.8454557636490245,32.00538646183066
10,4.0,4,sample,temperature,0.8543074833072797,2.6060448998673067,9.958566822658183
10,4.0,4,sample,vibration,0.4169298668200767,2.3746513700623386,3.6466066528164616
10,4.0,4,uniform,humidity,0.6310690469323488,0.7419777944736412,53.91065452594688
10,4.0,4,uniform,power_draw,0.7910583579427038,0.7392006996222882,287.66987845642177
10,4.0,4,uniform,temperature,0.9491970680576408,0.6675810855772326,70.52595815552398
10,4.0,4,uniform,vibration,0.24889272633234666,0.5947433128964056,29.32272523010183
12,1.0,1,budget_absorption,humidity,3.9433385278356696,3.4688879979935625,235.81680679824743
12,1.0,1,budget_absorption,power_draw,3.3320002906016524,3.350643513309416,2679.8491240247176
12,1.0,1,budget_absorption,temperature,5.416656003834355,3.214030367268881,86.60749850171696
12,1.0,1,budget_absorption,vibration,5.474560214780585,3.646283380423001,80.9539010453192
12,1.0,1,sample,humidity,5.26057843880995,2.622950791861901,65.67928586519133
12,1.0,1,sample,power_draw,5.388051642442225,3.437781354071013,370.40921531319583
12,1.0,1,sample,temperature,1.8475490800643746,1.9340297883997761,95.01298353983124
12,1.0,1,sample,vibration,1.3565716048332337,2.8918747254954824,48.22874845372171
12,1.0,1,uniform,humidity,0.8235406150702941,0.8192044686837114,1012.8140795279538
12,1.0,1,uniform,power_draw,0.3259397286807025,0.6719508568434321,5958.681590434071
12,1.0,1,uniform,temperature,1.0820049860111158,0.8468209231446334,1123.8393416957476
12,1.0,1,uniform,vibration,1.2681767220595836,0.8176030505548408,589.3200657780151
12,1.0,2,budget_absorption,humidity,3.4954959664598553,3.1405846437266938,131.4355399646089
12,1.0,2,budget_absorption,power_draw,3.934321945592819,3.3928736455903494,3278.5352873780507
12,1.0,2,budget_absorption,temperature,0.5862084832893247,3.3177953941197447,219.52177329532068
12,1.0,2,budget_absorption,vibration,0.8351652872613796,2.746298089328296,70.51167305672328
12,1.0,2,sample,humidity,1.090669938406857,2.249946612664672,42.278038842973814
12,1.0,2,sample,power_draw,1.1651457788324295,1.3565869052773283,365.69265001972434
12,1.0,2,sample,temperature,1.1369162062841243,1.8642628371026553,27.71739196266945
12,1.0,2,sample,vibration,1.1134422982342527,2.297745116182719,48.42677804961377
12,1.0,2,uniform,humidity,1.0046467913100332,0.7435701253214556,497.01345692650443
12,1.0,2,uniform,power_draw,0.8815650839825825,0.768094957434789,2922.0612597450336
12,1.0,2,uniform,temperature,0.8683849122711069,0.715015668076828,572.6391114772292
12,1.0,2,uniform,vibration,1.0528394002455055,0.9570717899234318,288.3081140097482
12,1.0,4,budget_absorption,humidity,1.2114372690041948,3.082734346821516,85.23906884184754
12,1.0,4,budget_absorption,power_draw,0.1973917443363632,2.4091224061560834,417.3810625173621
12,1.0,4,budget_absorption,temperature,0.30964588471172805,1.9182281064177304,226.58060439115195
12,1.0,4,budget_absorption,vibration,0.5553746158742618,1.0888304013959922,77.29511364390872
12,1.0,4,sample,humidity,0.8775312868908952,1.856387624685795,18.114397417572263
12,1.0,4,sample,power_draw,1.1685977881243805,2.130586547382579,115.77129098953674
12,1.0,4,sample,temperature,1.3129406567503659,2.8332201859853163,45.434811653897356
12,1.0,4,sample,vibration,4.711414676550043,2.84552280065668,6.172030937296068
12,1.0,4,uniform,humidity,0.8376605483171431,0.6893485887956388,223.6329183222055
12,1.0,4,uniform,power_draw,0.8986890483684191,0.8715441421371093,1443.1621858267972
12,1.0,4,uniform,temperature,0.5323497486089157,0.6289976257042538,251.37414065984035
12,1.0,4,uniform,vibration,0.7332881727951784,0.8689951159760386,140.2078563248145
12,2.0,1,budget_absorption,humidity,5.5999654269789065,3.4960825826578623,1479.0953811307118
12,2.0,1,budget_absorption,power_draw,3.810941577610165,3.3843977981135787,772.8596947064824
12,2.0,1,budget_absorption,temperature,5.516366665664734,3.4376492349068677,278.8179138901452
12,2.0,1,budget_absorption,vibration,5.846620158527104,3.2916758777702175,78.10820402772492
12,2.0,1,sample,humidity,1.8509894218270047,2.891829073927681,33.18929024177824
12,2.0,1,sample,power_draw,5.446740878267221,2.617338116183335,258.25147645096473
12,2.0,1,sample,temperature,1.6736281461639955,2.2811656725951193,34.52833476177042
12,2.0,1,sample,vibration,1.8519182105108043,3.182942600976891,23.347546607003974
12,2.0,1,uniform,humidity,0.9894101157589891,0.8246635892096402,628.4433711141203
12,2.0,1,uniform,power_draw,0.9831249986195174,0.7188624966703906,2898.4524521544063
12,2.0,1,uniform,temperature,0.8921030872787596,1.0037442403407657,557.3726356612169
12,2.0,1,uniform,vibration,0.8589288598427046,0.8797481235646218,284.6200196203125
12,2.0,2,budget_absorption,humidity,3.696952790478296,3.230671737251671,710.3867091809814
12,2.0,2,budget_absorption,power_draw,3.707353257784268,3.3390009114676085,1474.6684637489132
12,2.0,2,budget_absorption,temperature,0.29948551926242795,3.3776213809972675,156.5145589742828
12,2.0,2,budget_absorption,vibration,0.32831611338848343,2.4022725523018598,19.91505775160688
12,2.0,2,sample,humidity,1.118261329185318,2.205039854771283,27.917215452777594
12,2.0,2,sample,power_draw,0.7592318702496916,2.3361694048125727,57.67123141173946
12,2.0,2,sample,temperature,1.257469859893208,2.2361455838613002,25.168942660136253
12,2.0,2,sample,vibration,3.1894723256680595,1.358798411736867,16.188798095531883
12,2.0,2,uniform,humidity,0.577153825475618,0.8318009847122841,268.3736360132745
12,2.0,2,uniform,power_draw,0.701642921768228,0.7260742655224182,1419.8314402546548
12,2.0,2,uniform,temperature,0.6731100914533449,0.7736582124881978,268.3349617219984
12,2.0,2,uniform,vibration,1.0606567434008793,0.8996386239864097,145.91651236582996
12,2.0,4,budget_absorption,humidity,1.004785670474621,2.2293138928815694,15.908401340319383
12,2.0,4,budget_absorption,power_draw,0.351108481802645,2.3453696599021674,269.9265422113168
12,2.0,4,budget_absorption,temperature,0.3031581048246009,2.419465764418546,75.42256948540684
12,2.0,4,budget_absorption,vibration,0.6891236312460898,1.7794190478135734,36.10725431183815
12,2.0,4,sample,humidity,5.295355954907521,2.5138519969837905,13.154743132284993
12,2.0,4,sample,power_draw,0.6577617168347633,2.3920514855192887,34.31644481396671
12,2.0,4,sample,temperature,0.8822381374510049,2.3108990559115483,14.302106159201223
12,2.0,4,sample,vibration,1.9573078674720656,2.7749573350512393,7.111134775630012
12,2.0,4,uniform,humidity,0.7319539527857675,0.6135492198363223,142.05795791820324
12,2.0,4,uniform,power_draw,0.8283279591629649,0.7514318386018308,760.0000722286145
12,2.0,4,uniform,temperature,0.9237111792869318,0.8788141761030891,161.97409789083915
12,2.0,4,uniform,vibration,0.6818354162892656,0.7011407489724604,76.77673140601333
12,3.0,1,budget_absorption,humidity,5.648052747798509,3.6450549056849213,142.09772665149302
12,3.0,1,budget_absorption,power_draw,0.053991561472503447,3.3044245504245704,536.8661170829142
12,3.0,1,budget_absorption,temperature,5.846350041294951,3.62550802855218,599.6594564717726
12,3.0,1,budget_absorption,vibration,0.14910587311497125,2.194105900016832,21.684202730612938
12,3.0,1,sample,humidity,1.121074434489393,2.6938591390723685,37.077279125421285
12,3.0,1,sample,power_draw,1.6739832732481492,2.593688736908995,195.95486309219336
12,3.0,1,sample,temperature,1.7446619627741655,2.316324188515946,54.63278842802111
12,3.0,1,sample,vibration,1.3109115560601121,2.446960239798903,19.5912437665574
12,3.0,1,uniform,humidity,0.8744571057700443,0.6858123900521248,352.29688880920645
12,3.0,1,uniform,power_draw,0.8918906745313887,0.8850708550170298,2038.1998283430762
12,3.0,1,uniform,temperature,0.9551835928316937,0.8404008262391905,374.82916434450846
12,3.0,1,uniform,vibration,0.7302383091381303,0.7406355852053281,198.61709423961614
12,3.0,2,budget_absorption,humidity,3.955718011485849,3.3688854956616505,80.43511370553375
12,3.0,2,budget_absorption,power_draw,3.496784365006789,3.277912786334001,1791.490792721629
12,3.0,2,budget_absorption,temperature,0.9008678506546035,3.406047491989383,41.682305332193806
12,3.0,2,budget_absorption,vibration,0.10946541532857265,2.899175430181346,14.864030237144618
12,3.0,2,sample,humidity,2.9374830530888834,3.0999577143389287,20.0136460924792
12,3.0,2,sample,power_draw,1.7553154829873374,2.593487040456585,106.03912559632282
12,3.0,2,sample,temperature,1.8781341133949907,2.3370760920905758,26.68358008730042
12,3.0,2,sample,vibration,0.5313898190225573,1.7654679224560244,4.731488497976817
12,3.0,2,uniform,humidity,1.017657603461089,0.8995489277220529,158.80896380156042
12,3.0,2,uniform,power_draw,0.9568455197160647,0.720714289252543,925.5597472016045
12,3.0,2,uniform,temperature,0.7675624480563511,0.6716736423574833,214.60186982063817
12,3.0,2,uniform,vibration,0.9289153698290858,0.8706430295378176,103.25318758691233
12,3.0,4,budget_absorption,humidity,0.09645405319002243,1.7248560675751003,60.59218939800757
12,3.0,4,budget_absorption,power_draw,0.14717274412975465,1.886298210248489,237.1831900527628
12,3.0,4,budget_absorption,temperature,0.2549127892638019,1.9103010272701313,26.640400723741806
12,3.0,4,budget_absorption,vibration,0.299324699621616,0.973464180548575,28.853397543099312
12,3.0,4,sample,humidity,0.8165446188379779,2.2777379338699455,10.295986546575692
12,3.0,4,sample,power_draw,0.9556842629402506,2.3963793145818513,77.38116791216878
12,3.0,4,sample,temperature,0.5461622540222709,1.3659634487972778,9.565137187249627
12,3.0,4,sample,vibration,3.4121207586431694,2.384560045967433,7.045456675742477
12,3.0,4,uniform,humidity,0.7104038181728036,0.7251398632818354,84.49226953328429
12,3.0,4,uniform,power_draw,0.7278050299205283,0.6660830968096663,418.08798449942117
12,3.0,4,uniform,temperature,0.7631412164710625,0.8612640046681272,113.48884743059381
12,3.0,4,uniform,vibration,0.947743723426249,0.7750033659240574,49.265407356944976
12,4.0,1,budget_absorption,humidity,3.667406709575588,3.3052486771471807,149.8135572943749
12,4.0,1,budget_absorption,power_draw,3.1456128610548695,3.2888983275821975,887.0859497466139
12,4.0,1,budget_absorption,temperature,5.842646179852875,3.478646711364158,278.5401530054989
12,4.0,1,budget_absorption,vibration,0.1910801949147058,2.2935862046300324,10.059891346794988
12,4.0,1,sample,humidity,1.0712891068002741,2.2945249012124336,14.597686232094894
12,4.0,1,sample,power_draw,5.197914591804663,3.3073614592773843,164.11398689397558
12,4.0,1,sample,temperature,0.5612679015152617,2.2868635914550994,22.938140585910126
12,4.0,1,sample,vibration,1.5488708872170922,2.306731628112997,8.749450768746218
12,4.0,1,uniform,humidity,1.1718904183135306,0.8912246703042839,221.81204557803343
12,4.0,1,uniform,power_draw,0.6427411175197416,0.8324635672094142,1670.5852246668187
12,4.0,1,uniform,temperature,1.0118209079594447,0.819109765814358,319.47330178494826
12,4.0,1,uniform,vibration,0.6974628694704741,0.719365749931535,149.98522913430537
12,4.0,2,budget_absorption,humidity,3.3334109176196214,3.331206255921607,121.00505846366454
12,4.0,2,budget_absorption,power_draw,3.704054005721523,3.3235111200189147,1571.6689411518423
12,4.0,2,budget_absorption,temperature,0.2718447401211077,2.1743846409040892,19.37340538119915
12,4.0,2,budget_absorption,vibration,0.48242032564567106,1.4747182823055196,5.018478926726353
12,4.0,2,sample,humidity,0.8543713529088905,1.7504752857587744,16.94341403758551
12,4.0,2,sample,power_draw,0.33000893190208713,2.437629326098832,52.30393145001882
12,4.0,2,sample,temperature,0.3736709225913639,1.9309207330167641,6.619974544054672
12,4.0,2,sample,vibration,1.133777942922051,2.7928028976231745,11.55280547145562
12,4.0,2,uniform,humidity,0.6422650722249402,0.7533681829545685,120.42449913461256
12,4.0,2,uniform,power_draw,0.6554429829390057,0.5570372759064215,690.0732632330212
12,4.0,2,uniform,temperature,0.6461589356824129,0.7915720176924262,170.44786099403484
12,4.0,2,uniform,vibration,0.7127647940701372,0.6894877222456774,73.85122399982617
12,4.0,4,budget_absorption,humidity,0.24910484949929854,1.961030633755358,17.667363459399184
12,4.0,4,budget_absorption,power_draw,0.21455649222149648,1.983217637551936,94.7574296305388
12,4.0,4,budget_absorption,temperature,0.2631994298806136,2.0776110328711,60.875491692080075
12,4.0,4,budget_absorption,vibration,0.5374320425403353,1.5630769650380283,18.983027458314787
12,4.0,4,sample,humidity,0.5499234174454074,1.5973781104400817,7.733693571333608
12,4.0,4,sample,power_draw,0.7135019126325508,2.219181624860414,39.86311422330681
12,4.0,4,sample,temperature,0.33747459091178833,2.241025567818825,5.739470127014749
12,4.0,4,sample,vibration,0.4777714553081109,2.054253778394652,4.28100888155827
12,4.0,4,uniform,humidity,0.8989034971114671,0.6343342960312254,61.34809374861757
12,4.0,4,uniform,power_draw,0.5005934840026114,0.6057619853505607,389.87018067369297
12,4.0,4,uniform,temperature,0.8097746224697274,0.6719074978706586,83.06114803803369
12,4.0,4,uniform,vibration,0.7001003992138994,0.6236372820869943,35.948806951741325
