sensor,S,epsilon,w,strategy,mae,rmse,relative_error,noise_scale_theoretical,normalized_mae,kl_divergence,kl_global_utility
temperature,1,1.0,4,uniform,413.11341413489095,578.8101414989501,5.146642952233404,420.0,3.9344134679513423,1.0670183817200034,0.6356137024444019
temperature,1,1.0,4,sample,121.5536598149609,212.34839519208393,1.4958799557424098,420.0,1.1576539029996276,0.33568010907481244,1.4889798087590784
temperature,1,1.0,4,budget_absorption,83.6205971172789,92.1998971081198,1.0417607903544577,420.0,0.79638663921218,4.070247381244158,3.232952783401038
temperature,1,1.0,8,uniform,735.0855402160041,961.2999736901722,9.157830962143665,840.0,7.000814668723849,1.2044436919238388,0.8971433683058988
temperature,1,1.0,8,sample,151.82426113489646,205.92357798404194,1.8418609648145787,840.0,1.445945344141871,0.7812940026941022,2.433496880908025
temperature,1,1.0,8,budget_absorption,84.83686161125205,267.42072036951873,1.0569132372898038,840.0,0.8079701105833528,3.6693613818701434,3.1931500316124106
temperature,1,1.0,10,uniform,1028.8685578813595,1422.8531522587682,12.817833870835372,1050.0,9.798748170298662,0.9825785705409057,0.7968249637728877
temperature,1,1.0,10,sample,103.85850778620883,149.8846578912541,1.253450153945578,1050.0,0.9891286455829412,0.2457521339437259,1.8048682576858615
temperature,1,1.0,10,budget_absorption,3721.570755541211,3817.6562556059416,46.36401347643007,1050.0,35.44353100515439,4.26721300170388,3.4214628594135004
temperature,1,1.0,12,uniform,1123.8393416957476,1516.7509337476663,14.00099737621311,1260.0,10.703231825673788,1.0820049860111158,0.8468209231446334
temperature,1,1.0,12,sample,95.01298353983124,134.2705499304278,1.1423399001473387,1260.0,0.9048855575222022,1.8475490800643746,1.9340297883997761
temperature,1,1.0,12,budget_absorption,86.60749850171696,227.0068669824016,1.0789721575801534,1260.0,0.8248333190639711,5.416656003834355,3.214030367268881
temperature,1,2.0,4,uniform,218.02520092053908,317.55693071321645,2.71619808346522,210.0,2.076430484957515,0.9001574457264353,0.661121853355906
temperature,1,2.0,4,sample,63.80793506252001,84.38032518232255,0.7852417707754537,210.0,0.6076946196430477,0.48804334431456786,1.6111608296988613
temperature,1,2.0,4,budget_absorption,107.13764780221409,115.24279439325366,1.3347405364089326,210.0,1.020358550497277,3.310310981870518,3.1985121572327198
temperature,1,2.0,8,uniform,418.97823477518995,594.8312286231597,5.219707967267392,420.0,3.9902689026208567,0.7122613320939174,0.8196088051362651
temperature,1,2.0,8,sample,56.41130118230057,71.19807768748022,0.6843555361007868,420.0,0.5372504874504817,0.616242888340746,2.011054544433787
temperature,1,2.0,8,budget_absorption,356.6024382442695,367.6723312468114,4.442618813001914,420.0,3.3962136975644714,4.195789326367155,3.3972559496776644
temperature,1,2.0,10,uniform,546.0048135718861,795.3692497897372,6.802228466824131,525.0,5.200045843541772,0.7303318770516962,0.782802589684691
temperature,1,2.0,10,sample,66.04348707503567,82.1836464827651,0.7970672870797663,525.0,0.6289855911908159,0.3134354470546885,3.181977042583665
temperature,1,2.0,10,budget_absorption,279.6094454274044,332.98216725419445,3.4834259369194895,525.0,2.6629470993086133,3.150436122195494,3.3450015106177595
temperature,1,2.0,12,uniform,557.3726356612169,740.8611814232647,6.9438508868097335,630.0,5.308310815821113,0.8921030872787596,1.0037442403407657
temperature,1,2.0,12,sample,34.52833476177042,41.91120965537267,0.4151337324069969,630.0,0.32884128344543256,1.6736281461639955,2.2811656725951193
temperature,1,2.0,12,budget_absorption,278.8179138901452,282.13335717227756,3.4735648913365553,630.0,2.6554087037156684,5.516366665664734,3.4376492349068677
temperature,1,3.0,4,uniform,147.47709484591107,219.03528424364757,1.8372967926834998,140.0,1.4045437604372484,0.6447966284104986,0.6204792658797893
temperature,1,3.0,4,sample,23.471403230945985,43.607050995006986,0.2888469313039831,140.0,0.223537173628057,0.10163593756656214,1.2147794421455966
temperature,1,3.0,4,budget_absorption,174.0040938043651,177.4271710499841,2.167775028349921,140.0,1.6571818457558583,5.561405713209316,3.3753625597065495
temperature,1,3.0,8,uniform,286.9725225995511,377.7306064232712,3.575156507600997,280.0,2.7330716438052485,1.1505469060290676,0.9049113521083041
temperature,1,3.0,8,sample,43.03269820960261,56.84147841357495,0.5220525787541308,280.0,0.40983522104383435,0.7615743493353254,1.9855878439171832
temperature,1,3.0,8,budget_absorption,48.52689600968286,77.96811920124242,0.6045570025001616,280.0,0.462160914377932,0.0650120929522567,3.2842234711479357
temperature,1,3.0,10,uniform,339.9968951965408,469.53359427551237,4.2357439012453675,350.0,3.2380656685384834,1.015255594571818,0.763653085169319
temperature,1,3.0,10,sample,58.15306975939059,66.09298043497638,0.7018392214180769,350.0,0.5538387596132437,1.0946478270922873,3.261718680750745
temperature,1,3.0,10,budget_absorption,343.6650244431164,347.7948511387325,4.281442130566494,350.0,3.273000232791585,4.07604551988294,3.3778338635940997
temperature,1,3.0,12,uniform,374.82916434450846,513.6962228901269,4.669690721626633,420.0,3.5698015651857946,0.9551835928316937,0.8404008262391905
temperature,1,3.0,12,sample,54.63278842802111,69.02073355942221,0.6568493247185864,420.0,0.5203122707430582,1.7446619627741655,2.316324188515946
temperature,1,3.0,12,budget_absorption,599.6594564717726,615.0552535924501,7.470667883911504,420.0,5.711042442588311,5.846350041294951,3.62550802855218
temperature,1,4.0,4,uniform,99.00408285797992,141.04570243735677,1.2334110872443818,105.0,0.9428960272188565,0.6309951661754393,0.8999042472430484
temperature,1,4.0,4,sample,24.273138155491544,30.428460368434262,0.2987133491911288,105.0,0.2311727443380147,0.7489924626466131,2.055821891645865
temperature,1,4.0,4,budget_absorption,28.58029881365207,34.93726704808899,0.3560586231992411,105.0,0.27219332203478164,3.360892629034358,3.1601299861132937
temperature,1,4.0,8,uniform,204.70565138737882,280.44877139352513,2.5502606837433617,210.0,1.9495776322607508,0.8670291684277336,0.8341367585425215
temperature,1,4.0,8,sample,23.963772517828694,34.35024223897698,0.2907172861593465,210.0,0.22822640493170185,0.11471321232213134,2.5849318252321054
temperature,1,4.0,8,budget_absorption,308.4392352679189,313.19610538122174,3.8425927652534777,210.0,2.9375165263611325,4.2017713284001275,3.431064568296122
temperature,1,4.0,10,uniform,266.35530377160643,358.3566311416952,3.3183034005729883,262.5,2.536717178777204,1.0812957788671969,0.790323864100447
temperature,1,4.0,10,sample,28.060673544266525,37.10440959942118,0.33865935804007374,262.5,0.26724450994539545,0.39518342084951563,2.3530087149081695
temperature,1,4.0,10,budget_absorption,71.76866215657338,79.99338539963229,0.8941072031099472,262.5,0.6835110681578418,5.557760488063729,3.50241123823765
temperature,1,4.0,12,uniform,319.47330178494826,443.1705912805152,3.9800571968872593,315.0,3.0426028741423643,1.0118209079594447,0.819109765814358
temperature,1,4.0,12,sample,22.938140585910126,31.426155268750147,0.2757849743292119,315.0,0.21845848177057264,0.5612679015152617,2.2868635914550994
temperature,1,4.0,12,budget_absorption,278.5401530054989,282.873054614371,3.470104495110099,315.0,2.6527633619571325,5.842646179852875,3.478646711364158
temperature,2,1.0,4,uniform,206.74406804088787,301.82376072684684,2.5756556536100916,210.0,1.968991124198932,0.7441506523317791,0.6617562880204356
temperature,2,1.0,4,sample,47.36256777905646,60.05196792624776,0.5828595856433586,210.0,0.451072074086252,0.7368507071338973,1.6747580757901472
temperature,2,1.0,4,budget_absorption,158.02657304094038,183.15726424238673,1.9687241338069696,210.0,1.5050149813422893,4.617512582832593,3.155631278326812
temperature,2,1.0,8,uniform,425.19277062793697,611.3496735708197,5.297129798787728,420.0,4.049454958361305,0.8306530903122218,0.8329251953631868
temperature,2,1.0,8,sample,67.64877629364786,89.3917013399217,0.8206833311181838,420.0,0.6442740599395034,0.3386515064623328,1.590807194984535
temperature,2,1.0,8,budget_absorption,33.207880668338596,82.38819998967418,0.4137098897120466,420.0,0.3162655301746533,0.05221928382073835,2.9226460247973467
temperature,2,1.0,10,uniform,544.7852971680512,775.6159552992094,6.787035506997171,525.0,5.1884314016004875,0.7922105996877419,0.7518004020325629
temperature,2,1.0,10,sample,66.59681575109722,83.82836542241446,0.8037453140317764,525.0,0.6342553881056878,0.5318574469768763,2.1017733206253473
temperature,2,1.0,10,budget_absorption,730.2727347894272,756.8537638357029,9.097872146279421,525.0,6.954978426565973,4.509898204275197,3.3262784594298425
temperature,2,1.0,12,uniform,572.6391114772292,838.2579314041336,7.134043452520674,630.0,5.453705823592659,0.8683849122711069,0.715015668076828
temperature,2,1.0,12,sample,27.71739196266945,40.847802400634706,0.33324585322285843,630.0,0.26397516154923284,1.1369162062841243,1.8642628371026553
temperature,2,1.0,12,budget_absorption,219.52177329532068,274.25565515896375,2.734842657574019,630.0,2.0906835551935306,0.5862084832893247,3.3177953941197447
temperature,2,2.0,4,uniform,101.60908368599166,153.18206610873438,1.2658646670443132,105.0,0.9677055589142063,0.7482570861022606,0.5430213291896223
temperature,2,2.0,4,sample,29.71230300560435,42.728656496648995,0.3656495293740063,105.0,0.28297431433908904,0.7569547618072554,1.2865342156509316
temperature,2,2.0,4,budget_absorption,80.80035065146552,86.5038805631917,1.0066256407800114,105.0,0.7695271490615764,4.071202575921713,3.2464096436745704
temperature,2,2.0,8,uniform,201.39718080297695,281.98810435550365,2.509043148235489,210.0,1.9180683885997805,0.8181625108767484,0.6906790729489397
temperature,2,2.0,8,sample,10.00038197079515,14.934565584576818,0.12131995932374366,210.0,0.0952417330551919,0.1753794576241023,2.022902021731802
temperature,2,2.0,8,budget_absorption,18.634279707557575,50.62325462916864,0.2321492864802795,210.0,0.17746933054816738,0.14657742172977037,2.5308371277669686
temperature,2,2.0,10,uniform,271.6537445399343,378.2753996592505,3.384312350912317,262.5,2.5871785194279457,0.708622125687583,0.8842433363833216
temperature,2,2.0,10,sample,28.713018565884713,34.37744805491693,0.34653239593751917,262.5,0.2734573196750925,0.7601691863725676,2.966647682609987
temperature,2,2.0,10,budget_absorption,142.6204998117276,150.82972406685647,1.7767924378276427,262.5,1.3582904743974058,4.525740811282545,3.4307809973717323
temperature,2,2.0,12,uniform,268.3349617219984,385.75328316252666,3.3429663437009762,315.0,2.5555710640190323,0.6731100914533449,0.7736582124881978
temperature,2,2.0,12,sample,25.168942660136253,29.23945327261259,0.30260587947057754,315.0,0.23970421581082146,1.257469859893208,2.2361455838613002
temperature,2,2.0,12,budget_absorption,156.5145589742828,190.20607334798197,1.949887184258534,315.0,1.4906148473741219,0.29948551926242795,3.3776213809972675
temperature,2,3.0,4,uniform,63.21355594766512,83.3802816393148,0.7875261152798891,70.0,0.6020338661682393,0.8547854846142011,0.9676950593302752
temperature,2,3.0,4,sample,17.32303667599617,23.351865435842118,0.2131830779563569,70.0,0.16498130167615402,0.6320759466472706,1.6597232325956632
temperature,2,3.0,4,budget_absorption,39.426710505920916,40.199033420933254,0.4911852164858248,70.0,0.37549248100877064,5.513009366224104,3.39281366735932
temperature,2,3.0,8,uniform,139.55232614087384,210.05345218588914,1.7385685654985503,140.0,1.3290697727702272,0.8458323805274349,0.6858450263114386
temperature,2,3.0,8,sample,23.79421765302651,26.579400860384748,0.2886603257991306,140.0,0.22661159669549058,1.4795045076941722,3.0155287490892566
temperature,2,3.0,8,budget_absorption,106.84945852769613,110.41867432530547,1.3311502213819728,140.0,1.0176138907399632,4.535291309521667,3.335892799835481
temperature,2,3.0,10,uniform,182.34260563260125,265.813455754317,2.2716577435185297,175.0,1.7365962441200118,0.5615164357067548,0.5765562572635903
temperature,2,3.0,10,sample,18.45879944844872,25.19184071283479,0.2227760200246295,175.0,0.1757980899852259,0.5727234968781556,2.255192780234278
temperature,2,3.0,10,budget_absorption,108.03492249811745,110.15273836793482,1.3459189497256703,175.0,1.0289040237915947,5.569413776826262,3.3534851400759247
temperature,2,3.0,12,uniform,214.60186982063817,303.9100828579073,2.673549594513676,210.0,2.0438273316251254,0.7675624480563511,0.6716736423574833
temperature,2,3.0,12,sample,26.68358008730042,39.17310617969487,0.3208163461125475,210.0,0.2541293341647659,1.8781341133949907,2.3370760920905758
temperature,2,3.0,12,budget_absorption,41.682305332193806,49.780043694778506,0.5192858320033373,210.0,0.39697433649708386,0.9008678506546035,3.406047491989383
temperature,2,4.0,4,uniform,54.646700668882076,79.28777085266461,0.6807986553747607,52.5,0.5204447682750674,0.5154613526274702,0.664255352990637
temperature,2,4.0,4,sample,10.08137488563726,14.448913857107001,0.12406476810905193,52.5,0.09601309414892628,0.5692039516157502,1.374848210165504
temperature,2,4.0,4,budget_absorption,63.26478267341778,63.87260924161119,0.7881643072582664,52.5,0.602521739746836,3.5134794349597778,3.2704931935104677
temperature,2,4.0,8,uniform,104.81332185751609,144.91780239651735,1.3057836559672165,105.0,0.9982221129287246,0.8756581753648061,0.6896101206809768
temperature,2,4.0,8,sample,14.820116590673768,21.040228814258725,0.17979072671468363,105.0,0.14114396753022637,0.3632366694315875,2.04647366194196
temperature,2,4.0,8,budget_absorption,166.23815260355087,171.9282602334931,2.071025503446866,105.0,1.5832205009861988,3.7650553935246176,3.276509715134249
temperature,2,4.0,10,uniform,123.61695133787532,188.16194208009358,1.5400427330881052,131.25,1.1773042984559554,0.5393859966019678,0.7397280705205993
temperature,2,4.0,10,sample,13.185372341775189,18.797514267236703,0.15913195118929382,131.25,0.12557497468357323,0.09087931709102393,2.0907849430332734
temperature,2,4.0,10,budget_absorption,25.924412778375707,75.53215954176899,0.3229711061211173,131.25,0.24689916931786388,0.5652133695896688,2.9242264496144648
temperature,2,4.0,12,uniform,170.44786099403484,240.03854450532023,2.1234708254275456,157.5,1.623312961847951,0.6461589356824129,0.7915720176924262
temperature,2,4.0,12,sample,6.619974544054672,9.083658454249848,0.07959187026753133,157.5,0.06304737661004449,0.3736709225913639,1.9309207330167641
temperature,2,4.0,12,budget_absorption,19.37340538119915,72.93930461005039,0.24135745016827842,157.5,0.18450862267808713,0.2718447401211077,2.1743846409040892
temperature,4,1.0,4,uniform,109.74658292778702,155.7564620171537,1.3672431304120403,105.0,1.0452055516932097,0.6571753234906199,0.7292657542112196
temperature,4,1.0,4,sample,24.442735918775078,30.920633683358854,0.30080047593844994,105.0,0.2327879611311912,0.5529639967934491,2.0703373751879783
temperature,4,1.0,4,budget_absorption,35.22229433702817,43.04205071887832,0.4388058259758315,105.0,0.3354504222574111,0.06456667739168304,2.6650361252346073
temperature,4,1.0,8,uniform,207.09167462710147,279.39517184994287,2.579986200442691,210.0,1.9723016631152521,0.8321895961365116,0.8168795108984431
temperature,4,1.0,8,sample,32.0234616696357,44.21208471050795,0.38849366739306224,210.0,0.3049853492346257,0.47376720498644553,2.2826975992301457
temperature,4,1.0,8,budget_absorption,71.07128116144253,107.33136075816662,0.8854191023104901,210.0,0.6768693443946907,0.2788541309335846,2.261210214948565
temperature,4,1.0,10,uniform,242.93507530821557,345.56286218489373,3.026529883575912,262.5,2.3136673838877675,0.9679867589879058,0.757878469374079
temperature,4,1.0,10,sample,20.834668723438817,23.60661095490284,0.2514499704979133,262.5,0.198425416413703,1.105269421082897,2.512541869946125
temperature,4,1.0,10,budget_absorption,52.66795306053993,187.7482016088227,0.65614705345559,262.5,0.5015995529575231,0.31432171082754023,2.158149991452277
temperature,4,1.0,12,uniform,251.37414065984035,368.5644344982651,3.131665313047091,315.0,2.3940394348556224,0.5323497486089157,0.6289976257042538
temperature,4,1.0,12,sample,45.434811653897356,60.68641654413513,0.5462621662245555,315.0,0.43271249194187955,1.3129406567503659,2.8332201859853163
temperature,4,1.0,12,budget_absorption,226.58060439115195,429.6717963417634,2.822782874636309,315.0,2.157910518010971,0.30964588471172805,1.9182281064177304
temperature,4,2.0,4,uniform,52.92100263407646,74.5136466936571,0.6592995916198003,52.5,0.5040095488959663,0.6277363294629088,0.6205507312645039
temperature,4,2.0,4,sample,17.61937019664129,23.941656631804115,0.2168298572834657,52.5,0.167803525682298,0.23866713445097062,1.4203306040751882
temperature,4,2.0,4,budget_absorption,10.235149759396483,20.907081860241615,0.12751137961608577,52.5,0.09747761675615699,0.10185955075827656,1.7537451684205747
temperature,4,2.0,8,uniform,113.61223402986968,154.01139923747593,1.415402123365561,105.0,1.0820212764749493,0.8049989425688329,0.7134674144243043
temperature,4,2.0,8,sample,24.797354902572124,30.732300590008215,0.3008299179873507,105.0,0.23616528478640117,0.3386515064623328,2.8448213931145516
temperature,4,2.0,8,budget_absorption,32.81018489126908,45.25659923716057,0.40875532252019187,105.0,0.31247795134541984,0.39792094896138275,2.786114000665778
temperature,4,2.0,10,uniform,110.38530027090621,156.8055298344731,1.3752003886369217,131.25,1.0512885740086306,0.7763564477815705,0.6640810635511156
temperature,4,2.0,10,sample,8.611387810045965,14.617184410976597,0.10392933237984088,131.25,0.082013217238533,0.14610961629992256,1.61628977966709
temperature,4,2.0,10,budget_absorption,37.92627840753845,75.31910228048476,0.47249255722997346,131.25,0.3612026515003662,0.4128806604334274,2.441519144342189
temperature,4,2.0,12,uniform,161.97409789083915,219.619286308192,2.01790312498072,157.5,1.5426104561032299,0.9237111792869318,0.8788141761030891
temperature,4,2.0,12,sample,14.302106159201223,17.413355018893675,0.17195404157526978,157.5,0.13621053484953546,0.8822381374510049,2.3108990559115483
temperature,4,2.0,12,budget_absorption,75.42256948540684,133.90521208322286,0.9396282531621111,157.5,0.7183101855753032,0.3031581048246009,2.419465764418546
temperature,4,3.0,4,uniform,36.369146952516246,49.216033308115854,0.45309352695284427,35.0,0.34637282811920234,0.7890287010641309,0.713568311692081
temperature,4,3.0,4,sample,10.243222231360896,14.190156045145502,0.12605651562802134,35.0,0.09755449744153234,0.2564910741454154,0.9865508788155901
temperature,4,3.0,4,budget_absorption,20.409593852803088,28.715438874677304,0.2542664768715958,35.0,0.19437708431241035,0.08778467533182727,1.7950321721666773
temperature,4,3.0,8,uniform,59.89606284197394,86.87574602936698,0.7461961755410808,70.0,0.5704386937330851,0.6126155494041977,0.5625175968540582
temperature,4,3.0,8,sample,8.365926364923295,15.071408437195645,0.1014915079505936,70.0,0.07967548918974567,0.15956843043617944,1.9969788764299636
temperature,4,3.0,8,budget_absorption,11.926212149624616,18.405750396632996,0.14857894613575529,70.0,0.11358297285356778,0.2423123867774576,2.4399721208012686
temperature,4,3.0,10,uniform,84.80899474803532,116.42083071462801,1.0565660667785883,87.5,0.8077047118860506,0.8573532793183144,0.5771543997106154
temperature,4,3.0,10,sample,9.714983504873048,13.443364360928564,0.11724843567778341,87.5,0.09252365242736237,0.19157629732402098,2.409157056005321
temperature,4,3.0,10,budget_absorption,23.555975159827764,34.68045775080782,0.29346467432724654,87.5,0.22434262056978824,0.38106001180023896,2.675877887787464
temperature,4,3.0,12,uniform,113.48884743059381,158.18122734521344,1.4138649504008605,105.0,1.0808461660056554,0.7631412164710625,0.8612640046681272
temperature,4,3.0,12,sample,9.565137187249627,13.97268020822842,0.11500152350018229,105.0,0.09109654464047263,0.5461622540222709,1.3659634487972778
temperature,4,3.0,12,budget_absorption,26.640400723741806,40.97578848052581,0.33189101573145807,105.0,0.2537181021308743,0.2549127892638019,1.9103010272701313
temperature,4,4.0,4,uniform,27.333854880301015,36.9775421511258,0.3405301952532033,26.25,0.26032242743143824,0.7784807130072564,0.7626471636418338
temperature,4,4.0,4,sample,6.173733782736302,9.280445765934072,0.07597603092941452,26.25,0.05879746459748859,0.07769882736255909,0.9273705810047482
temperature,4,4.0,4,budget_absorption,19.934994240534365,24.92736705615235,0.24835382754567012,26.25,0.1898570880050892,0.48719964840980445,2.7677566889181757
temperature,4,4.0,8,uniform,59.23554792631742,79.27116719527021,0.7379673591454005,52.5,0.5641480754887374,0.743283764180215,0.7824415299067929
temperature,4,4.0,8,sample,7.672798107927529,13.5741554567749,0.09308279994419556,52.5,0.0730742676945479,0.0886902182640433,1.9086102684169537
temperature,4,4.0,8,budget_absorption,37.05849759880015,46.40732155726074,0.46168158418827493,52.5,0.35293807236952524,0.49127122860261907,2.5347807204960455
temperature,4,4.0,10,uniform,70.52595815552398,102.5688527970194,0.878625367928907,65.625,0.6716757919573713,0.9491970680576408,0.6675810855772326
temperature,4,4.0,10,sample,9.958566822658183,12.763884565621522,0.1201882001100324,65.625,0.09484349354912555,0.8543074833072797,2.6060448998673067
temperature,4,4.0,10,budget_absorption,35.917027122750206,57.79992802403583,0.44746093489503574,65.625,0.3420669249785734,0.26386365491792596,2.2226698234504307
temperature,4,4.0,12,uniform,83.06114803803369,116.79292952155807,1.034791070751282,78.75,0.791058552743178,0.8097746224697274,0.6719074978706586
temperature,4,4.0,12,sample,5.739470127014749,6.794590051543298,0.06900557679092441,78.75,0.05466162025728332,0.33747459091178833,2.241025567818825
temperature,4,4.0,12,budget_absorption,60.875491692080075,108.39380627271474,0.7583980804324258,78.75,0.5797665875436198,0.2631994298806136,2.0776110328711
vibration,1,1.0,4,uniform,193.40227738659857,265.53332105830333,8.87521759774456,200.0,3.8680455477319713,0.9109789235037431,0.8088053933096744
vibration,1,1.0,4,sample,48.848002756698556,77.02271327151394,2.211892961299786,200.0,0.9769600551339711,0.3690286480740108,1.319202732882323
vibration,1,1.0,4,budget_absorption,44.58612200508463,46.21722635110235,2.0460541622460395,200.0,0.8917224401016927,3.3299976498738992,3.218653125377541
vibration,1,1.0,8,uniform,469.3286644314849,652.7663265119473,21.53746107840248,400.0,9.386573288629698,0.7541128500614417,0.6558983636899
vibration,1,1.0,8,sample,47.62790016655065,58.95663722384819,2.1250360198171587,400.0,0.952558003331013,0.9519896329609479,2.474457393873501
vibration,1,1.0,8,budget_absorption,441.3046545757729,444.71570421456636,20.25144113700536,400.0,8.826093091515457,5.845144104663467,3.6453498023756707
vibration,1,1.0,10,uniform,458.59024816956645,688.0116897957064,21.04467587303918,500.0,9.17180496339133,0.7343561042292697,0.6924356700695089
vibration,1,1.0,10,sample,37.12788055552647,48.289102465930846,1.6478740931748184,500.0,0.7425576111105293,0.7266233313436748,2.8302525727301293
vibration,1,1.0,10,budget_absorption,77.02925156008861,200.24956969946564,3.534867211623452,500.0,1.5405850312017721,3.3319958339391116,2.8959760625005
vibration,1,1.0,12,uniform,589.3200657780151,777.7644913190384,27.043858475574744,600.0,11.786401315560301,1.2681767220595836,0.8176030505548408
vibration,1,1.0,12,sample,48.22874845372171,71.49169616340448,2.1324962023894662,600.0,0.9645749690744342,1.3565716048332337,2.8918747254954824
vibration,1,1.0,12,budget_absorption,80.9539010453192,87.43651270120107,3.7149691144912786,600.0,1.619078020906384,5.474560214780585,3.646283380423001
vibration,1,2.0,4,uniform,102.8387044590215,142.12999671772656,4.719261282117686,100.0,2.05677408918043,0.8836338981682996,0.7772688776969957
vibration,1,2.0,4,sample,23.05525861923753,30.957605593650484,1.0439682562834085,100.0,0.46110517238475063,0.8453986657935805,1.8175875163268824
vibration,1,2.0,4,budget_absorption,6.8658777276044045,26.955748191904934,0.3150746705541095,100.0,0.13731755455208808,0.11586738528209273,1.7649787304565794
vibration,1,2.0,8,uniform,183.59255146806274,259.6169730336948,8.425049930239767,200.0,3.671851029361255,0.7224806303772626,0.8412913177009866
vibration,1,2.0,8,sample,16.92030687290587,21.355365016148784,0.7549411467973365,200.0,0.3384061374581174,0.5839454708356022,2.8951550262932177
vibration,1,2.0,8,budget_absorption,321.80587142047267,328.76990211233954,14.767649955741472,200.0,6.436117428409453,5.464542501511008,3.2095439633458924
vibration,1,2.0,10,uniform,263.8250650984368,373.56729016867996,12.106914624419002,250.0,5.276501301968737,0.7303288318042116,0.7432333090841525
vibration,1,2.0,10,sample,17.91956294662705,27.263612938163927,0.7953371724680018,250.0,0.358391258932541,0.52557178871895,2.5622342878835096
vibration,1,2.0,10,budget_absorption,33.110004756141684,87.31966759305477,1.5194159078370661,250.0,0.6622000951228337,0.16599338072642328,1.7154409563309743
vibration,1,2.0,12,uniform,284.6200196203125,397.44411520358057,13.061193699157744,300.0,5.692400392406251,0.8589288598427046,0.8797481235646218
vibration,1,2.0,12,sample,23.347546607003974,31.221179779022,1.0323418307717867,300.0,0.4669509321400795,1.8519182105108043,3.182942600976891
vibration,1,2.0,12,budget_absorption,78.10820402772492,101.0172612160519,3.584380268332469,300.0,1.5621640805544985,5.846620158527104,3.2916758777702175
vibration,1,3.0,4,uniform,65.51994416499512,96.20951964156626,3.0067058636234028,66.66666666666667,1.3103988832999025,0.5155121907539375,0.7756304573484988
vibration,1,3.0,4,sample,17.49258237238778,22.914613367746895,0.7920839674276227,66.66666666666667,0.3498516474477556,0.8181144725866139,1.8297479824161493
vibration,1,3.0,4,budget_absorption,6.735650502903044,24.960350830272752,0.30909855190652713,66.66666666666667,0.13471301005806088,0.03381998538731433,1.803107935666038
vibration,1,3.0,8,uniform,150.16206561186291,201.16373906909635,6.890927166116335,133.33333333333334,3.0032413122372583,0.8923140120211073,0.9378678503004972
vibration,1,3.0,8,sample,11.542057155577346,14.426182386679343,0.5149772950858726,133.33333333333334,0.23084114311154694,0.6162428883407461,2.551607605712515
vibration,1,3.0,8,budget_absorption,26.543746496721337,41.61902446288615,1.2180907546753423,133.33333333333334,0.5308749299344268,0.1263228789443575,3.1508418869989168
vibration,1,3.0,10,uniform,179.04171520114184,236.25405627171608,8.21621235776437,166.66666666666666,3.580834304022837,1.0506153300658565,0.8758837196700272
vibration,1,3.0,10,sample,19.40026581688829,27.289843971558817,0.8610562995251991,166.66666666666666,0.3880053163377658,0.518597653233159,2.051731646809682
vibration,1,3.0,10,budget_absorption,38.862416829564985,52.52893464296827,1.7833937138557168,166.66666666666666,0.7772483365912997,5.495828401322537,3.4497310436285518
vibration,1,3.0,12,uniform,198.61709423961614,293.6875412719233,9.114525194988621,200.0,3.9723418847923226,0.7302383091381303,0.7406355852053281
vibration,1,3.0,12,sample,19.5912437665574,24.12371338952987,0.8662520648313864,200.0,0.391824875331148,1.3109115560601121,2.446960239798903
vibration,1,3.0,12,budget_absorption,21.684202730612938,75.62020883168461,0.9950866156715287,200.0,0.4336840546122588,0.14910587311497125,2.194105900016832
vibration,1,4.0,4,uniform,47.58014520494025,70.31366147563051,2.183449687006574,50.0,0.951602904098805,0.49184840569768984,0.7933394385474754
vibration,1,4.0,4,sample,12.454066214874556,17.620683526834725,0.5639342418450252,50.0,0.24908132429749114,0.2939695690534594,1.730608892269048
vibration,1,4.0,4,budget_absorption,15.373727130672846,19.735301230641802,0.7054993116773159,50.0,0.3074745426134569,5.660701563747894,3.07990280930196
vibration,1,4.0,8,uniform,112.79120475798207,155.5226207258782,5.175980856408561,100.0,2.2558240951596416,0.7512499676711517,0.855179210484494
vibration,1,4.0,8,sample,11.835623242192026,17.558176690160245,0.5280754687628866,100.0,0.23671246484384054,0.322567923039828,1.9333598432329344
vibration,1,4.0,8,budget_absorption,36.2170177714716,40.02358374220917,1.6619965276865214,100.0,0.7243403554294321,5.492423028066846,3.2698899396760113
vibration,1,4.0,10,uniform,118.07226457309007,164.264468343163,5.418328338760575,125.0,2.361445291461801,0.8019050933174258,0.7079280683415643
vibration,1,4.0,10,sample,9.447133267936902,12.653103337877672,0.4192990802079581,125.0,0.18894266535873805,0.5727234968781556,1.866503859896759
vibration,1,4.0,10,budget_absorption,19.43893301422213,26.23846919877566,0.8920513382804495,125.0,0.3887786602844426,5.433734335471735,2.6459479771641115
vibration,1,4.0,12,uniform,149.98522913430537,225.68654668748363,6.882812151966814,150.0,2.9997045826861073,0.6974628694704741,0.719365749931535
vibration,1,4.0,12,sample,8.749450768746218,11.321226759872397,0.38686822974990753,150.0,0.17498901537492437,1.5488708872170922,2.306731628112997
vibration,1,4.0,12,budget_absorption,10.059891346794988,17.476178669287417,0.4616477423065745,150.0,0.20119782693589974,0.1910801949147058,2.2935862046300324
vibration,2,1.0,4,uniform,100.9973894754798,144.77796618513335,4.634763460449055,100.0,2.019947789509596,0.778707181135165,0.705272293618571
vibration,2,1.0,4,sample,18.798645414537283,24.567120687066254,0.8512239831276119,100.0,0.37597290829074564,0.6234281660518931,1.9626099578587104
vibration,2,1.0,4,budget_absorption,29.835782798390852,50.29462576215511,1.369162080782776,100.0,0.5967156559678171,0.3991526577706689,2.394037896649472
vibration,2,1.0,8,uniform,212.86438439362,303.3306729625707,9.768332389007476,200.0,4.257287687872401,0.8894338562751324,0.7364656615379321
vibration,2,1.0,8,sample,26.691248794183288,38.79856425439393,1.190895775442468,200.0,0.5338249758836657,0.33066688149775686,1.4618696139548828
vibration,2,1.0,8,budget_absorption,43.96945681804182,68.03404548405982,2.017755437981182,200.0,0.8793891363608364,0.42772871443716676,3.395553375410627
vibration,2,1.0,10,uniform,247.37956563431132,358.7236487686539,11.352231751911011,250.0,4.947591312686226,0.6762436854081276,0.616420973510609
vibration,2,1.0,10,sample,24.176615199005088,39.45049210900228,1.0730485352514114,250.0,0.4835323039801018,0.25057488782917164,1.198032736625407
vibration,2,1.0,10,budget_absorption,88.37255587292327,189.84246548796827,4.055410689261001,250.0,1.7674511174584655,0.15720036488797276,2.254966235532206
vibration,2,1.0,12,uniform,288.3081140097482,382.82981098934863,13.230440104471949,300.0,5.766162280194964,1.0528394002455055,0.9570717899234318
vibration,2,1.0,12,sample,48.42677804961377,64.65879520782484,2.141252335914386,300.0,0.9685355609922754,1.1134422982342527,2.297745116182719
vibration,2,1.0,12,budget_absorption,70.51167305672328,112.4902399844507,3.2357759692172348,300.0,1.4102334611344656,0.8351652872613796,2.746298089328296
vibration,2,2.0,4,uniform,58.77048730765614,90.21894116776272,2.6969737390335218,50.0,1.1754097461531228,0.44647715074564087,0.5386277018509805
vibration,2,2.0,4,sample,13.861445311611343,18.334063197156997,0.6276619633950258,50.0,0.27722890623222685,0.6630123138958348,1.4281679983836493
vibration,2,2.0,4,budget_absorption,16.060066759120613,23.357219355371516,0.7369953914067845,50.0,0.32120133518241223,0.052396146843438976,2.101063685462516
vibration,2,2.0,8,uniform,107.96804034778283,153.02890161477026,4.954646163618734,100.0,2.1593608069556565,0.670609866897583,0.7384936960962731
vibration,2,2.0,8,sample,16.231961403469363,19.713263298243806,0.72422891905865,100.0,0.3246392280693873,0.7645158481295339,2.709841354914816
vibration,2,2.0,8,budget_absorption,20.071301046417517,26.774275369227798,0.9210706650610373,100.0,0.40142602092835034,0.6771463784078643,3.0966537177111824
vibration,2,2.0,10,uniform,128.42360494195617,183.00143612391554,5.893350657232871,125.0,2.5684720988391234,0.7293937387650754,0.8221072332813865
vibration,2,2.0,10,sample,18.50816884298568,23.703056730225423,0.8214617018832676,125.0,0.37016337685971357,0.40215755633530675,2.165462616692891
vibration,2,2.0,10,budget_absorption,81.0710601005888,107.90695818644984,3.7203455357160675,125.0,1.621421202011776,0.4277287144371667,2.688465457167548
vibration,2,2.0,12,uniform,145.91651236582996,198.554005933175,6.696099011088807,150.0,2.9183302473165993,1.0606567434008793,0.8996386239864097
vibration,2,2.0,12,sample,16.188798095531883,21.754858630786472,0.7158085491913182,150.0,0.3237759619106377,3.1894723256680595,1.358798411736867
vibration,2,2.0,12,budget_absorption,19.91505775160688,51.28135173263277,0.9139006706929718,150.0,0.3983011550321376,0.32831611338848343,2.4022725523018598
vibration,2,3.0,4,uniform,31.178915112491676,45.586160174560426,1.4307983330094163,33.333333333333336,0.6235783022498336,0.41706500706214245,0.6805690851171144
vibration,2,3.0,4,sample,6.390643194399918,9.83791508976128,0.2893755712035363,33.333333333333336,0.12781286388799837,0.24315197237726455,1.30609731659378
vibration,2,3.0,4,budget_absorption,10.365299252432896,12.534360925660884,0.4756628907072815,33.333333333333336,0.20730598504865794,0.3038060953992998,2.6421336754774023
vibration,2,3.0,8,uniform,75.96597644999102,107.95605512033384,3.486073587805267,66.66666666666667,1.5193195289998203,0.8370987025263514,0.8421490299230131
vibration,2,3.0,8,sample,5.431329304524969,7.193847033130041,0.242332128169486,66.66666666666667,0.10862658609049937,0.8493896919994076,1.7969877422812666
vibration,2,3.0,8,budget_absorption,13.189264218747521,27.39677305519211,0.6052544544836985,66.66666666666667,0.2637852843749504,0.3261127270821774,2.1596741661015235
vibration,2,3.0,10,uniform,79.67450675445758,113.59307601132551,3.656257795895938,83.33333333333333,1.5934901350891517,0.7205795694296957,0.7660364102559603
vibration,2,3.0,10,sample,11.379381273895406,13.470758150836275,0.5050594678995137,83.33333333333333,0.22758762547790812,0.6910980820534802,2.491334892551439
vibration,2,3.0,10,budget_absorption,23.317158973630917,32.84646927113007,1.070022868647546,83.33333333333333,0.46634317947261833,0.22313147597219596,2.2735994184963153
vibration,2,3.0,12,uniform,103.25318758691233,139.51506752327523,4.738281885185724,100.0,2.0650637517382466,0.9289153698290858,0.8706430295378176
vibration,2,3.0,12,sample,4.731488497976817,6.716027200463776,0.20920885523842342,100.0,0.09462976995953634,0.5313898190225573,1.7654679224560244
vibration,2,3.0,12,budget_absorption,14.864030237144618,26.256615752366503,0.682109355260645,100.0,0.29728060474289236,0.10946541532857265,2.899175430181346
vibration,2,4.0,4,uniform,26.29804581640493,34.552237060736566,1.2068155668585876,25.0,0.5259609163280986,0.9856837169494593,0.8821129334771941
vibration,2,4.0,4,sample,6.220467538154731,9.338326836848118,0.2816698244996614,25.0,0.12440935076309462,0.1538987369076981,1.0746771691453432
vibration,2,4.0,4,budget_absorption,18.43726457679075,27.79999756543513,0.8460848405580585,25.0,0.368745291535815,0.4322195455954463,1.926105215996241
vibration,2,4.0,8,uniform,51.21670923651823,68.53067428690878,2.3503313676388524,50.0,1.0243341847303646,0.6250081116776733,0.7517745635847999
vibration,2,4.0,8,sample,5.41939860375763,6.7246364664453715,0.24179981058286978,50.0,0.10838797207515259,0.21197683747870194,1.8088454388640747
vibration,2,4.0,8,budget_absorption,21.503796423164694,27.770805549272616,0.9868077822666449,50.0,0.4300759284632939,0.42772871443716676,2.3500092163317694
vibration,2,4.0,10,uniform,59.66759760797172,83.44057231007868,2.7381420708239648,62.5,1.1933519521594345,1.0677311082659937,0.7504683057532225
vibration,2,4.0,10,sample,6.819026794090863,8.056028459368738,0.3026538931529358,62.5,0.13638053588181726,0.5284511346432641,2.069449070916248
vibration,2,4.0,10,budget_absorption,78.24615632350087,114.29954432876505,3.590710889975939,62.5,1.5649231264700174,0.13407246527606334,2.453370173982967
vibration,2,4.0,12,uniform,73.85122399982617,104.10085318784498,3.389027739047971,75.0,1.4770244799965235,0.7127647940701372,0.6894877222456774
vibration,2,4.0,12,sample,11.55280547145562,12.846830674832338,0.5108221669584343,75.0,0.23105610942911242,1.133777942922051,2.7928028976231745
vibration,2,4.0,12,budget_absorption,5.018478926726353,8.850821012269275,0.23029766291406806,75.0,0.10036957853452706,0.48242032564567106,1.4747182823055196
vibration,4,1.0,4,uniform,46.714186667330395,65.54401019287349,2.1437109075270064,50.0,0.9342837333466079,0.9735519699372982,0.7965624548454107
vibration,4,1.0,4,sample,18.652994419287324,28.28555161609815,0.8446287408859932,50.0,0.3730598883857465,0.5950573642418343,1.5497105082990144
vibration,4,1.0,4,budget_absorption,31.980508617808297,45.88487697558631,1.4675834054540533,50.0,0.6396101723561659,0.514575105586588,1.2300849518831163
vibration,4,1.0,8,uniform,92.88720435675317,127.55368703300836,4.262587606786246,100.0,1.8577440871350634,0.8853868158628415,0.8179642420401813
vibration,4,1.0,8,sample,14.490639316729753,20.03348289202672,0.6465355472432861,100.0,0.28981278633459506,0.23476061776803925,2.323249016089908
vibration,4,1.0,8,budget_absorption,34.51684861066614,56.27719015005487,1.5839758784003675,100.0,0.6903369722133228,0.6022190627215144,1.9396430273448642
vibration,4,1.0,10,uniform,121.96707805658352,175.25632166994708,5.597061069500534,125.0,2.43934156113167,0.9909127829754799,0.7033111036549436
vibration,4,1.0,10,sample,11.081682334531585,13.286013693192052,0.49184647641163204,125.0,0.2216336466906317,0.7671433218583587,2.3628058592014693
vibration,4,1.0,10,budget_absorption,39.785500142232685,81.94613196001151,1.8257539454490412,125.0,0.7957100028446537,0.5961125915118481,1.1440170931540634
vibration,4,1.0,12,uniform,140.2078563248145,193.49956490592638,6.434129166476201,150.0,2.80415712649629,0.7332881727951784,0.8689951159760386
vibration,4,1.0,12,sample,6.172030937296068,7.423087617815261,0.27290429374180647,150.0,0.12344061874592135,4.711414676550043,2.84552280065668
vibration,4,1.0,12,budget_absorption,77.29511364390872,128.92495759882195,3.547067604901017,150.0,1.5459022728781744,0.5553746158742618,1.0888304013959922
vibration,4,2.0,4,uniform,25.644392115434695,36.85242682501752,1.1768194421589522,25.0,0.5128878423086939,0.972714368658312,0.6838050638851108
vibration,4,2.0,4,sample,5.248542212151634,7.68366031464356,0.23765994351838732,25.0,0.10497084424303267,0.17205312202183445,1.3339338265760754
vibration,4,2.0,4,budget_absorption,13.742976598256796,20.824907087040412,0.6306642786135681,25.0,0.2748595319651359,0.14354498898634752,1.599654050382684
vibration,4,2.0,8,uniform,49.458507936002235,69.35086157880633,2.269647627335605,50.0,0.9891701587200447,0.293438443472131,0.6922070333515722
vibration,4,2.0,8,sample,7.249566812012009,10.618565631410366,0.3234572708375668,50.0,0.1449913362402402,0.272682338084305,1.478448537653157
vibration,4,2.0,8,budget_absorption,14.616133746657288,24.406162689564688,0.6707334018617388,50.0,0.2923226749331458,0.4269060459793057,1.7042929945544252
vibration,4,2.0,10,uniform,52.99832481544514,74.76912260284276,2.432089587615241,62.5,1.0599664963089028,0.8183622986597502,0.6655417699254471
vibration,4,2.0,10,sample,6.028122688058287,6.6874351304355315,0.26755061316453166,62.5,0.12056245376116576,1.621396333400267,2.8342806262620295
vibration,4,2.0,10,budget_absorption,29.333351400830626,50.93720113878173,1.3461055374910325,62.5,0.5866670280166125,0.4444078442910977,1.543420287204352
vibration,4,2.0,12,uniform,76.77673140601333,107.89565911682199,3.52327907861117,75.0,1.5355346281202664,0.6818354162892656,0.7011407489724604
vibration,4,2.0,12,sample,7.111134775630012,8.274845683025296,0.3144279789524677,75.0,0.14222269551260022,1.9573078674720656,2.7749573350512393
vibration,4,2.0,12,budget_absorption,36.10725431183815,65.63916916409815,1.6569594898517452,75.0,0.722145086236763,0.6891236312460898,1.7794190478135734
vibration,4,3.0,4,uniform,14.494043285910939,20.21319251738383,0.6651306787688419,16.666666666666668,0.2898808657182188,0.49738994381242974,0.6722065862906984
vibration,4,3.0,4,sample,4.947005814912607,6.787436587663868,0.22400603349159018,16.666666666666668,0.09894011629825213,0.23772937625199578,1.3475848627961202
vibration,4,3.0,4,budget_absorption,8.723467002891582,16.428445733715492,0.40031931838447016,16.666666666666668,0.17446934005783163,0.08770778641026565,1.4549011101025113
vibration,4,3.0,8,uniform,31.915134492378538,44.55432451761102,1.464583391202455,33.333333333333336,0.6383026898475708,0.7315061545236698,0.6483830030559603
vibration,4,3.0,8,sample,5.954980244194482,8.792744142361784,0.2656961040054463,33.333333333333336,0.11909960488388965,0.446435015941697,1.299598865431437
vibration,4,3.0,8,budget_absorption,7.608125832090019,12.981820820632276,0.3491363865165077,33.333333333333336,0.1521625166418004,0.3329819398883196,1.0169765617029025
vibration,4,3.0,10,uniform,47.357189254142696,63.79255838443463,2.173218253309002,41.666666666666664,0.9471437850828539,0.8354682069170167,0.7803010369959862
vibration,4,3.0,10,sample,3.0763892005542965,3.9394929430383954,0.13654164978619074,41.666666666666664,0.06152778401108593,0.2773098535502456,1.7084627810751798
vibration,4,3.0,10,budget_absorption,9.311068147609788,20.401130613118994,0.42728429568736537,41.666666666666664,0.18622136295219577,0.1496350020374999,1.1099206274541233
vibration,4,3.0,12,uniform,49.265407356944976,67.77533626247634,2.260786254654053,50.0,0.9853081471388996,0.947743723426249,0.7750033659240574
vibration,4,3.0,12,sample,7.045456675742477,8.074408229143655,0.31152393721220323,50.0,0.14090913351484954,3.4121207586431694,2.384560045967433
vibration,4,3.0,12,budget_absorption,28.853397543099312,52.923360257616984,1.3240804870014382,50.0,0.5770679508619863,0.299324699621616,0.973464180548575
vibration,4,4.0,4,uniform,14.072017761543917,19.67918583915795,0.6457639556300424,12.5,0.28144035523087835,0.7573377192319524,0.6911298999799048
vibration,4,4.0,4,sample,2.6096458103376685,3.5740910910033254,0.11816772178223423,12.5,0.05219291620675337,0.05407048032670696,1.2015406306165985
vibration,4,4.0,4,budget_absorption,6.954380896599175,9.484592877131703,0.3191360750708123,12.5,0.1390876179319835,0.518800763024024,1.7675008655525069
vibration,4,4.0,8,uniform,24.108336854516388,33.95763096259861,1.106329968782384,25.0,0.48216673709032776,0.8773223443802545,0.6245034316439622
vibration,4,4.0,8,sample,3.3549556977609494,4.83013369174034,0.14968960793362554,25.0,0.06709911395521899,0.035766624561792,1.9650302974364047
vibration,4,4.0,8,budget_absorption,4.024207593635566,6.2052364065553425,0.18467061781603672,25.0,0.08048415187271132,0.17366035013675307,1.6217928499152878
vibration,4,4.0,10,uniform,29.32272523010183,42.056594135182834,1.3456179032256907,31.25,0.5864545046020366,0.24889272633234666,0.5947433128964056
vibration,4,4.0,10,sample,3.6466066528164616,4.400389610175039,0.1618500313312586,31.25,0.07293213305632923,0.4169298668200767,2.3746513700623386
vibration,4,4.0,10,budget_absorption,10.831176286594532,18.793960065981768,0.4970419567030313,31.25,0.21662352573189064,0.4029070905615222,0.9263019923764825
vibration,4,4.0,12,uniform,35.948806951741325,52.67273096473106,1.64968835107484,37.5,0.7189761390348265,0.7001003992138994,0.6236372820869943
vibration,4,4.0,12,sample,4.28100888155827,5.834169982208994,0.18929031905272475,37.5,0.0856201776311654,0.4777714553081109,2.054253778394652
vibration,4,4.0,12,budget_absorption,18.983027458314787,33.83007874219021,0.8711298627560937,37.5,0.3796605491662957,0.5374320425403353,1.5630769650380283
power_draw,1,1.0,4,uniform,1974.7186645761801,2616.9886468465297,5.857037132800808,2000.0,3.94943732915236,0.9297680380096003,0.8863608877914259
power_draw,1,1.0,4,sample,388.0237614157201,487.8902150993492,1.1348545385817583,2000.0,0.7760475228314402,0.6575361028699617,1.5859046751737462
power_draw,1,1.0,4,budget_absorption,1204.708461817171,1213.0405424719168,3.573178459108198,2000.0,2.4094169236343417,5.77192287848993,3.5559047407806834
power_draw,1,1.0,8,uniform,3922.2950115130434,5709.669923829402,11.633569854955416,4000.0,7.844590023026087,0.8477574165241735,0.6392068812404665
power_draw,1,1.0,8,sample,423.6327053477964,571.1434846632277,1.2210853416314957,4000.0,0.8472654106955928,0.7645158481295339,2.501263927433705
power_draw,1,1.0,8,budget_absorption,1685.9322418488737,1736.3630771035234,5.000493448019479,4000.0,3.371864483697747,3.8718796518439254,3.39076253156842
power_draw,1,1.0,10,uniform,4493.077452336334,6226.730658216738,13.32651681019686,5000.0,8.986154904672668,0.8425858973567143,0.7703231321084897
power_draw,1,1.0,10,sample,234.07633323827545,308.72069453742296,0.671207407034466,5000.0,0.4681526664765509,0.5248833114910852,1.8672484613854792
power_draw,1,1.0,10,budget_absorption,8035.924222512611,8235.033302451375,23.834639035901052,5000.0,16.07184844502522,5.841109392354488,3.3344807605516085
power_draw,1,1.0,12,uniform,5958.681590434071,8820.167577229266,17.673514695420835,6000.0,11.917363180868142,0.3259397286807025,0.6719508568434321
power_draw,1,1.0,12,sample,370.40921531319583,433.6569088120784,1.0581048485683777,6000.0,0.7408184306263916,5.388051642442225,3.437781354071013
power_draw,1,1.0,12,budget_absorption,2679.8491240247176,2889.74377465881,7.94846177902775,6000.0,5.359698248049435,3.3320002906016524,3.350643513309416
power_draw,1,2.0,4,uniform,832.1591094059114,1122.2290990237839,2.4681930097799234,1000.0,1.6643182188118228,0.9244614742454467,0.7984957000553226
power_draw,1,2.0,4,sample,349.35920508391024,607.438408738481,1.0217721668339266,1000.0,0.6987184101678204,0.08836984700518323,1.313557313362158
power_draw,1,2.0,4,budget_absorption,51.29761037638531,87.0390534329535,0.15214927279928284,1000.0,0.10259522075277061,3.4977380606207333,2.51873797523517
power_draw,1,2.0,8,uniform,2011.0078366728576,2763.297511045674,5.964671213696303,2000.0,4.022015673345715,0.9508475222393917,0.8626767201573189
power_draw,1,2.0,8,sample,252.1431634404335,306.1866627061776,0.7267812824246794,2000.0,0.504286326880867,0.446435015941697,2.676733841965
power_draw,1,2.0,8,budget_absorption,208.8843544178829,376.7776251549838,0.6195532772508855,2000.0,0.4177687088357658,1.2663323606790848,3.1935240941858756
power_draw,1,2.0,10,uniform,2823.0852520108365,3968.5810432596845,8.373301699479589,2500.0,5.646170504021673,0.8826740432418098,0.7805755462856064
power_draw,1,2.0,10,sample,227.9481820371957,323.21581341192814,0.6536351030740958,2500.0,0.4558963640743914,0.38480297303011224,1.9360806856170132
power_draw,1,2.0,10,budget_absorption,1557.044226713332,1603.0726651219225,4.618210187034614,2500.0,3.114088453426664,3.271253256741121,3.3881408455067525
power_draw,1,2.0,12,uniform,2898.4524521544063,4037.7161722654305,8.596841638486982,3000.0,5.796904904308812,0.9831249986195174,0.7188624966703906
power_draw,1,2.0,12,sample,258.25147645096473,345.9098827436103,0.7377169035917699,3000.0,0.5165029529019295,5.446740878267221,2.617338116183335
power_draw,1,2.0,12,budget_absorption,772.8596947064824,791.1113223450856,2.2923102979393217,3000.0,1.5457193894129648,3.810941577610165,3.3843977981135787
power_draw,1,3.0,4,uniform,704.3066027611561,982.6141657749707,2.088981078291591,666.6666666666666,1.4086132055223122,0.6886186472244975,0.7632756319805217
power_draw,1,3.0,4,sample,125.26885776154067,170.8896224964654,0.3663742943343307,666.6666666666666,0.25053771552308135,0.5592641188656094,1.2353652311631718
power_draw,1,3.0,4,budget_absorption,270.86927822521034,323.6620971482325,0.8034012384445192,666.6666666666666,0.5417385564504207,3.728533762155974,3.1253007919454294
power_draw,1,3.0,8,uniform,1401.704529028277,2052.9270504919773,4.1574709466250495,1333.3333333333333,2.803409058056554,0.6267375014506037,0.7764702294946945
power_draw,1,3.0,8,sample,181.99139070721228,269.2175369227737,0.5245747476301721,1333.3333333333333,0.3639827814144245,0.22364226280592986,1.7479305736497697
power_draw,1,3.0,8,budget_absorption,266.1021683096156,295.08342981101123,0.7892619383545117,1333.3333333333333,0.5322043366192312,3.850204878787221,3.2204039910801394
power_draw,1,3.0,10,uniform,1751.90302070007,2497.1948008482327,5.196163498818425,1666.6666666666667,3.50380604140014,0.8375129752059207,0.7378095107842675
power_draw,1,3.0,10,sample,317.7507457604525,442.64724270052255,0.9111414690866612,1666.6666666666667,0.635501491520905,0.26310671724892043,2.1603552722243062
power_draw,1,3.0,10,budget_absorption,221.42087980200827,371.6122545539249,0.6567367485008934,1666.6666666666667,0.44284175960401656,5.6426223059855465,3.20668947134627
power_draw,1,3.0,12,uniform,2038.1998283430762,2769.5328014261163,6.045322958060842,2000.0,4.076399656686152,0.8918906745313887,0.8850708550170298
power_draw,1,3.0,12,sample,195.95486309219336,247.099448641814,0.5597614264620482,2000.0,0.39190972618438674,1.6739832732481492,2.593688736908995
power_draw,1,3.0,12,budget_absorption,536.8661170829142,1006.8556720617863,1.5923507684939435,2000.0,1.0737322341658284,0.053991561472503447,3.3044245504245704
power_draw,1,4.0,4,uniform,436.30348011328897,642.5407295687345,1.2940808886020274,500.0,0.8726069602265779,0.7609659612817989,0.7680708799330894
power_draw,1,4.0,4,sample,102.08186030716719,138.93274344928898,0.2985591966166749,500.0,0.20416372061433438,0.6649688708081724,1.701875704878127
power_draw,1,4.0,4,budget_absorption,70.48690212825262,135.67932584077244,0.2090649217770359,500.0,0.14097380425650524,0.026751675867615194,2.4891488296003255
power_draw,1,4.0,8,uniform,965.9567732318817,1337.7553356986696,2.8650383424181793,1000.0,1.9319135464637633,0.8784129491530112,0.7453230187746419
power_draw,1,4.0,8,sample,160.59522976047745,194.57526728174818,0.4629021284734508,1000.0,0.32119045952095493,1.0333818118196691,2.516779302067032
power_draw,1,4.0,8,budget_absorption,55.328325930878094,177.70406291042903,0.1641044191692033,1000.0,0.11065665186175619,0.030885131364904946,2.2176114540269674
power_draw,1,4.0,10,uniform,1253.7492650278207,1818.5098484813786,3.7186340171984433,1250.0,2.507498530055641,0.6195136700335782,0.6872934782137045
power_draw,1,4.0,10,sample,126.9080197809654,146.4236287376334,0.36390523429103283,1250.0,0.25381603956193083,0.5460176195540061,2.9807094047676186
power_draw,1,4.0,10,budget_absorption,434.76348299581326,524.780314178115,1.28951324032723,1250.0,0.8695269659916265,3.7647579951604566,3.343802644232747
power_draw,1,4.0,12,uniform,1670.5852246668187,2333.8885825349353,4.954974027392379,1500.0,3.3411704493336374,0.6427411175197416,0.8324635672094142
power_draw,1,4.0,12,sample,164.11398689397558,180.693183086091,0.4688053052448355,1500.0,0.32822797378795115,5.197914591804663,3.3073614592773843
power_draw,1,4.0,12,budget_absorption,887.0859497466139,901.4077606739834,2.6311066183024625,1500.0,1.7741718994932278,3.1456128610548695,3.2888983275821975
power_draw,2,1.0,4,uniform,987.6151328538211,1354.4204617835244,2.929277273672966,1000.0,1.9752302657076424,0.9086685946488902,0.7641430940363161
power_draw,2,1.0,4,sample,177.673285492566,225.49853373097298,0.5196417190800475,1000.0,0.355346570985132,0.6471455135579552,2.047986886763618
power_draw,2,1.0,4,budget_absorption,92.61730587043836,260.94694980629055,0.27470394104952295,1000.0,0.18523461174087671,0.03228510090801312,2.505227860168634
power_draw,2,1.0,8,uniform,2165.240628544376,3168.3213114022033,6.422127359370046,2000.0,4.330481257088752,0.61554241073836,0.6523355071262098
power_draw,2,1.0,8,sample,173.5205883171206,267.7822327249765,0.5001583782143451,2000.0,0.3470411766342412,0.1692617053428122,1.4359288419834482
power_draw,2,1.0,8,budget_absorption,1198.112494609935,1242.275141421577,3.5536147483110407,2000.0,2.39622498921987,5.838611467543897,3.629017487847629
power_draw,2,1.0,10,uniform,2199.542959254173,3099.8137147553102,6.523868447005949,2500.0,4.399085918508346,0.9758232310220913,0.8119196543198247
power_draw,2,1.0,10,sample,294.95987664989946,346.9861346552537,0.8457892826946076,2500.0,0.589919753299799,1.3739760175715618,2.880956760091244
power_draw,2,1.0,10,budget_absorption,1745.6190007939213,1784.4151726353489,5.177525027124295,2500.0,3.4912380015878424,3.2782243715127937,3.284906132556816
power_draw,2,1.0,12,uniform,2922.0612597450336,4152.847427861505,8.666865619725408,3000.0,5.8441225194900674,0.8815650839825825,0.768094957434789
power_draw,2,1.0,12,sample,365.69265001972434,513.2638346809817,1.044631586027132,3000.0,0.7313853000394487,1.1651457788324295,1.3565869052773283
power_draw,2,1.0,12,budget_absorption,3278.5352873780507,3335.6221663834253,9.72417148013958,3000.0,6.557070574756102,3.934321945592819,3.3928736455903494
power_draw,2,2.0,4,uniform,543.9112787978228,755.6561358075402,1.6132467951082776,500.0,1.0878225575956455,0.7294859325372071,0.8169457213147694
power_draw,2,2.0,4,sample,123.77669655718873,163.66492434385185,0.36201016490865834,500.0,0.24755339311437746,0.8880197089077573,1.7921490614848181
power_draw,2,2.0,4,budget_absorption,201.3082232565608,219.9304566987562,0.5970823894576837,500.0,0.4026164465131216,3.972033876074575,3.183360698202819
power_draw,2,2.0,8,uniform,1137.078049329896,1561.098891444574,3.372585916813258,1000.0,2.274156098659792,0.9813251925143143,0.8771459768681986
power_draw,2,2.0,8,sample,109.57615936315784,143.19464332656645,0.3158439853711942,1000.0,0.2191523187263157,0.45689429655307995,1.7006387080273104
power_draw,2,2.0,8,budget_absorption,454.70800566442284,478.52448661729113,1.3486689124548874,1000.0,0.9094160113288456,4.159786794418048,3.2823187564292167
power_draw,2,2.0,10,uniform,1568.9369434327475,2370.799841827011,4.653484114751526,1250.0,3.137873886865495,0.8233191001556694,0.8444429346061277
power_draw,2,2.0,10,sample,123.25572502664292,148.39057488703176,0.3534323801675066,1250.0,0.24651145005328584,0.7671433218583587,2.275095973685592
power_draw,2,2.0,10,budget_absorption,2872.977883662074,2954.7074887008644,8.521283790030786,1250.0,5.745955767324148,3.83515741625132,3.3130376431470734
power_draw,2,2.0,12,uniform,1419.8314402546548,2067.0746602764657,4.211235563357765,1500.0,2.8396628805093096,0.701642921768228,0.7260742655224182
power_draw,2,2.0,12,sample,57.67123141173946,76.8576475735812,0.16474268743037004,1500.0,0.11534246282347893,0.7592318702496916,2.3361694048125727
power_draw,2,2.0,12,budget_absorption,1474.6684637489132,1499.8764180546857,4.373882774132508,1500.0,2.9493369274978263,3.707353257784268,3.3390009114676085
power_draw,2,3.0,4,uniform,335.61704144290263,466.9988990585548,0.9954438115131287,333.3333333333333,0.6712340828858052,0.774329675852861,0.7230856063852187
power_draw,2,3.0,4,sample,87.51003850745906,141.44969903070918,0.25594093518735456,333.3333333333333,0.17502007701491812,0.24422485637072275,1.179929448742084
power_draw,2,3.0,4,budget_absorption,289.3657014370122,316.2689077050048,0.8582618317628962,333.3333333333333,0.5787314028740244,3.4753556755448707,3.1784479126486733
power_draw,2,3.0,8,uniform,700.1909608210295,1015.3970253234035,2.0767740393340657,666.6666666666666,1.400381921642059,0.6044147927806153,0.6309253669614431
power_draw,2,3.0,8,sample,132.26708963674446,176.33065790295964,0.38124866729326495,666.6666666666666,0.26453417927348893,0.1009677460002278,2.0340310573088067
power_draw,2,3.0,8,budget_absorption,70.58551329177764,189.91785678281047,0.20935740356537139,666.6666666666666,0.1411710265835553,3.791030567364069,2.4211012938504384
power_draw,2,3.0,10,uniform,779.8028441618411,1158.6064468307693,2.312903755077354,833.3333333333334,1.5596056883236822,0.5488822470713536,0.6812274904837488
power_draw,2,3.0,10,sample,136.16842706338548,156.249215226505,0.39045919587325356,833.3333333333334,0.27233685412677094,0.7402255429286616,2.7067580145082992
power_draw,2,3.0,10,budget_absorption,882.9275007374068,901.5695828935336,2.6187726131103806,833.3333333333334,1.7658550014748136,5.673366241036083,3.291200758824002
power_draw,2,3.0,12,uniform,925.5597472016045,1285.6717321939623,2.7452203218776,1000.0,1.851119494403209,0.9568455197160647,0.720714289252543
power_draw,2,3.0,12,sample,106.03912559632282,136.99535981947542,0.30290961534677346,1000.0,0.21207825119264564,1.7553154829873374,2.593487040456585
power_draw,2,3.0,12,budget_absorption,1791.490792721629,1846.5581790273088,5.313581263128101,1000.0,3.582981585443258,3.496784365006789,3.277912786334001
power_draw,2,4.0,4,uniform,309.31065506101595,446.90205992868135,0.9174187821089607,250.0,0.6186213101220319,0.7874624047292679,0.7632592946455791
power_draw,2,4.0,4,sample,50.989705060530504,61.189327137728306,0.14912978008811179,250.0,0.10197941012106101,0.9156326761275038,1.7628511233265256
power_draw,2,4.0,4,budget_absorption,488.6147671092033,494.5596684568696,1.449236737329182,250.0,0.9772295342184065,3.755183369406276,3.2743327648581855
power_draw,2,4.0,8,uniform,475.28141701236643,647.0768765990578,1.4096898752760156,500.0,0.9505628340247329,0.845680000389518,0.8291108569334803
power_draw,2,4.0,8,sample,63.857717159092736,83.37529049879751,0.1840644534491293,500.0,0.12771543431818547,0.5027500205093842,2.2641983519178273
power_draw,2,4.0,8,budget_absorption,36.834585507188116,120.23302316838675,0.10925178302967543,500.0,0.07366917101437623,0.04607913441963133,1.7676083082488976
power_draw,2,4.0,10,uniform,543.6712965730815,771.3675089601063,1.6125350052079053,625.0,1.0873425931461629,0.7421095681425525,0.6054737480532901
power_draw,2,4.0,10,sample,60.025855473507484,103.1330844593003,0.17212247923580554,625.0,0.12005171094701497,0.20316693792489998,1.45253377370304
power_draw,2,4.0,10,budget_absorption,232.080620098611,249.37695157077732,0.6883536546775588,625.0,0.464161240197222,3.597598249817443,3.2582541223999506
power_draw,2,4.0,12,uniform,690.0732632330212,1034.6756192933137,2.0467648377528707,750.0,1.3801465264660424,0.6554429829390057,0.5570372759064215
power_draw,2,4.0,12,sample,52.30393145001882,71.58679513755395,0.14941054698020462,750.0,0.10460786290003765,0.33000893190208713,2.437629326098832
power_draw,2,4.0,12,budget_absorption,1571.6689411518423,1620.0147761500843,4.661587249833252,750.0,3.1433378823036846,3.704054005721523,3.3235111200189147
power_draw,4,1.0,4,uniform,583.4705439180693,786.9114566733382,1.7305800076372249,500.0,1.1669410878361386,0.9004308990789522,0.8738757652661847
power_draw,4,1.0,4,sample,151.3388814175097,200.1829721082131,0.4426213895095481,500.0,0.3026777628350194,0.7488835988832722,1.3177606522271494
power_draw,4,1.0,4,budget_absorption,204.83085886875554,292.5070010977539,0.6075305651680091,500.0,0.4096617177375111,0.16000593934054963,2.1228814664032023
power_draw,4,1.0,8,uniform,976.5798664914083,1411.51005960114,2.8965465530825107,1000.0,1.9531597329828168,0.7854194667202373,0.648058530823787
power_draw,4,1.0,8,sample,98.44747795504867,130.45409918399338,0.2837665051210028,1000.0,0.19689495591009734,0.3415287831979609,1.735808495086262
power_draw,4,1.0,8,budget_absorption,92.582103535856,248.57539309952898,0.27459953054056857,1000.0,0.18516420707171202,0.7589513481129944,2.494554237872099
power_draw,4,1.0,10,uniform,1347.1565563953452,1870.812955064008,3.995681063862862,1250.0,2.6943131127906903,1.0474746676973201,0.746468666832814
power_draw,4,1.0,10,sample,128.04323570693822,176.42500487976142,0.36716043453941,1250.0,0.2560864714138764,0.3543173709482364,2.2340999444849667
power_draw,4,1.0,10,budget_absorption,470.1495655646438,1110.3651083842494,1.3944687478169404,1250.0,0.9402991311292876,0.33245695737980874,1.9837100535388072
power_draw,4,1.0,12,uniform,1443.1621858267972,1885.4281166576448,4.280434809611557,1500.0,2.8863243716535942,0.8986890483684191,0.8715441421371093
power_draw,4,1.0,12,sample,115.77129098953674,144.08676724080982,0.3307103583194394,1500.0,0.2315425819790735,1.1685977881243805,2.130586547382579
power_draw,4,1.0,12,budget_absorption,417.3810625173621,693.0635691663541,1.2379567912863758,1500.0,0.8347621250347242,0.1973917443363632,2.4091224061560834
power_draw,4,2.0,4,uniform,219.2632735287455,306.87015834445447,0.6503372647226933,250.0,0.43852654705749095,0.6031061455404606,0.5534911831532081
power_draw,4,2.0,4,sample,81.20760219069153,114.7390157895128,0.23750817624467926,250.0,0.16241520438138307,0.4168624105749285,0.80086644943619
power_draw,4,2.0,4,budget_absorption,89.1077043571602,130.34302244289793,0.2642944246189808,250.0,0.1782154087143204,0.17627939626764766,1.9660191513795715
power_draw,4,2.0,8,uniform,428.85008157440126,570.7090407109632,1.2719740271078115,500.0,0.8577001631488025,0.9529440188638824,0.8009923863757342
power_draw,4,2.0,8,sample,65.07238485851731,91.67755602206974,0.18756563006745225,500.0,0.13014476971703462,0.6408280513100008,2.0432686192601643
power_draw,4,2.0,8,budget_absorption,237.44444380883107,603.0757445371021,0.7042628144014828,500.0,0.4748888876176621,0.19446685590470822,1.806028205499569
power_draw,4,2.0,10,uniform,549.7070442777319,759.0430307998937,1.630437098840034,625.0,1.099414088555464,0.8567573231919556,0.8312003732989862
power_draw,4,2.0,10,sample,41.494290816684305,72.16798659654371,0.11898373048013283,625.0,0.08298858163336861,0.1800901044516384,1.7102661000611163
power_draw,4,2.0,10,budget_absorption,104.39343872441674,272.32499854079225,0.3096320797478778,625.0,0.20878687744883348,0.29180693061521856,2.1575228427229325
power_draw,4,2.0,12,uniform,760.0000722286145,1060.676351590489,2.2541685171794597,750.0,1.520000144457229,0.8283279591629649,0.7514318386018308
power_draw,4,2.0,12,sample,34.31644481396671,40.67971083088647,0.09802778965038828,750.0,0.06863288962793343,0.6577617168347633,2.3920514855192887
power_draw,4,2.0,12,budget_absorption,269.9265422113168,432.9478929079632,0.8006050731279838,750.0,0.5398530844226336,0.351108481802645,2.3453696599021674
power_draw,4,3.0,4,uniform,153.18517475430042,214.8477675100777,0.45434890185892907,166.66666666666666,0.3063703495086008,0.6113443752521095,0.6624309731746493
power_draw,4,3.0,4,sample,51.49016025477689,62.90217286780525,0.15059346325657333,166.66666666666666,0.10298032050955377,0.5183702818720911,1.5468291126945088
power_draw,4,3.0,4,budget_absorption,124.4582387739849,192.22176102985185,0.3691444959014805,166.66666666666666,0.2489164775479698,0.25168911107636815,1.852321836893533
power_draw,4,3.0,8,uniform,327.1424998412193,438.09391286441047,0.9703082285387421,333.3333333333333,0.6542849996824386,0.7567247395313846,0.7995850338931292
power_draw,4,3.0,8,sample,31.74013948655561,45.45641049116609,0.09148825994573011,333.3333333333333,0.06348027897311122,0.46707137345959393,1.3256461185359145
power_draw,4,3.0,8,budget_absorption,65.39374521665444,122.03650587749084,0.19395856273484086,333.3333333333333,0.13078749043330887,0.0818830350350584,2.1318937056834955
power_draw,4,3.0,10,uniform,410.15227061648613,574.2176352423551,1.2165161155343152,416.6666666666667,0.8203045412329723,0.8267655452508897,0.8377699767779854
power_draw,4,3.0,10,sample,56.10439029874427,78.67278708538569,0.1608777863814902,416.6666666666667,0.11220878059748854,0.16479333729323584,2.3207496007600406
power_draw,4,3.0,10,budget_absorption,52.49436732371964,105.87722795406589,0.1556988669795652,416.6666666666667,0.10498873464743928,0.3005921484969216,1.8939954140000665
power_draw,4,3.0,12,uniform,418.08798449942117,604.0033922810153,1.2400535296082378,500.0,0.8361759689988424,0.7278050299205283,0.6660830968096663
power_draw,4,3.0,12,sample,77.38116791216878,92.72396612807644,0.22104576660307693,500.0,0.15476233582433754,0.9556842629402506,2.3963793145818513
power_draw,4,3.0,12,budget_absorption,237.1831900527628,515.6878034222915,0.7034879329068047,500.0,0.4743663801055256,0.14717274412975465,1.886298210248489
power_draw,4,4.0,4,uniform,128.76294742532932,179.52293800168536,0.3819123087900189,125.0,0.25752589485065863,0.7274059921661369,0.7054249749056432
power_draw,4,4.0,4,sample,35.46758657407095,45.87460434017474,0.10373218240365002,125.0,0.0709351731481419,0.6414012956842243,1.8961581652423958
power_draw,4,4.0,4,budget_absorption,52.272655052552416,101.88836262908968,0.15504126596109163,125.0,0.10454531010510483,0.2121055822784227,1.2437765999810912
power_draw,4,4.0,8,uniform,243.4229855503005,353.4375363654433,0.7219952345218453,250.0,0.486845971100601,0.9355152219618421,0.5452249640534598
power_draw,4,4.0,8,sample,29.371546221679285,51.90121478561321,0.0846609907582554,250.0,0.05874309244335857,0.1359790810568042,0.9619131865945922
power_draw,4,4.0,8,budget_absorption,90.40779561285527,174.9601352697348,0.2681505094867814,250.0,0.18081559122571053,0.04441722863945045,1.8581307118228585
power_draw,4,4.0,10,uniform,287.66987845642177,399.71613516712523,0.8532320022757135,312.5,0.5753397569128436,0.7910583579427038,0.7392006996222882
power_draw,4,4.0,10,sample,32.00538646183066,39.03191385894778,0.09177455986681804,312.5,0.06401077292366132,0.44457816274103096,1.8454557636490245
power_draw,4,4.0,10,budget_absorption,77.47381675975862,140.15764484794352,0.22978818690565248,312.5,0.15494763351951724,0.1240303396124473,1.795154747452892
power_draw,4,4.0,12,uniform,389.87018067369297,587.8219098482215,1.1563592151835296,375.0,0.7797403613473859,0.5005934840026114,0.6057619853505607
power_draw,4,4.0,12,sample,39.86311422330681,54.73368644843108,0.11387231390302119,375.0,0.07972622844661362,0.7135019126325508,2.219181624860414
power_draw,4,4.0,12,budget_absorption,94.7574296305388,225.5984353425129,0.28105157150268817,375.0,0.18951485926107758,0.21455649222149648,1.983217637551936
humidity,1,1.0,4,uniform,391.32568231501756,539.0313316514237,7.148669021021788,340.0,4.603831556647266,0.7673113138966946,0.8766069760363284
humidity,1,1.0,4,sample,63.647904761072255,82.15553499077446,1.1484938517413221,340.0,0.7487988795420265,0.9414019893228933,1.7706429824678689
humidity,1,1.0,4,budget_absorption,100.9915646000378,101.483341499111,1.844896212714289,340.0,1.1881360541180919,5.586539155948248,3.496355924540337
humidity,1,1.0,8,uniform,705.7451196746883,975.6491901293051,12.892428229881466,680.0,8.302883760878686,0.9100230917044079,0.8361229405790057
humidity,1,1.0,8,sample,59.63970970121455,74.96050797161901,1.0608848836294937,680.0,0.7016436435437006,0.5884043854662692,2.906048947119492
humidity,1,1.0,8,budget_absorption,300.70034151177634,305.89897126300053,5.493141168908693,680.0,3.5376510766091336,3.1775618919247797,3.3592086663419347
humidity,1,1.0,10,uniform,847.6602408793362,1237.4926752081037,15.484908806593376,850.0,9.972473422109838,0.7417114018680596,0.6429931773681704
humidity,1,1.0,10,sample,64.62578050725415,89.47814687014221,1.1436433407190332,850.0,0.760303300085343,0.52557178871895,2.612566869237298
humidity,1,1.0,10,budget_absorption,249.08890184443035,275.8232107274415,4.550312429180632,850.0,2.930457668758004,5.850068830109027,3.66088855675025
humidity,1,1.0,12,uniform,1012.8140795279538,1409.9396443968399,18.501910203143154,1020.0,11.915459759152398,0.8235406150702941,0.8192044686837114
humidity,1,1.0,12,sample,65.67928586519133,73.44511810636546,1.1578957895421866,1020.0,0.7726974807669569,5.26057843880995,2.622950791861901
humidity,1,1.0,12,budget_absorption,235.81680679824743,249.32772593915945,4.307860121579907,1020.0,2.7743153740970286,3.9433385278356696,3.4688879979935625
humidity,1,2.0,4,uniform,169.60298018352697,243.52391042046028,3.0982775348103515,170.0,1.995329178629729,0.7172639432681227,0.7778718231567009
humidity,1,2.0,4,sample,55.724267557634704,82.45397749555049,1.0055158755496747,170.0,0.6555796183251141,0.37064401634157623,1.7451563644427874
humidity,1,2.0,4,budget_absorption,133.2205445781802,134.64102349969264,2.433649573817255,170.0,1.567300524449179,5.468846449920799,3.43606659144562
humidity,1,2.0,8,uniform,333.5861636077505,458.481079435139,6.093893606769586,340.0,3.924543101267653,0.8082193030770217,0.7671162955811569
humidity,1,2.0,8,sample,45.62859198588642,54.691688688134995,0.8116518967250939,340.0,0.5368069645398402,0.7779826561366792,2.8413013901551465
humidity,1,2.0,8,budget_absorption,32.68717864447161,39.44345953930138,0.5971236540826745,340.0,0.38455504287613657,2.980602007041469,3.244740399110522
humidity,1,2.0,10,uniform,372.9563100965335,538.7708164848158,6.813100546862238,425.0,4.3877212952533355,0.6199323484520012,0.6755405058028146
humidity,1,2.0,10,sample,30.977029804630256,59.38126466113488,0.548181756154478,425.0,0.36443564476035595,0.0896106555870049,2.641134175797724
humidity,1,2.0,10,budget_absorption,761.3820972771724,770.9787463708354,13.908794791506695,425.0,8.95743643855497,5.565502820959082,3.4062301272569013
humidity,1,2.0,12,uniform,628.4433711141203,869.9857782293822,11.480293427134477,510.0,7.393451424872003,0.9894101157589891,0.8246635892096402
humidity,1,2.0,12,sample,33.18929024177824,39.739059299945495,0.5851120170174624,510.0,0.3904622381385675,1.8509894218270047,2.891829073927681
humidity,1,2.0,12,budget_absorption,1479.0953811307118,1523.6211820611277,27.01985534829734,510.0,17.40112213094955,5.5999654269789065,3.4960825826578623
humidity,1,3.0,4,uniform,116.94057833400024,163.6692660091092,2.1362500020218014,113.33333333333333,1.3757715098117675,1.13993193716991,0.7710764405788739
humidity,1,3.0,4,sample,39.99562434662748,50.66477047895326,0.7217005623530183,113.33333333333333,0.4705367570191468,1.2654183284838736,2.360633806295319
humidity,1,3.0,4,budget_absorption,36.30643437260717,42.10115484841389,0.6632395837855727,113.33333333333333,0.4271345220306726,5.430521259514783,3.4020046030323607
humidity,1,3.0,8,uniform,249.53799134818757,350.205994706201,4.5585163175740115,226.66666666666666,2.9357410746845596,0.8655759340358109,0.7469995246340042
humidity,1,3.0,8,sample,24.866329282708115,33.56291741010737,0.4423279888440041,226.66666666666666,0.29254505038480133,0.3336862780019374,2.307815621324958
humidity,1,3.0,8,budget_absorption,580.0875047612793,594.4801757096614,10.596936930478703,226.66666666666666,6.824558879544463,3.8572486269875674,3.431161344004986
humidity,1,3.0,10,uniform,262.9060384474379,377.87054895576625,4.80272146047348,283.3333333333333,3.093012217028681,0.7468583990985564,0.6201438328590743
humidity,1,3.0,10,sample,28.79273376527518,35.93238573168721,0.509527590588354,283.3333333333333,0.33873804429735505,0.814983507245429,2.0506888879852077
humidity,1,3.0,10,budget_absorption,498.1491972450225,509.1969943701567,9.100102280855854,283.3333333333333,5.860578791117912,3.8201066793384606,3.3003561589102723
humidity,1,3.0,12,uniform,352.29688880920645,485.842571032629,6.435697857431635,340.0,4.144669280108311,0.8744571057700443,0.6858123900521248
humidity,1,3.0,12,sample,37.077279125421285,46.60848106947899,0.6536554839393982,340.0,0.4362032838284857,1.121074434489393,2.6938591390723685
humidity,1,3.0,12,budget_absorption,142.09772665149302,144.14045616655636,2.5958163810302195,340.0,1.6717379606058003,5.648052747798509,3.6450549056849213
humidity,1,4.0,4,uniform,89.70608277573955,120.48302094675132,1.638735007481352,85.0,1.055365679714583,0.7820133460071534,0.8308774720524211
humidity,1,4.0,4,sample,16.821264265033737,23.25807141135323,0.30353110066119626,85.0,0.19789722664745574,0.31371492062637135,1.042632833470972
humidity,1,4.0,4,budget_absorption,16.210359271851008,48.4197981473652,0.29612800381710974,85.0,0.1907101090806001,0.026608074811698336,2.7037042457975518
humidity,1,4.0,8,uniform,174.02411137563635,256.7262688282565,3.1790419850348663,170.0,2.0473424867721923,0.5679603848835113,0.6391073097638934
humidity,1,4.0,8,sample,18.823541492991552,21.848774088760255,0.3348374887525754,170.0,0.2214534293293124,1.442326522097259,2.3541225895831928
humidity,1,4.0,8,budget_absorption,59.061754998044364,85.39117099593982,1.0789297952129209,170.0,0.6948441764475808,2.969137775755801,3.209790242186314
humidity,1,4.0,10,uniform,190.21309444489177,249.43195882739732,3.4747794921271553,212.5,2.2378011111163736,1.1054862297233385,0.8661381445279573
humidity,1,4.0,10,sample,27.028793429502688,41.79516768639649,0.4783122056042536,212.5,0.3179858050529728,0.34816048765734614,2.370902665709263
humidity,1,4.0,10,budget_absorption,950.7570007460896,983.8961100094656,17.368262357699926,212.5,11.18537647936576,3.942009282067762,3.2042299488841635
humidity,1,4.0,12,uniform,221.81204557803343,298.71350625257764,4.052023596643733,255.0,2.6095534773886286,1.1718904183135306,0.8912246703042839
humidity,1,4.0,12,sample,14.597686232094894,17.759144118502878,0.2573505360562797,255.0,0.17173748508346934,1.0712891068002741,2.2945249012124336
humidity,1,4.0,12,budget_absorption,149.8135572943749,181.84656217668316,2.736767823731131,255.0,1.7625124387573519,3.667406709575588,3.3052486771471807
humidity,2,1.0,4,uniform,182.2571312683716,250.43603345491002,3.3294413503626807,170.0,2.1442015443337836,0.9764519148121611,0.7593122073642762
humidity,2,1.0,4,sample,65.45627747254933,97.10994533768837,1.1811250113778364,170.0,0.7700738526182275,0.6683717323966265,1.0230057803947568
humidity,2,1.0,4,budget_absorption,237.96016044223367,239.32910944244284,4.347014530524435,170.0,2.799531299320396,5.620904266531046,3.5680893869041053
humidity,2,1.0,8,uniform,304.379554309224,417.7219703898046,5.560352383851872,340.0,3.5809359330496937,1.0583992562080367,0.8822487837568531
humidity,2,1.0,8,sample,21.89387767457001,29.881137784879336,0.3894533354596722,340.0,0.2575750314655295,0.4408107131305751,1.7291622265031188
humidity,2,1.0,8,budget_absorption,526.7166830852042,535.5396052854808,9.621968108383596,340.0,6.196666859825932,3.4071597378711744,3.301976353293047
humidity,2,1.0,10,uniform,430.6846947443469,685.9044519259903,7.867672566066551,425.0,5.066878761698199,0.6237417642646171,0.5503318046134702
humidity,2,1.0,10,sample,43.84377079392721,58.93178238278704,0.7758766873981224,425.0,0.5158090681638495,1.0012331822870075,2.7792404850491015
humidity,2,1.0,10,budget_absorption,371.2213468180035,378.2661531936557,6.781406541581353,425.0,4.367309962564747,3.3309129928090297,3.357401166714964
humidity,2,1.0,12,uniform,497.01345692650443,693.280106853453,9.079354775650254,510.0,5.847217140311817,1.0046467913100332,0.7435701253214556
humidity,2,1.0,12,sample,42.278038842973814,53.863140684075304,0.7453425006303971,510.0,0.49738869227028015,1.090669938406857,2.249946612664672
humidity,2,1.0,12,budget_absorption,131.4355399646089,172.30505403995372,2.4010414221929355,510.0,1.5463004701718692,3.4954959664598553,3.1405846437266938
humidity,2,2.0,4,uniform,80.42408555505315,113.26318566114193,1.4691731080624526,85.0,0.94616571241239,0.8256807244323607,0.6918181698990963
humidity,2,2.0,4,sample,22.353489528348643,30.12125268890296,0.40335727286932205,85.0,0.26298222974527813,0.4428537646849615,1.3047972507724488
humidity,2,2.0,4,budget_absorption,29.036109344250562,35.48194515645405,0.5304265596172948,85.0,0.3416012864029478,0.9362653983437934,3.2780569461090954
humidity,2,2.0,8,uniform,147.28376299003708,214.99472997682324,2.6905539844911623,170.0,1.7327501528239655,0.5770493309601092,0.6566045855480993
humidity,2,2.0,8,sample,12.742582667691838,19.852454748955143,0.22666799349424332,170.0,0.1499127372669628,0.64560284445096,1.8822370551036072
humidity,2,2.0,8,budget_absorption,76.34727347665412,89.70404385748961,1.3946986190972286,170.0,0.8982032173724015,5.428723773909374,3.2462967400991003
humidity,2,2.0,10,uniform,227.8904416846939,333.31449999334086,4.163062672045393,212.5,2.6810640198199285,0.7239497333595911,0.7610785384700391
humidity,2,2.0,10,sample,18.60594632292813,24.360543327241967,0.3292581759628273,212.5,0.21889348615209564,0.5831039446975591,3.104576937438165
humidity,2,2.0,10,budget_absorption,9.809622519935715,42.89468732526047,0.17920046596821834,212.5,0.11540732376394959,0.03643827366857371,1.7000403410511473
humidity,2,2.0,12,uniform,268.3736360132745,397.7436891895858,4.902602575117129,255.0,3.1573368942738176,0.577153825475618,0.8318009847122841
humidity,2,2.0,12,sample,27.917215452777594,34.63703000486473,0.4921677482130626,255.0,0.328437828856207,1.118261329185318,2.205039854771283
humidity,2,2.0,12,budget_absorption,710.3867091809814,729.3335740193211,12.977219973974627,255.0,8.35749069624684,3.696952790478296,3.230671737251671
humidity,2,3.0,4,uniform,57.8721936098286,81.11118902575211,1.0571990961332318,56.666666666666664,0.6808493365862188,0.7032443602519053,0.769910025356194
humidity,2,3.0,4,sample,14.71144789160637,19.043614826004813,0.2654605444931556,56.666666666666664,0.17307585754831023,0.6623365845182422,2.1874347174968025
humidity,2,3.0,4,budget_absorption,158.8608316247006,161.40040400936,2.9020418465023243,56.666666666666664,1.8689509602905954,3.0156700599783886,3.266662516169458
humidity,2,3.0,8,uniform,120.25339486889484,173.59184859094464,2.1967679542176035,113.33333333333333,1.4147458219869982,0.8767601197431815,0.6844655410917905
humidity,2,3.0,8,sample,18.237026830321614,24.201049841831818,0.32440443093303145,113.33333333333333,0.2145532568273131,0.7446627553380073,1.8732525982845962
humidity,2,3.0,8,budget_absorption,26.07211612174261,27.66011452548336,0.47628085059325925,113.33333333333333,0.30673077790285425,4.5490420472386734,3.366136009641688
humidity,2,3.0,10,uniform,137.94969480435063,188.39385840611055,2.5200408618042465,141.66666666666666,1.6229375859335369,1.1209253308661022,0.8025908900883449
humidity,2,3.0,10,sample,15.439855755084801,20.885992073770268,0.2732297865862235,141.66666666666666,0.18164536182452706,0.16943622179526113,2.7260895242165875
humidity,2,3.0,10,budget_absorption,17.024322767177733,41.924005475262135,0.31099734637817544,141.66666666666666,0.20028615020209098,0.049168347190499825,2.7002405360837076
humidity,2,3.0,12,uniform,158.80896380156042,212.41711056714428,2.9010943341942217,170.0,1.8683407506065932,1.017657603461089,0.8995489277220529
humidity,2,3.0,12,sample,20.0136460924792,22.670515623846082,0.35283143290312013,170.0,0.23545465991151998,2.9374830530888834,3.0999577143389287
humidity,2,3.0,12,budget_absorption,80.43511370553375,82.22193089403709,1.4693745683837722,170.0,0.9462954553592207,3.955718011485849,3.3688854956616505
humidity,2,4.0,4,uniform,41.44898545016965,58.13355044984151,0.7571828061156608,42.5,0.48763512294317235,0.3481143595318473,0.6190529820059715
humidity,2,4.0,4,sample,10.853907879146561,16.342123411592922,0.19585321014668566,42.5,0.12769303387231248,0.25098032227135425,1.051754788126937
humidity,2,4.0,4,budget_absorption,18.564819547255382,27.989634487920352,0.33913887172753865,42.5,0.21840964173241625,5.3154349120294375,2.980268450654857
humidity,2,4.0,8,uniform,82.29638159033279,128.1282994801596,1.5033758840888187,85.0,0.9681927245921504,0.7269593706069878,0.570374706971092
humidity,2,4.0,8,sample,13.990186922901685,18.802378383999436,0.2488606651510104,85.0,0.16459043438707865,0.34715308600908273,2.334340564616065
humidity,2,4.0,8,budget_absorption,28.305761513313335,31.33159273765749,0.5170846933674113,85.0,0.33300895898015687,3.436617123534808,3.2850532897276876
humidity,2,4.0,10,uniform,103.74792340204463,149.48772668962363,1.8952488925132727,106.25,1.220563804729937,0.8064581608442698,0.719464104929287
humidity,2,4.0,10,sample,14.588816371934074,20.379172206073406,0.2581694574793168,106.25,0.1716331337874597,0.5727234968781556,2.2349988105050076
humidity,2,4.0,10,budget_absorption,14.829715524580733,17.285672581910994,0.27090664567166284,106.25,0.17446724146565568,3.576783758445347,2.8991164805116973
humidity,2,4.0,12,uniform,120.42449913461256,167.68213316550091,2.1998936569735914,127.5,1.416758813348383,0.6422650722249402,0.7533681829545685
humidity,2,4.0,12,sample,16.94341403758551,21.470353515923303,0.29870464509705874,127.5,0.19933428279512364,0.8543713529088905,1.7504752857587744
humidity,2,4.0,12,budget_absorption,121.00505846366454,137.5021295070897,2.2104992131075694,127.5,1.4235889231019359,3.3334109176196214,3.331206255921607
humidity,4,1.0,4,uniform,92.71978147320638,131.29459768509253,1.6937887274156649,85.0,1.0908209585083104,0.2603800237145493,0.7818737278456176
humidity,4,1.0,4,sample,23.456240080334343,29.366860641529573,0.42325584193792287,85.0,0.2759557656509923,0.7402680377265491,1.6941838487415992
humidity,4,1.0,4,budget_absorption,31.465396194840036,37.592208621342905,0.5748043462967921,85.0,0.3701811317040004,0.20142169078402156,2.7342268953753246
humidity,4,1.0,8,uniform,173.96959026057954,247.66698685389017,3.178046002854774,170.0,2.0467010618891712,0.8162988724630671,0.7697227528542061
humidity,4,1.0,8,sample,14.8657189682096,16.013754764312385,0.2644348306969816,170.0,0.17489081139070117,2.3875847085849307,3.1454344198404343
humidity,4,1.0,8,budget_absorption,31.612610287800454,50.76212493830335,0.5774936275613853,170.0,0.3719130622094171,0.22215868805747016,3.074913970101712
humidity,4,1.0,10,uniform,227.13591248990733,325.3308695925264,4.149279064876249,212.5,2.6721872057636156,0.7298145827224256,0.7590574324470668
humidity,4,1.0,10,sample,11.869025477365968,15.057634816892104,0.21003896342095985,212.5,0.13963559385136431,0.2876629483321307,2.3074671459326024
humidity,4,1.0,10,budget_absorption,62.90619218948086,142.1968101741728,1.1491593004452472,212.5,0.7400728492880101,0.33618008900924357,2.3555027983877954
humidity,4,1.0,12,uniform,223.6329183222055,313.54045111497356,4.085286980995306,255.0,2.630975509673006,0.8376605483171431,0.6893485887956388
humidity,4,1.0,12,sample,18.114397417572263,24.018752818453187,0.31934854686075204,255.0,0.21311055785379132,0.8775312868908952,1.856387624685795
humidity,4,1.0,12,budget_absorption,85.23906884184754,132.6312601222394,1.5571323793666447,255.0,1.002812574609971,1.2114372690041948,3.082734346821516
humidity,4,2.0,4,uniform,38.58329640453305,50.804703906430994,0.7048329005760271,42.5,0.45392113417097707,1.0252749905462153,0.8895450161825437
humidity,4,2.0,4,sample,10.904430154406477,14.804796169234796,0.196764858734802,42.5,0.12828741358125267,0.49770148207403686,1.348438490919551
humidity,4,2.0,4,budget_absorption,12.853076298652761,19.655570769361148,0.23479774651499352,42.5,0.1512126623370913,0.30661420273788065,1.8821371633408883
humidity,4,2.0,8,uniform,86.05440966628268,129.21595218230595,1.5720268827346138,85.0,1.0124048196033257,0.6869843293640561,0.545002199857128
humidity,4,2.0,8,sample,8.933299715483196,11.662229316455951,0.15890759154541592,85.0,0.10509764371156702,0.2700380338254493,2.0748448659182586
humidity,4,2.0,8,budget_absorption,65.72488338101417,92.9134264113557,1.200650657418134,85.0,0.7732339221295784,0.5835845876245533,2.539903097750275
humidity,4,2.0,10,uniform,107.42064911892409,146.70452056067003,1.962341602604891,106.25,1.2637723425755776,0.7301837234901251,0.7174696163945165
humidity,4,2.0,10,sample,12.503479433278937,18.63675702697913,0.22126651125059524,106.25,0.14709975803857572,0.18009010445163837,2.391564464693466
humidity,4,2.0,10,budget_absorption,21.802605876183993,69.33205599888194,0.3982861852628342,106.25,0.25650124560216464,0.0295059899034573,2.5883284542531735
humidity,4,2.0,12,uniform,142.05795791820324,202.5536967192891,2.5950898927762616,127.5,1.6712700931553324,0.7319539527857675,0.6135492198363223
humidity,4,2.0,12,sample,13.154743132284993,15.278529531753009,0.2319121087376856,127.5,0.15476168390923523,5.295355954907521,2.5138519969837905
humidity,4,2.0,12,budget_absorption,15.908401340319383,26.46586419239748,0.2906118892139944,127.5,0.18715766282728685,1.004785670474621,2.2293138928815694
humidity,4,3.0,4,uniform,25.17021597424242,36.253746407728315,0.45980509667302605,28.333333333333332,0.2961201879322638,0.6442015266573761,0.7474640525389561
humidity,4,3.0,4,sample,7.1466719321945735,9.519540981927438,0.1289580357020297,28.333333333333332,0.08407849331993617,0.4750743623937642,1.4916541190308457
humidity,4,3.0,4,budget_absorption,18.192753725959868,22.569454235640325,0.3323420384741179,28.333333333333332,0.21403239677599845,0.2572048901258487,2.82997618807911
humidity,4,3.0,8,uniform,53.955430870544205,73.3320583476055,0.9856483604611604,56.666666666666664,0.6347697749475789,0.8993795129651714,0.7512080330529344
humidity,4,3.0,8,sample,8.30421016105706,10.589443741377497,0.14771720175171257,56.666666666666664,0.09769659013008307,0.6408280513100008,1.8918054717321178
humidity,4,3.0,8,budget_absorption,26.57753283804209,33.540519986659575,0.48551371463924364,56.666666666666664,0.31267685691814223,0.2398789076031357,2.847339557143811
humidity,4,3.0,10,uniform,71.17048821875903,98.31919010558114,1.3001300127571873,70.83333333333333,0.8372998613971651,0.8562743222280462,0.8894201508143015
humidity,4,3.0,10,sample,10.106104606721386,12.785126255765007,0.17884161929447823,70.83333333333333,0.11889534831436925,0.6190216084257973,2.1974609531197995
humidity,4,3.0,10,budget_absorption,23.02349018518213,34.44957351097048,0.42058908597294087,70.83333333333333,0.2708645904139074,0.12093073430914647,2.9093521932821433
humidity,4,3.0,12,uniform,84.49226953328429,119.69273628511053,1.5434899804050835,85.0,0.9940267003915798,0.7104038181728036,0.7251398632818354
humidity,4,3.0,12,sample,10.295986546575692,13.947056756444502,0.1815135367935119,85.0,0.12112925348912579,0.8165446188379779,2.2777379338699455
humidity,4,3.0,12,budget_absorption,60.59218939800757,115.74468737055348,1.1068875027648517,85.0,0.7128492870353832,0.09645405319002243,1.7248560675751003
humidity,4,4.0,4,uniform,25.959647049272252,35.70415021959749,0.47422628527713806,21.25,0.30540761234437946,0.6885413449895514,0.7794490160575877
humidity,4,4.0,4,sample,4.4318067622566675,5.988985433497223,0.0799696838044296,21.25,0.05213890308537256,0.027566451865800326,1.285117827016476
humidity,4,4.0,4,budget_absorption,11.639609241825873,15.50319876653749,0.21263034286836616,21.25,0.1369365793155985,0.17668142987309263,2.6627731073895085
humidity,4,4.0,8,uniform,42.740193618160355,60.76470074415322,0.7807703707641137,42.5,0.5028258072724747,0.6633804066803495,0.5836218483108189
humidity,4,4.0,8,sample,4.560106559797819,8.273118591562453,0.08111622510011447,42.5,0.053648312468209634,0.24013991751494831,1.7353165460453834
humidity,4,4.0,8,budget_absorption,35.97406031142286,50.21576622223245,0.657167832653566,42.5,0.423224238957916,0.11614356519722949,2.528704107303965
humidity,4,4.0,10,uniform,53.91065452594688,77.03186638491073,0.9848303940409554,53.125,0.6342429944229044,0.6310690469323488,0.7419777944736412
humidity,4,4.0,10,sample,8.753233837725869,11.783687130083292,0.15490068374722413,53.125,0.10297922162030435,0.5276174330804377,1.469707383519426
humidity,4,4.0,10,budget_absorption,22.480134660879163,28.289912325851716,0.4106631624276039,53.125,0.2644721724809313,0.10615150645949595,2.7826193978391753
humidity,4,4.0,12,uniform,61.34809374861757,86.45210912409128,1.1206962310397093,63.75,0.7217422793955008,0.8989034971114671,0.6343342960312254
humidity,4,4.0,12,sample,7.733693571333608,11.958409508731226,0.13634148279621486,63.75,0.09098463025098362,0.5499234174454074,1.5973781104400817
humidity,4,4.0,12,budget_absorption,17.667363459399184,26.008135453339538,0.32274430111047286,63.75,0.20785133481646098,0.24910484949929854,1.961030633755358
